rang,hoofdcategorie,subcategorie,l2_id,score,aanbod,nieuw_per_dag,looptijd_dagen,verzendbaar,mediane_prijs,p25,p75,aandeel_met_prijs,aandeel_bieden_zonder_prijs,merk_veld,merk_ingevuld,aantal_merken,grootste_merken,nieuw,gebruikt,niet_werkend,filters
1,"Audio, Tv en Foto",Fotografie | Lenzen en Objectieven,495,89.9,8798,229.3,38,0.76,300.0,152.5,800.0,0.87,0.13,brandLens,0.59,18,Canon; Nikon; Sigma; Sony; Tamron,0.05,0.89,0.004,type brandLens focalLength lensMount properties
2,Telecommunicatie,Mobiele telefoons | Apple iPhone,1953,89.1,18025,689.0,26,0.61,300.0,195.0,700.0,0.87,0.13,type,0.8,54,iPhone 13; iPhone 11; iPhone 15; iPhone 12; iPhone 14,0.08,0.85,0.027,storage subscription simlock type battery health color
3,Computers en Software,Apple iPads,2722,88.6,4442,131.3,34,0.67,312.5,87.5,552.5,0.83,0.13,model,0.83,4,Apple iPad; Apple iPad Air; Apple iPad Pro; Apple iPad Mini,0.12,0.79,0.034,model internet screenSize capacity color
4,Spelcomputers en Games,Spelcomputers | Nintendo Switch,2943,88.3,7751,224.4,35,0.67,225.0,174.995,404.5,0.83,0.13,model,0.75,3,Switch Original; Switch OLED; Switch 2019 Upgrade,0.11,0.85,0.002,model controllers properties
5,Telecommunicatie,Mobiele telefoons | Oordopjes,1956,87.0,3130,71.9,44,0.84,35.0,30.0,48.75,0.93,0.03,brandEarphones,0.45,17,Apple; Samsung; JBL; Sony; Huawei,0.4,0.53,0.006,type brandEarphones colorEarphones properties
6,"Audio, Tv en Foto",Fotocamera's Digitaal,487,86.5,11452,315.7,36,0.71,375.0,231.25,530.0,0.73,0.27,brand,0.82,16,Canon; Sony; Nikon; Olympus; Panasonic,0.06,0.87,0.012,type megapixels brand opticalZoom featuresDigitalCamera includedDigitalCamera
7,Kleding | Dames,Jassen | Winter,2784,85.9,26945,712.6,38,0.88,100.0,50.0,150.0,0.87,0.13,clothingBrand,0.19,299,Zara; H&M; Only; Airforce; C&A,0.17,0.62,0.0,clothingBrand size color
8,Postzegels en Munten,Edelmetalen en Baren,2793,85.9,2945,100.9,29,0.93,80.0,68.95,5800.0,0.9,0.1,,,0,,,,,material
9,Kleding | Heren,Truien en Vesten,652,85.8,24869,548.9,45,0.94,40.0,21.25,47.5,0.87,0.1,brand_mens_clothing,0.24,299,Tommy Hilfiger; Nike; Jack & Jones; Ralph Lauren; Polo Ralph Lauren,0.19,0.56,0.0,size brand_mens_clothing color
10,Auto-onderdelen,Remmen en Aandrijving,2916,85.8,34332,291.1,118,0.88,60.0,39.84,124.75,0.93,0.07,brand,0.89,60,Volkswagen; BMW; Mercedes-Benz; Audi; Opel,0.15,0.83,0.0,brand
11,Computers en Software,Harde schijven,333,85.7,4623,130.0,36,0.86,100.0,22.5,355.0,0.87,0.1,,,0,,0.17,0.73,0.006,intendedFor kind type connection
12,Hobby en Vrije tijd,Modeltreinen | N-Spoor,2627,85.5,4929,129.9,38,0.95,150.0,111.25,200.0,0.6,0.13,brand,0.52,8,Fleischmann; Trix; Arnold; Roco; Lima,0.19,0.76,0.0,type kind brand properties
13,Hobby en Vrije tijd,Modelauto's | 1:18,921,85.3,18915,288.6,66,0.94,140.0,65.0,180.0,0.8,0.2,brand,0.59,16,Norev; Bburago; OttOMobile; Solido; Maisto,0.56,0.41,0.0,type brand
14,Spelcomputers en Games,Spelcomputers | Nintendo DS,1655,85.1,719,22.9,31,0.83,50.0,39.9875,80.0,0.73,0.27,model,0.86,4,DS Lite; Dsi; DS Original of Phat; Dsi XL,0.03,0.88,0.014,model color properties
15,Sport en Fitness,Loopsport en Atletiek,799,85.0,6833,133.1,51,0.8,90.0,50.0,125.0,0.83,0.13,brand,0.43,5,Nike; Asics; Adidas; Saucony; Reebok,0.29,0.65,0.0,type kind brand
16,Computers en Software,Apple Macbooks,325,84.8,4113,126.3,33,0.58,325.0,172.5,775.0,0.8,0.2,model,0.94,3,MacBook Pro; MacBook Air; MacBook,0.04,0.86,0.038,model screenSize processorSpeed harddisk memoryRAM keyboardtype
17,Auto-onderdelen,Brandstofsystemen,2908,84.8,10136,105.3,96,0.88,89.44,39.5,175.0,0.87,0.13,brand,0.84,60,BMW; Volkswagen; Mercedes-Benz; Audi; Opel,0.12,0.82,0.0,brand
18,"Sieraden, Tassen en Uiterlijk",Sporthorloges,3045,84.7,3251,89.0,37,0.86,195.0,80.0,300.0,0.83,0.17,,,0,,0.3,0.64,0.0,operatingSystem color measures caracteristics
19,Auto-onderdelen,Spiegels,2918,84.7,16425,252.1,65,0.88,130.0,58.75,422.0,0.8,0.17,brand,0.76,60,Volkswagen; BMW; Mercedes-Benz; Opel; Audi,0.12,0.83,0.0,brand
20,Auto-onderdelen,Uitlaatsystemen,2920,84.5,11192,201.9,55,0.72,150.0,12.5,449.0,0.9,0.1,brand,0.89,60,Volkswagen; Mercedes-Benz; BMW; Audi; Opel,0.28,0.62,0.0,brand
21,Sport en Fitness,Tennis,813,84.1,5943,121.4,49,0.75,50.0,27.5,122.5,0.77,0.17,brand,0.57,8,Wilson; Babolat; Head; Dunlop; Prince,0.13,0.8,0.0,type brand gripsize
22,"Audio, Tv en Foto",Koptelefoons,37,83.8,12014,281.3,43,0.79,72.5,36.25,135.0,0.7,0.3,brand,0.52,24,Apple; JBL; Sony; Sennheiser; Jabra,0.34,0.61,0.006,type brand colorHeadphone properties
23,Spelcomputers en Games,Games | Nintendo Switch,2942,83.4,11303,337.3,34,0.87,120.0,36.5,160.0,0.77,0.03,,,0,,0.15,0.8,0.0,genre numberOfPlayers ageGroup multiplayerPossibilities suitable
24,"Audio, Tv en Foto",Drones,3057,83.2,3554,89.7,40,0.77,172.5,103.75,357.5,0.7,0.3,droneBrand,0.49,10,DJI; Parrot; Potensic; Syma; Hubsan,0.22,0.67,0.011,droneType droneCamera droneBrand droneWeight droneFlightTime droneRange droneFeatures
25,Kinderen en Baby's,Speelgoed | Duplo en Lego,611,83.0,129618,2268.0,57,0.88,250.0,12.5,432.5,0.57,0.27,brand,0.82,3,Lego; Duplo; Lego Primo,0.3,0.67,0.0,brand type themeLego propertiesLego
26,Telecommunicatie,Mobiele telefoons | Samsung,841,83.0,6992,266.1,26,0.63,350.0,200.0,512.5,0.67,0.33,model,0.65,15,Galaxy A; Galaxy S24; Galaxy S23; Galaxy Z Flip; Galaxy S22,0.14,0.76,0.018,model Opslagcapaciteit subscription simlock operatingSystem cameraResolution color properties
27,Computers en Software,Processors,343,82.7,2399,60.6,40,0.84,50.0,20.0,75.0,0.87,0.13,,,0,,0.11,0.8,0.005,speed properties
28,"Audio, Tv en Foto",Fotografie | Flitsers,489,82.6,2234,53.7,42,0.81,49.99,15.0,120.0,0.63,0.27,brand,0.55,20,Canon; Metz; Nikon; Godox; Philips,0.1,0.81,0.005,flashType brand suitableBrandFlash properties
29,Muziek en Instrumenten,Instrumenten | Onderdelen,1716,82.5,2988,68.9,43,0.88,150.0,65.0,276.5,1.0,0.0,,,0,,0.34,0.62,0.0,intendedFor
30,Sport en Fitness,Skiën en Langlaufen,808,82.5,7921,267.7,30,0.68,90.0,60.0,295.0,0.73,0.27,brand,0.44,7,Atomic; Salomon; Head; Fischer; Rossignol,0.17,0.8,0.0,type kind brand skiLength properties
31,"Audio, Tv en Foto",Fotocamera's Analoog,480,82.4,10315,213.1,48,0.82,50.0,22.25,82.5,0.73,0.23,brand,0.49,11,Canon; Minolta; Kodak; Olympus; Pentax,0.03,0.78,0.022,type brand
32,Kleding | Heren,Jassen | Winter,2788,82.4,14937,423.7,35,0.86,375.0,120.0,623.75,0.77,0.13,brand_mens_clothing,0.19,299,PME Legend; Jack & Jones; The North Face; Parajumpers; Tommy Hilfiger,0.21,0.57,0.0,size brand_mens_clothing color
33,Auto-onderdelen,Carrosserie en Plaatwerk,2909,82.1,199076,3022.6,66,0.82,350.0,47.5,525.0,0.67,0.23,brand,0.81,60,Mercedes-Benz; Volkswagen; BMW; Audi; Opel,0.1,0.87,0.0,partType brand montagePosition
34,Auto-onderdelen,Besturing,2907,81.8,22144,278.1,80,0.82,200.0,106.0,575.0,0.83,0.07,brand,0.76,60,Mercedes-Benz; BMW; Volkswagen; Audi; Opel,0.09,0.84,0.0,brand
35,Spelcomputers en Games,Spelcomputers | Nintendo Game Boy,346,81.7,869,31.1,28,0.81,99.0,75.0,125.0,0.67,0.33,model,0.61,6,Game Boy Color; Game Boy Advance; Game Boy Classic; Game Boy Advance SP; Game Boy Pocket,0.06,0.82,0.009,model properties
36,"Sieraden, Tassen en Uiterlijk",Horloges | Heren,1831,81.7,12386,288.4,43,0.78,175.0,60.0,355.0,0.77,0.23,brand,0.28,8,Rolex; Seiko; Casio; Breitling; Swatch,0.23,0.7,0.0,type brand material bandMaterial
37,Auto-onderdelen,Verlichting,2921,81.7,75993,1116.9,68,0.86,150.0,55.0,375.0,0.73,0.23,brand,0.86,60,Mercedes-Benz; Volkswagen; BMW; Audi; Opel,0.13,0.83,0.0,brand
38,Auto-onderdelen,Klein materiaal,2914,81.6,5685,92.6,61,0.82,117.5,23.75,242.0,0.73,0.2,brand,0.91,60,BMW; Volkswagen; Volvo; Audi; Mercedes-Benz,0.24,0.63,0.0,brand
39,Computers en Software,RAM geheugen,331,81.4,6792,165.7,41,0.85,100.0,20.0,150.0,0.77,0.1,,,0,,0.1,0.82,0.002,intendedFor capacity memoryType
40,Fietsen en Brommers,Brommeronderdelen | Scooters,719,81.4,20145,457.4,44,0.77,200.0,125.0,600.0,0.67,0.23,brand,0.59,9,Piaggio; Vespa; Peugeot; SYM; Kymco,0.14,0.76,0.0,brand type
41,Spelcomputers en Games,Games | Sony PlayStation 5,2952,81.2,8893,286.6,31,0.79,52.0,25.0,150.0,0.77,0.17,,,0,,0.16,0.76,0.001,genre numberOfPlayers ageGroup multiplayerPossibilities suitable
42,Spelcomputers en Games,Spelcomputers | Sony PlayStation 5,2954,81.2,1779,83.3,21,0.61,500.0,395.0,550.0,0.8,0.13,model,0.53,2,Playstation 5; Playstation 5 Digital,0.23,0.71,0.012,model
43,Sport en Fitness,Padel,3152,81.2,1693,51.1,33,0.85,80.0,61.25,103.74249999999999,0.87,0.1,,,0,,0.35,0.6,0.0,type
44,"Sieraden, Tassen en Uiterlijk",Smartwatches,3041,81.2,10962,271.3,40,0.72,187.0,81.25,323.5,0.9,0.1,,,0,,0.23,0.75,0.0,operatingSystem color measures caracteristics
45,Telecommunicatie,Mobiele telefoons | Overige merken,837,81.1,3643,97.0,38,0.72,275.0,200.0,474.5,0.8,0.2,model,0.24,3,Klassiek of Candybar; Inklapmodel; Schuifmodel,0.19,0.68,0.034,subscription simlock model cameraResolution
46,"Sieraden, Tassen en Uiterlijk",Activity trackers,3042,81.1,1270,34.6,37,0.84,89.0,40.0,200.0,0.87,0.13,,,0,,0.3,0.66,0.0,operatingSystem color caracteristics
47,Computers en Software,Android Tablets,2844,81.0,1846,66.6,28,0.67,120.0,50.0,260.0,0.87,0.13,,,0,,0.21,0.7,0.018,internet screenSize capacity properties
48,"Audio, Tv en Foto",Fotografie | Fototassen,1484,80.9,2635,60.1,44,0.78,40.0,25.0,95.0,0.63,0.37,brand,0.49,20,Lowepro; Case Logic; Vanguard; Canon; Think Tank,0.16,0.78,0.0,type brand colorCameraBag featuresCameraBag
49,Witgoed en Apparatuur,Koffiezetapparaten,545,80.7,18050,466.7,39,0.49,175.0,78.75,500.0,0.8,0.17,model,0.88,3,Koffiemachine; Espresso apparaat; Combi,0.1,0.78,0.022,model volume type properties
50,Hobby en Vrije tijd,Modeltreinen | H0,1238,80.7,24404,522.9,47,0.92,200.0,125.0,322.0,0.37,0.33,brand,0.7,10,Märklin; Fleischmann; Roco; Lima; Trix,0.24,0.69,0.0,type kind brand properties
51,Spelcomputers en Games,Spelcomputers | Sony PlayStation 3,1741,80.6,749,30.1,25,0.66,80.0,60.0,120.0,0.67,0.33,model,0.86,3,Slim; Phat; Super Slim,0.02,0.88,0.028,model harddisk controllers properties
52,Sport en Fitness,Schaatsen,806,80.6,8604,195.9,44,0.73,65.0,23.75,120.0,0.7,0.1,brand,0.46,6,Viking; Nijdam; Zandstra; Raps; Maple,0.17,0.79,0.0,type brand sizeOfSkates properties
53,Kleding | Dames,Schoenen,625,80.5,135591,2168.4,63,0.88,80.0,42.5,200.0,0.8,0.17,clothingBrand,0.18,299,Nike; Gabor; Skechers; Puma; Dr. Martens,0.28,0.47,0.0,size clothingBrand type color
54,Kleding | Dames,Wintersportkleding,2628,80.5,3108,79.0,39,0.84,45.0,25.0,90.0,0.8,0.2,clothingBrand,0.09,299,Protest; Crivit; O'Neill; Human Nature; Nikkie,0.16,0.57,0.0,clothingBrand clothingType size
55,Hobby en Vrije tijd,Modelauto's | 1:24,2746,80.0,5546,73.3,76,0.91,60.0,37.5,77.5,0.77,0.23,brand,0.44,6,Bburago; Maisto; Welly; Motormax; Jada,0.46,0.46,0.0,type brand
56,Kleding | Heren,T-shirts,651,80.0,33637,482.3,70,0.94,42.475,19.375,72.5,0.87,0.13,brand_mens_clothing,0.19,299,Nike; Adidas; Tommy Hilfiger; Jack & Jones; Gildan,0.3,0.44,0.0,size brand_mens_clothing color
57,"Audio, Tv en Foto",Actiecamera's,2834,79.9,2523,59.6,42,0.8,250.0,75.0,310.0,0.73,0.27,brand,0.4,6,GoPro; Sony; Rollei; Contour; ISAW,0.31,0.61,0.005,brand
58,"Audio, Tv en Foto",Videocamera's Digitaal,1131,79.8,2564,60.3,43,0.73,140.0,75.0,495.0,0.67,0.33,brand,0.45,7,Sony; Canon; JVC; Panasonic; Samsung,0.15,0.75,0.009,type kind brand opticalZoom properties
59,Dieren en Toebehoren,Paardrijkleding,1486,79.6,11567,175.4,66,0.84,75.0,21.2375,89.95,0.8,0.17,ridingClothingBrand,0.26,25,Harry's Horse; Horka; Fouganza; Red Horse; Epplejeck,0.28,0.62,0.0,type kind ridingClothingBrand ridingClothingSize ridingClothingColor ridingClothingShoeSize intendedFor ridingClothingProperties
60,Hobby en Vrije tijd,Modelbouw | Radiografisch | Auto's,2034,79.6,8300,153.6,54,0.84,122.5,36.25,268.75,0.8,0.17,,,0,,0.36,0.57,0.0,type engineType scale properties
61,Kleding | Heren,Wintersportkleding,2630,79.3,1130,38.1,30,0.85,75.0,40.0,100.0,0.77,0.2,brand_mens_clothing,0.12,299,Brunotti; Crivit; Protest; Icepeak; Decathlon,0.17,0.56,0.0,clothingType brand_mens_clothing size
62,Auto-onderdelen,Filters,2912,79.3,3082,34.0,91,0.89,49.975,21.4925,83.6875,0.8,0.13,brand,0.97,60,BMW; Volkswagen; Mercedes-Benz; Audi; Universele onderdelen,0.52,0.42,0.0,brand
63,Computers en Software,Videokaarten,353,79.2,3095,86.6,36,0.75,275.0,175.0,525.0,0.77,0.13,,,0,,0.07,0.85,0.012,chipset busType memoryType properties
64,Telecommunicatie,Mobiele telefoons | Hoesjes en Frontjes | Apple iPhone,829,79.2,7194,137.3,52,0.83,142.5,21.25,475.0,0.7,0.3,brandIphoneCases,0.28,20,Apple; Ideal of Sweden; Burga; Quad Lock; SP Connect,0.46,0.5,0.001,brandIphoneCases colorIphoneCases materialIphoneCases type propertiesIphoneCases model
65,Kleding | Heren,Schoenen,642,79.0,64698,1126.1,57,0.87,70.0,47.5,145.0,0.7,0.27,brand_mens_clothing,0.24,299,Nike; Adidas; Nike air max; Floris van Bommel; Nike Air Jordan,0.39,0.37,0.0,type size brand_mens_clothing color
66,"Audio, Tv en Foto",Videobewaking,1129,78.9,3597,77.7,46,0.79,632.495,300.0,1152.5,0.93,0.07,,,0,,0.49,0.45,0.003,type
67,"Sieraden, Tassen en Uiterlijk",Kettingen,18,78.9,29116,476.6,61,0.94,1550.0,568.75,3481.25,0.77,0.23,,,0,,0.45,0.49,0.0,material color properties
68,"Sieraden, Tassen en Uiterlijk",Horloges | Dames,16,78.8,8699,157.9,55,0.83,70.0,25.0,130.0,0.73,0.27,brand,0.21,9,Swatch; Guess; Seiko; Rolex; Fossil,0.21,0.71,0.0,type brand material bandMaterial properties
69,Computers en Software,Apple Desktops,324,78.7,2303,60.0,38,0.34,350.0,168.75,962.5,0.9,0.1,model,0.94,5,iMac; Mac Mini; Mac Pro; Powermac; iMac Pro,0.01,0.9,0.027,model type processorSpeed memoryRAM
70,"Sieraden, Tassen en Uiterlijk",Zonnebrillen en Brillen | Heren,645,78.6,7274,120.0,61,0.85,90.0,45.0,300.0,0.73,0.27,brand,0.24,3,Ray-Ban; Oakley; Carrera,0.37,0.58,0.0,type brand color
71,Auto-onderdelen,Transmissie en Toebehoren,2919,78.6,22620,271.9,83,0.66,220.0,55.0,499.99,0.97,0.03,brand,1,60,BMW; Volkswagen; Mercedes-Benz; Audi; Peugeot,0.11,0.81,0.0,brand
72,"Audio, Tv en Foto",Mediaspelers,2668,78.5,2273,76.1,30,0.84,55.0,25.0,97.5,0.67,0.3,,,0,,0.18,0.75,0.007,capacity connections
73,Spelcomputers en Games,Spelcomputers | Overige Accessoires,1657,78.5,3673,69.1,53,0.65,200.0,80.0,350.0,0.77,0.23,brandGameAccessories,0.49,20,Thrustmaster; Logitech; Nintendo; Playseat; Fanatec,0.16,0.81,0.006,typeGameAccessories brandGameAccessories platformGameAccessories propertiesGameAccessories
74,Verzamelen,Automaten | Jukeboxen,1626,78.5,3146,40.6,78,0.83,80.0,43.75,150.0,0.8,0.13,brand,0.89,4,Seeburg; Wurlitzer; Rock Ola; Ami,0.04,0.92,0.0,constructionYear brand properties
75,"Sieraden, Tassen en Uiterlijk",Tassen | Damestassen,626,78.5,39044,661.0,59,0.86,220.0,147.0,775.0,0.83,0.1,,,0,,0.32,0.63,0.0,type color
76,"Sieraden, Tassen en Uiterlijk",Ringen,22,78.5,17333,252.9,69,0.93,150.0,67.5,225.0,0.8,0.2,,,0,,0.38,0.52,0.0,intendedFor size color material properties
77,Doe-het-zelf en Verbouw,Thermostaten,3105,78.4,4201,101.4,41,0.81,57.5,35.0,88.75,0.83,0.13,,,0,,0.32,0.62,0.0,caracteristics
78,Motoren,Kleding | Motorkleding,689,78.4,21277,475.7,45,0.77,105.0,60.0,406.25,0.83,0.13,,,0,,0.0,0.0,0.0,clothingType intendedFor
79,Witgoed en Apparatuur,Stofzuigers,556,78.3,11415,286.0,40,0.56,60.0,32.5,212.5,0.83,0.17,brandVacuumCleaners,0.38,15,Dyson; Philips; iRobot; Miele; Kärcher,0.22,0.69,0.017,type brandVacuumCleaners power dustCollector propertiesVacuumCleaners
80,Kleding | Heren,Overige Herenkleding,650,78.3,6046,121.0,50,0.87,45.0,27.5,95.0,0.87,0.13,brand_mens_clothing,0.12,299,Nike; Adidas; Jack & Jones; Diverse merken; Black Bananas,0.32,0.38,0.0,brand_mens_clothing
81,Auto-onderdelen,Airco en Verwarming,2906,78.3,23243,313.7,74,0.65,41.0,24.89,150.0,0.93,0.07,brand,0.8,60,Volkswagen; BMW; Mercedes-Benz; Opel; Ford,0.06,0.92,0.0,brand
82,Spelcomputers en Games,Games | Sony PlayStation 1,367,78.2,3295,71.6,46,0.93,27.5,25.0,40.0,0.9,0.07,,,0,,0.03,0.94,0.002,genre numberOfPlayers ageGroup multiplayerPossibilities
83,Muziek en Instrumenten,Microfoons,757,78.2,5591,117.9,47,0.78,120.0,20.0,275.0,0.9,0.1,,,0,,0.26,0.69,0.0,type properties
84,Verzamelen,Dierenverzamelingen,902,78.1,10407,168.6,62,0.81,62.5,20.5,170.0,0.93,0.07,,,0,,0.18,0.74,0.0,type species
85,Computers en Software,E-readers,2620,78.0,881,37.1,24,0.84,130.0,55.0,150.0,0.67,0.3,,,0,,0.26,0.67,0.032,screenSize totalmemory properties
86,Fietsen en Brommers,Fietsaccessoires | Fietskleding,468,78.0,8620,147.3,59,0.86,35.0,17.5,60.0,0.87,0.13,,,0,,0.5,0.46,0.0,type size intendedFor
87,Cd's en Dvd's,Vinyl | Hiphop en Rap,1374,77.9,2024,45.1,45,0.94,36.0,10.625,50.0,0.77,0.23,,,0,,0.0,0.62,0.0,vinylEditionType cdSchlagersReleaseYear size propertiesVinylPop
88,Computers en Software,Routers en Modems,334,77.8,7045,153.4,46,0.82,69.95,50.0,155.0,0.83,0.17,,,0,,0.18,0.77,0.001,type
89,Antiek en Kunst,Kunst | Niet-Westerse kunst,1844,77.7,12071,249.9,48,0.84,175.0,82.5,337.5,0.7,0.27,,,0,,,,,typeNonWesternArt originNonWesternArt materialNonWesternArt colorNonWesternArt heightNonWesternArt featuresNonWesternArt
90,Muziek en Instrumenten,Effecten,744,77.7,6230,168.0,37,0.85,160.0,60.0,366.0,0.73,0.23,,,0,,0.12,0.84,0.0,type
91,Hobby en Vrije tijd,Wargaming,1449,77.7,6586,117.4,56,0.97,39.0,29.0,50.0,0.77,0.17,,,0,,0.22,0.53,0.0,kind type properties
92,Verzamelen,Star Wars,2819,77.6,8223,162.0,51,0.92,50.0,30.0,105.0,0.77,0.2,,,0,,0.43,0.45,0.0,type
93,Computers en Software,Windows Laptops,339,77.5,10105,314.7,32,0.65,550.0,350.0,675.0,0.8,0.13,,,0,,0.06,0.78,0.019,screenSize processorSpeed memoryRAM keyboardtype storagetype properties suitable
94,Spelcomputers en Games,Spelcomputers | Xbox One,2896,77.5,891,32.4,27,0.57,100.0,85.0,131.25,0.67,0.27,model,0.71,4,Xbox One S; Xbox One; Xbox One X; Xbox One S All-digital,0.01,0.93,0.006,model memory controllers properties
95,Kleding | Heren,Bodywarmers,2032,77.5,1732,38.0,46,0.87,80.0,25.0,150.0,0.8,0.2,brand_mens_clothing,0.12,299,Moncler; The North Face; Jack & Jones; Lacoste; Canada Goose,0.29,0.57,0.0,size brand_mens_clothing color
96,"Audio, Tv en Foto",Fotografie | Statieven en Balhoofden,500,77.4,4024,85.1,47,0.69,57.5,35.0,75.0,0.7,0.3,brandTripod,0.38,20,Manfrotto; Velbon; Hama; Vanguard; DJI,0.14,0.8,0.0,type maximumHeight brandTripod properties
97,Kleding | Heren,Jassen | Zomer,647,77.4,12500,215.7,58,0.88,80.0,48.75,111.25,0.73,0.27,brand_mens_clothing,0.18,299,Nike; PME Legend; Jack & Jones; Adidas; The North Face,0.21,0.55,0.0,size brand_mens_clothing color
98,Computers en Software,WiFi-versterkers,3024,77.3,2142,66.3,32,0.8,50.0,20.0,100.0,0.8,0.2,,,0,,0.22,0.68,0.0,
99,Motoren,Kleding | Motorhelmen,1899,77.3,8292,172.1,48,0.72,105.0,52.5,200.0,0.73,0.27,brand,0.26,8,HJC; Shark; Shoei; Nolan; Arai,0.0,0.0,0.0,helmetType helmet size brand intendedFor
100,Hobby en Vrije tijd,Modelauto's | 1:50,2033,77.3,18009,329.4,55,0.96,87.5,2.375,211.25,0.4,0.53,brand,0.81,11,Wsi; Tekno; Lion Toys; SIKU; Corgi,0.47,0.48,0.0,type brand
101,Kleding | Dames,Jassen | Zomer,630,77.1,19428,306.3,63,0.91,35.0,9.5,46.25,0.83,0.17,clothingBrand,0.19,299,Zara; Only; H&M; Vero Moda; Bershka,0.18,0.6,0.0,size clothingBrand color
102,Kleding | Heren,Carnavalskleding en Feestkleding,2031,77.1,2642,66.9,40,0.85,34.5,21.25,65.0,0.73,0.27,brand_mens_clothing,0.01,299,C&A; John Cabot; Meindl; Geen merk; Adidas,0.33,0.41,0.0,type theme brand_mens_clothing size
103,Fietsen en Brommers,Fietsonderdelen,462,77.0,26462,659.6,40,0.74,120.0,29.98,447.5,0.73,0.27,,,0,,0.28,0.6,0.0,type materialBikeParts suitableForBikeType
104,"Sieraden, Tassen en Uiterlijk",Tassen | Schoudertassen,1840,76.9,10130,163.9,62,0.86,72.5,27.5,312.5,0.8,0.2,brand,0.02,4,Kipling; Oilily; Esprit; Björn Borg,0.3,0.64,0.0,brand color properties
105,Muziek en Instrumenten,Synthesizers,777,76.8,1384,36.1,38,0.63,435.0,197.5,725.0,0.8,0.13,brand,0.38,6,Roland; Korg; Yamaha; Novation; Kawai,0.05,0.9,0.0,numberOfKeys brand properties
106,Verzamelen,Militaria | Algemeen,920,76.8,24172,423.7,57,0.91,92.0,44.95,125.0,0.67,0.23,,,0,,,,,kind type region
107,Hobby en Vrije tijd,Modelauto's | 1:43,1972,76.8,36009,496.1,73,0.97,63.5,25.875,97.75,0.67,0.3,brand,0.39,14,MiniChamps; Dinky Toys; Norev; Solido; Corgi,0.41,0.53,0.0,type brand
108,Auto-onderdelen,Interieur en Bekleding,2913,76.8,50844,960.1,53,0.6,77.5,31.25,218.75,0.77,0.17,brand,0.7,60,BMW; Volkswagen; Mercedes-Benz; Audi; Opel,0.09,0.86,0.0,brand
109,Auto-onderdelen,Ophanging en Onderstel,2923,76.8,46001,498.7,92,0.73,180.0,100.0,300.0,0.77,0.23,brand,0.84,60,BMW; Volkswagen; Mercedes-Benz; Audi; Opel,0.09,0.88,0.0,brand
110,Spelcomputers en Games,Spelcomputers | Xbox Series X en S,2955,76.7,500,23.3,21,0.62,314.995,218.75,611.25,0.8,0.2,model,0.63,2,Xbox Series X; Xbox Series S,0.1,0.86,0.004,model
111,Spelcomputers en Games,Games | Nintendo Switch 2,3247,76.7,57,8.1,7,0.89,44.95,39.95,53.95,0.93,0.07,,,0,,0.44,0.49,0.0,genre numberOfPlayers ageGroup multiplayerPossibilities suitable
112,Huis en Inrichting,Keuken | Keukenbenodigdheden,1257,76.6,55036,1188.3,46,0.74,125.0,65.0,462.5,0.77,0.17,brandKitchenware,0.08,17,IKEA; Blond Amsterdam; Brabantia; Riviera Maison; Alessi,0.35,0.56,0.0,typeKitchenware brandKitchenware materialKitchenware colorKitchenware
113,Kleding | Dames,Carnavalskleding en Feestkleding,623,76.6,5493,129.0,43,0.85,37.5,15.0,187.5,0.67,0.2,clothingBrand,0.02,299,Handgemaakt; H&M; C&A; Shein; Esmara,0.31,0.49,0.0,type clothingBrand theme size
114,Sport en Fitness,Darts,791,76.6,5156,124.0,42,0.81,60.0,32.5,92.5,0.77,0.2,,,0,,0.29,0.66,0.0,type properties
115,"Audio, Tv en Foto",Luidsprekers,38,76.5,25282,737.9,34,0.52,70.0,28.75,525.0,0.77,0.2,brand,0.39,25,JBL; Sonos; Bose; Bowers & Wilkins (B&W); Philips,0.16,0.75,0.005,type power brand featuresSpeaker
116,Caravans en Kamperen,Kampeergereedschap,1922,76.5,2380,54.1,44,0.9,154.95,57.45,219.975,0.77,0.23,,,0,,0.39,0.51,0.0,
117,Kleding | Dames,Truien en Vesten,640,76.5,48853,962.7,51,0.96,30.0,19.625,50.0,0.8,0.1,clothingBrand,0.25,299,H&M; Zara; Only; Vero Moda; Esprit,0.2,0.6,0.0,size clothingBrand color
118,Hobby en Vrije tijd,Modeltreinen | Overige schalen,2756,76.5,2834,57.7,49,0.85,30.0,19.375,67.4625,0.67,0.33,brand,0.48,3,Märklin; LGB; Fleischmann,0.22,0.69,0.0,type kind brand properties
119,"Audio, Tv en Foto","Walkmans, Discmans en Minidiscspelers",47,76.4,1229,31.9,39,0.86,47.0,28.125,99.75,0.83,0.17,,,0,,,,,type
120,Spelcomputers en Games,Games | Nintendo Game Boy,363,76.4,5869,100.4,58,0.89,60.0,26.25,95.0,0.67,0.3,,,0,,0.02,0.93,0.002,genre numberOfPlayers ageGroup multiplayerPossibilities
121,Spelcomputers en Games,Games | Nintendo DS,1659,76.4,4210,88.7,47,0.91,25.0,7.99,60.0,0.9,0.1,,,0,,0.03,0.9,0.0,genre numberOfPlayers ageGroup multiplayerPossibilities
122,Kleding | Dames,"Jasjes, Kostuums en Pakken",1494,76.4,27809,518.6,54,0.94,25.0,15.75,36.875,0.87,0.13,clothingBrand,0.24,299,H&M; Zara; Studio Anneloes; Only; Miss Etam,0.22,0.66,0.0,clothingType size clothingBrand color
123,Spelcomputers en Games,Spelcomputers | Sony PlayStation 4,2894,76.3,4015,113.1,35,0.58,100.0,80.0,130.0,0.53,0.47,model,0.88,3,Original; Slim; Pro,0.01,0.94,0.006,model memory controllers properties
124,Fietsen en Brommers,Scooters | Piaggio,2740,76.3,4803,169.6,28,0.31,2375.0,1575.0,2975.0,0.9,0.1,model,0.62,3,Zip; Fly; NRG,0.03,0.89,0.0,constructionYear mileage model maximum speed fuel engineDisplacement
125,Computers en Software,Muizen,1727,76.2,3282,78.3,42,0.8,30.0,21.25,56.25,0.87,0.1,,,0,,0.26,0.69,0.003,type connection sort properties
126,Computers en Software,Moederborden,335,76.2,1969,41.9,47,0.83,67.5,51.25,120.0,0.8,0.17,,,0,,0.13,0.76,0.025,processorType memoryType
127,Spelcomputers en Games,Spelcomputers | Sony PSP,1656,76.2,415,14.7,28,0.75,85.0,35.0,150.0,0.63,0.37,model,0.65,4,PSP; PSP 3000; PSP Slim; PSP Go,0.05,0.82,0.017,model color properties
128,Auto diversen,Autonavigatie,53,76.1,4432,146.6,30,0.78,150.0,100.0,290.0,0.77,0.2,,,0,,0.23,0.67,0.0,
129,Fietsen en Brommers,Fietsen | Dames | Moederfietsen,1916,76.1,2256,77.9,29,0.18,220.0,70.0,350.0,0.9,0.1,brand,0.51,4,Gazelle; Sparta; Batavus; Giant,0.03,0.92,0.0,brand frameHeight numberOfChildrenSeats brakeType properties
130,Fietsen en Brommers,Fietsaccessoires | Fietscomputers,3112,76.0,2793,81.9,34,0.81,72.5,42.5,145.0,0.7,0.3,,,0,,0.23,0.67,0.0,caracteristics
131,Kleding | Dames,Gelegenheidskleding,2134,76.0,9676,136.7,71,0.84,45.0,9.5,76.25,0.8,0.2,clothingBrand,0.04,299,H&M; Steps; Zara; Handgemaakt; Joseph Ribkoff,0.27,0.67,0.0,clothingBrand clothingType size color
132,Fietsen en Brommers,Brommeronderdelen | Algemeen,712,75.9,10015,199.4,50,0.79,85.0,23.375,500.0,0.83,0.17,,,0,,0.19,0.66,0.0,type
133,Watersport en Boten,Kitesurfen,1404,75.9,2246,47.6,47,0.65,750.0,150.0,1200.0,0.9,0.07,,,0,,0.07,0.88,0.0,type surfaceAreaKite typeboard
134,Kleding | Heren,Kostuums en Colberts,648,75.9,6905,115.7,60,0.88,60.0,47.4925,96.75,0.7,0.3,brand_mens_clothing,0.17,299,Suitsupply; Hugo Boss; WE; Van Gils; H&M,0.19,0.67,0.0,size brand_mens_clothing color
135,"Sieraden, Tassen en Uiterlijk",Uiterlijk | Parfum,1835,75.9,30006,595.0,50,0.93,55.0,28.4925,98.75,0.77,0.07,,,0,,0.59,0.36,0.0,
136,Doe-het-zelf en Verbouw,Elektra en Kabels,1867,75.8,22808,468.3,49,0.73,397.5,150.0,543.75,0.77,0.2,brandElectricalCable,0.2,20,ABB; Hager; Eaton; Schneider Electric; Gira,0.39,0.51,0.0,type brandElectricalCable
137,"Sieraden, Tassen en Uiterlijk",Zonnebrillen en Brillen | Dames,627,75.8,10512,118.0,89,0.86,100.0,75.0,255.0,0.73,0.27,brand,0.22,7,Ray-Ban; Prada; Christian Dior; Gianni Versace; Dolce & Gabbana,0.31,0.63,0.0,type brand color
138,"Audio, Tv en Foto",Platenspelers,42,75.7,6490,146.1,44,0.6,60.0,32.5,262.5,0.77,0.2,brand,0.4,7,Thorens; Philips; Technics; Dual; Sony,0.22,0.63,0.022,type brand properties
139,Auto diversen,Achteruitrijcamera's,3063,75.7,798,48.9,16,0.84,50.0,30.0,140.0,0.7,0.2,,,0,,0.78,0.16,0.0,caracteristics
140,Kleding | Dames,Jurken,631,75.7,96589,1329.0,73,0.95,45.0,25.0,80.0,0.67,0.33,clothingBrand,0.22,299,H&M; King Louie; Zara; Shein; Steps,0.24,0.64,0.0,size clothingBrand color length
141,Motoren,Onderdelen | Kawasaki,2022,75.6,3243,64.0,51,0.8,93.5,49.75,400.0,0.87,0.1,,,0,,0.25,0.59,0.0,
142,Sport en Fitness,Golf,794,75.6,12963,274.9,47,0.72,127.5,50.0,256.25,0.77,0.23,brand,0.19,4,Callaway; Ping; Mizuno; Cleveland,0.12,0.78,0.0,type brand
143,Antiek en Kunst,Kunst | Designobjecten,1508,75.5,5836,127.7,46,0.76,75.0,48.375,312.4625,0.7,0.23,,,0,,,,,typeDesignObject materialDesignObject colorDesignObject heightDesignObject featuresDesignObject
144,Auto's,Chevrolet,99,75.5,1100,43.1,25,0.0,2450.0,1474.5,16250.0,0.97,0.0,model,0.91,28,Spark; Aveo; Matiz; Corvette; Camaro,0.04,0.61,0.0,constructionYear mileage warranty model fuel range hybridType batteryChargeTime
145,Doe-het-zelf en Verbouw,Gereedschap | Handgereedschap,247,75.5,29471,646.0,46,0.69,104.5,38.5,200.0,0.83,0.17,brandHandTool,0.11,20,Gedore; Stanley; Makita; Bosch; Parkside,0.32,0.6,0.0,typeHandTool brandHandTool
146,Computers en Software,Toetsenborden,352,75.5,6354,145.4,44,0.75,45.004999999999995,40.0,135.0,0.7,0.27,,,0,,0.22,0.72,0.003,keyboardLayout connection properties
147,Auto's,Suzuki,154,75.3,3913,169.4,23,0.0,3500.0,2147.0,10972.5,0.97,0.0,model,0.98,19,Swift; Alto; Vitara; Ignis; S-Cross,0.04,0.76,0.0,constructionYear mileage warranty model fuel range hybridType batteryChargeTime
148,Spelcomputers en Games,Games | Nintendo NES,1731,75.3,1669,34.7,48,0.89,29.975,12.5,135.0,1.0,0.0,,,0,,0.02,0.94,0.0,genre numberOfPlayers ageGroup multiplayerPossibilities
149,Antiek en Kunst,Kunst | Etsen en Gravures,1105,75.2,16146,257.0,63,0.84,37.5,25.0,57.5,0.77,0.23,,,0,,,,,techniek onderwerp periode widthEtching heightEtching kenmerken
150,Fietsen en Brommers,Fietsen | Dames | Damesfietsen,447,75.2,25421,879.3,29,0.22,337.0,261.2475,425.0,1.0,0.0,brand,0.45,4,Gazelle; Batavus; Sparta; Giant,0.04,0.92,0.0,brand frameHeight brakeType properties
151,Telecommunicatie,Mobiele telefoons | Toebehoren en Onderdelen,1959,75.1,8221,131.1,63,0.85,95.0,20.0,308.75,0.77,0.17,,,0,,0.52,0.35,0.009,type suitableFor
152,"Sieraden, Tassen en Uiterlijk",Horloges | Antiek,4,75.1,3303,75.7,44,0.86,117.0,72.5,196.25,0.53,0.43,brand,0.15,7,Seiko; Omega; Citizen; Tissot; Longines,,,,type brand material age properties
153,Spelcomputers en Games,Spelcomputers | Sony PlayStation 2,1740,75.0,507,18.1,28,0.73,70.0,32.5,100.0,0.63,0.33,model,0.52,2,Slim; Phat,0.02,0.88,0.026,model color controllers properties
154,Antiek en Kunst,Antiek | Goud en Zilver,2614,74.8,9463,189.6,50,0.91,170.0,72.5,448.75,0.67,0.27,,,0,,,,,material
155,Doe-het-zelf en Verbouw,Alarmsystemen,1866,74.8,2673,51.3,52,0.8,37.5,22.5,75.0,0.77,0.23,,,0,,0.51,0.38,0.0,type typeDetection properties
156,Spelcomputers en Games,Spelcomputers | Sony PlayStation Consoles | Accessoires,2801,74.8,4101,109.0,38,0.62,150.0,65.0,205.0,0.83,0.17,,,0,,0.18,0.76,0.012,type suitableFor properties
157,Verzamelen,Pennenverzamelingen,929,74.8,2648,49.7,53,0.88,35.0,17.5,285.0,0.6,0.4,brand,0.36,6,Parker; Mont Blanc; Waterman; Sheaffer; Cross,0.25,0.63,0.0,type brand properties
158,Auto-onderdelen,Dashboard en Schakelaars,2910,74.8,48942,759.3,64,0.86,24.75,15.0,118.75,0.8,0.1,brand,0.75,60,BMW; Mercedes-Benz; Volkswagen; Opel; Audi,0.04,0.93,0.0,brand
159,Motoren,Onderdelen | Suzuki,2024,74.7,4117,69.7,59,0.83,50.0,33.75,136.0,0.87,0.07,,,0,,0.16,0.67,0.0,
160,Verzamelen,Parfumverzamelingen,928,74.7,8129,118.1,69,0.96,40.0,14.25,78.75,0.73,0.27,,,0,,0.35,0.58,0.0,type properties
161,Hobby en Vrije tijd,Knutselen,1240,74.7,23069,400.9,58,0.84,45.0,12.5,50.0,0.67,0.2,brandCrafting,0.04,11,ROKR; Pixelhobby; Cricut; Hama; Silhouette,0.63,0.3,0.0,type brandCrafting materialCrafting colorCrafting themeCrafting propertiesCrafting
162,Postzegels en Munten,Bankbiljetten | Nederland,1786,74.7,3486,63.7,55,0.94,27.5,15.5,85.0,0.93,0.07,,,0,,,,,type faceValue
163,Huis en Inrichting,Woonaccessoires | Wanddecoraties,2875,74.6,17104,340.4,50,0.67,40.0,25.0,137.5,0.8,0.2,,,0,,0.36,0.54,0.0,typeWallDecoration styleWallDecoration colorWallDecoration materialWallDecoration widthWallDecor heightWallDecor propertiesWallDecoration
164,Motoren,Onderdelen | BMW,2018,74.6,3459,69.3,50,0.83,105.0,35.625,225.0,0.8,0.2,,,0,,0.19,0.65,0.0,
165,"Audio, Tv en Foto",Fotografie | Professionele apparatuur,501,74.5,2761,53.0,52,0.7,149.0,91.88,362.5,0.77,0.2,brandProPhoto,0.28,25,DJI; Canon; Zhiyun; SmallRig; Nikon,0.15,0.79,0.003,typeProPhoto brandProPhoto
166,Dieren en Toebehoren,Paarden en Pony's | Hoofdstellen en Tuigage,1712,74.5,6347,112.6,56,0.86,50.0,20.0,85.0,0.57,0.33,bridleBrand,0.21,25,BR; Harry's Horse; Sprenger; Epplejeck; QHP,0.24,0.55,0.0,bridleType bridleDiscipline bridleBrand bridleHorseSize bridleColor bridleProperties
167,Kleding | Heren,Sportkleding,1779,74.5,19083,294.9,65,0.92,35.0,16.25,70.0,0.67,0.3,brand_mens_clothing,0.24,299,Nike; Adidas; Puma; Under Armour; Hummel,0.37,0.45,0.0,type brand_mens_clothing size color
168,Auto diversen,Autospeakers,56,74.4,6760,267.6,25,0.58,379.0,209.495,544.0,0.93,0.03,,,0,,0.4,0.5,0.0,
169,Spelcomputers en Games,Spelcomputers | Nintendo 2DS en 3DS,2892,74.4,701,25.9,27,0.79,180.0,134.995,224.99,0.7,0.3,,,0,,0.05,0.9,0.004,type color properties
170,Auto-onderdelen,Accu's en Toebehoren,2905,74.4,4335,78.4,55,,50.0,26.5,132.5,0.83,0.1,brand,0.88,60,Universele onderdelen; BMW; Mercedes-Benz; Volkswagen; Audi,0.28,0.57,0.0,brand
171,Doe-het-zelf en Verbouw,Gereedschap | Boormachines,242,74.2,11418,303.1,38,0.61,150.0,120.0,350.0,0.77,0.2,,,0,,0.19,0.72,0.0,type power properties
172,"Audio, Tv en Foto",Cd-spelers,35,74.1,2009,58.6,34,0.65,175.0,55.0,250.0,0.63,0.37,brand,0.45,6,Philips; Sony; Marantz; Pioneer; Technics,0.03,0.76,0.021,brand properties
173,Computers en Software,Desktop Pc's,328,74.1,7241,218.6,33,0.52,375.0,200.0,850.0,0.83,0.17,,,0,,0.07,0.81,0.006,processorSpeed memoryRAM storagetype properties_desktop_computers suitable
174,Hobby en Vrije tijd,Modelbouw | Radiografisch | Overige,2755,74.1,1956,56.7,34,0.85,39.95,30.2,212.5,0.67,0.3,,,0,,0.49,0.43,0.0,
175,"Audio, Tv en Foto",Cassettedecks,2036,74.0,1200,34.6,35,0.7,80.0,50.0,125.0,0.57,0.4,brand,0.46,7,Philips; Sony; Akai; JVC; Kenwood,,,,type brand properties
176,Boeken,Reisverhalen,1890,74.0,3428,45.9,75,0.96,39.99,5.0,57.25,0.87,0.1,,,0,,0.07,0.47,0.0,region
177,Hobby en Vrije tijd,Modelauto's | 1:87,2748,74.0,14021,240.3,58,0.97,14.95,12.95,24.45,0.87,0.13,brand,0.65,13,Herpa; Wiking; Brekina; Rietze; Matchbox,0.33,0.61,0.0,type brand
178,Dieren en Toebehoren,Paarden en Pony's | Dekens en Dekjes,2730,73.9,10682,205.0,52,0.86,75.0,45.0,96.25,0.47,0.37,brandPaddocks,0.3,19,Bucas; Harry's Horse; Lemieux; Amigo; Eskadron,0.23,0.65,0.0,type sizePaddocks brandPaddocks colorPaddocks materialPaddocks fillWeightHorseBlanket propertiesPaddocks
179,"Sieraden, Tassen en Uiterlijk",Edelstenen,903,73.9,7881,195.6,40,0.93,32.0,27.0,150.0,0.8,0.17,,,0,,0.58,0.29,0.0,
180,"Audio, Tv en Foto",Mp3-spelers | Apple iPod,40,73.8,610,23.4,26,0.84,75.0,28.75,100.0,0.63,0.33,,,0,,0.08,0.76,0.056,type capacity color properties
181,Kinderen en Baby's,Speelgoed | Bouwstenen,2157,73.8,35652,711.7,50,0.75,42.5,26.25,91.25,0.8,0.2,brand,0.06,4,K'nex; Megabloks; Abrick; Nopper,0.2,0.73,0.0,brand
182,"Audio, Tv en Foto",Optische apparatuur | Verrekijkers,503,73.7,2110,47.3,45,0.81,110.0,49.995000000000005,762.5,0.63,0.33,,,0,,0.18,0.7,0.004,type magnification properties
183,Auto-onderdelen,Vrachtwagen-onderdelen,88,73.7,11784,206.9,57,0.43,222.5,115.0,318.75,0.87,0.1,brand,0.61,9,DAF; Scania; Volvo; Mercedes-Benz; MAN,0.34,0.59,0.0,brand partType
184,"Audio, Tv en Foto",Fotografie | Filters,1720,73.6,2599,54.4,48,0.89,20.0,4.9625,68.75,0.8,0.13,brand,0.38,19,B+W; Cokin; Hoya; Hama; Nikon,0.27,0.64,0.0,type size brand featuresFilter
185,Spelcomputers en Games,Spelcomputers | Nintendo Wii,1628,73.6,1683,51.3,33,0.71,60.0,40.0,87.5,0.7,0.3,,,0,,0.04,0.91,0.007,controllers properties
186,Huis en Inrichting,Woonaccessoires | Kunstplanten en Kunstbloemen,3121,73.5,7098,151.7,47,0.62,60.0,35.0,164.95,0.8,0.13,brandArtificialPlants,0.06,10,Silk-ka; Intratuin; Countryfield; IKEA; Clayre & Eef,0.43,0.48,0.0,typeArtificialPlants colorArtificialPlants materialArtificialPlants brandArtificialPlants heightArtificialPlants propertiesArtificialPlants suitableFor
187,Postzegels en Munten,Munten | Oceanië,1796,73.5,975,20.1,48,0.99,75.0,50.0,200.0,0.8,0.2,,,0,,,,,type properties
188,"Audio, Tv en Foto",Versterkers en Receivers,46,73.4,8030,222.1,36,0.54,250.0,70.0,675.0,0.67,0.23,brand,0.36,7,Marantz; Denon; Pioneer; Sony; Onkyo,0.05,0.82,0.014,speakerSystem power brand
189,Kinderen en Baby's,Babyfoons,567,73.4,1515,39.3,39,0.73,52.5,23.125,106.25,0.77,0.23,,,0,,0.18,0.75,0.0,maximumRange properties
190,Kleding | Heren,Overhemden,649,73.4,16634,284.4,58,0.95,30.0,15.0,50.0,0.67,0.3,brand_mens_clothing,0.29,299,Tommy Hilfiger; State of Art; PME Legend; Ralph Lauren; Scotch & Soda,0.18,0.66,0.0,neckWidth brand_mens_clothing color
191,"Audio, Tv en Foto",Audiokabels en Televisiekabels,1106,73.3,7746,154.1,50,0.87,204.5,74.75,600.0,0.6,0.13,,,0,,0.44,0.51,0.001,type length
192,Watersport en Boten,Hengelsport | Roofvissen,2823,73.3,5176,122.9,42,0.81,52.5,31.2375,117.5,0.67,0.27,,,0,,0.54,0.36,0.0,type
193,Boeken,Kunst en Cultuur | Fotografie en Design,217,73.2,10901,173.9,63,0.93,55.0,32.5,75.0,0.7,0.23,,,0,,0.08,0.56,0.0,subject yearOriginal
194,Dieren en Toebehoren,Katten en Kittens | Overige Katten,406,73.2,2463,101.6,24,,185.0,50.0,525.0,0.8,0.1,,,0,,,,,type gender age
195,Fietsen en Brommers,Elektrische fietsen,451,73.2,21680,816.6,27,0.27,1549.0,885.5,2671.0,0.93,0.07,brand,0.31,15,Gazelle; Sparta; Batavus; Giant; Cortina,0.16,0.75,0.0,brand frameHeight maximumDistance
196,"Audio, Tv en Foto",Televisies,1120,73.0,16698,477.3,35,0.26,150.0,77.5,250.0,0.73,0.27,brand,0.76,11,Samsung; Philips; LG; Sony; Panasonic,0.04,0.84,0.031,type screenSize sharpness brand refreshRate properties
197,Dieren en Toebehoren,Paarden en Pony's | Zadels,416,72.9,2238,45.6,49,0.55,850.0,525.0,1297.5,0.83,0.03,saddleBrand,0.28,25,Wintec; Prestige; Anatomica; Hulsebos; Kentaur,0.05,0.83,0.0,kind saddleBrand saddleSeatSize saddleSeat saddleTreeSize saddleProperties
198,Kleding | Heren,Spijkerbroeken en Jeans,1497,72.9,19941,343.7,58,0.94,25.5,5.0,41.25,0.73,0.1,brand_mens_clothing,0.3,299,G-Star Raw; PME Legend; Jack & Jones; Diesel; Vanguard,0.22,0.53,0.0,jeansSize brand_mens_clothing color
199,Auto diversen,Laadpalen,3071,72.8,2374,64.0,37,0.65,224.5,123.75,250.0,0.8,0.17,,,0,,0.24,0.64,0.0,kind
200,Spelcomputers en Games,Games | Pc,365,72.8,9419,140.0,67,0.9,92.5,5.0,721.25,0.6,0.27,,,0,,0.07,0.86,0.0,genre numberOfPlayers ageGroup multiplayerPossibilities suitable
201,Muziek en Instrumenten,Keyboards,751,72.8,3767,90.4,42,0.38,150.0,60.0,425.0,0.8,0.2,brand,0.49,7,Yamaha; Casio; Roland; Korg; Medeli,0.06,0.87,0.0,numberOfKeys brand properties
202,Auto's,Seat,150,72.7,5850,245.7,24,0.0,4597.5,3208.75,13432.5,1.0,0.0,model,0.99,15,Ibiza; Leon; Arona; Ateca; Mii,0.02,0.77,0.0,constructionYear mileage warranty model fuel range hybridType batteryChargeTime
203,Telecommunicatie,Mobiele telefoons | Motorola,834,72.7,452,12.7,36,0.71,167.5,98.75,200.0,0.87,0.1,model,0.25,3,Inklapmodel; Klassiek of Candybar; Schuifmodel,0.13,0.72,0.029,subscription simlock model cameraResolution color properties
204,Auto-onderdelen,Banden en Velgen,65,72.7,43518,1003.7,43,0.48,1050.0,700.0,1745.0,0.9,0.07,,,0,,0.21,0.65,0.0,type season size width height tyreType
205,Auto-onderdelen,Overige Auto-onderdelen,2922,72.6,65979,619.9,106,0.83,320.0,28.75,1475.0,0.6,0.23,brand,0.54,60,Mercedes-Benz; Volkswagen; BMW; Audi; Opel,0.1,0.84,0.0,brand
206,"Sieraden, Tassen en Uiterlijk",Armbanden,1827,72.5,23154,336.0,69,0.93,260.0,82.5,738.0,0.6,0.33,,,0,,0.52,0.44,0.0,material color properties
207,Spelcomputers en Games,Games | Nintendo 2DS en 3DS,2887,72.4,2906,50.9,57,0.9,29.99,14.99,39.99,0.77,0.17,,,0,,0.1,0.83,0.0,genre numberOfPlayers ageGroup multiplayerPossibilities
208,Diversen,Braces,1347,72.4,1505,33.0,46,0.82,49.95,25.0,105.0,0.83,0.07,,,0,,0.34,0.48,0.0,
209,Kleding | Dames,Spijkerbroeken en Jeans,636,72.4,24513,402.9,61,0.95,17.5,9.375,31.25,0.93,0.03,clothingBrand,0.31,299,Levi's; H&M; G-STAR RAW; Zara; Only,0.2,0.58,0.0,jeansSize clothingBrand color
210,Motoren,Onderdelen | Harley-Davidson,2020,72.4,3254,72.4,45,0.73,150.0,125.0,175.0,0.8,0.13,,,0,,0.25,0.5,0.0,
211,Sport en Fitness,Wielrennen,792,72.4,5946,113.4,52,0.72,150.0,75.0,312.5,0.8,0.2,,,0,,0.3,0.62,0.0,type
212,Spelcomputers en Games,Spelcomputers | Overige,1743,72.3,3222,79.0,41,0.59,585.0,450.0,875.0,0.83,0.17,brandGamingConsoles,0.17,15,Nintendo; Valve; ASUS; Sony; Lenovo,0.13,0.8,0.011,brandGamingConsoles
213,Sport en Fitness,Bergsport en Wandelen,787,72.3,9048,142.0,64,0.79,49.75,32.5,146.25,0.8,0.17,,,0,,0.18,0.76,0.0,type
214,Spelcomputers en Games,Virtual Reality,2945,72.2,2016,54.0,37,0.66,250.0,185.0,320.0,0.73,0.27,,,0,,0.13,0.83,0.004,platform type
215,Diversen,Rekenmachines,3188,72.2,3319,66.9,50,0.82,67.5,58.75,80.0,0.67,0.33,,,0,,0.09,0.66,0.0,caracteristics
216,Huis en Inrichting,Lampen | Tafellampen,1260,72.2,25606,511.6,50,0.56,95.0,72.5,125.0,0.83,0.17,tafellampenMerk,0.12,20,IKEA; Light & Living; Philips; Riviera Maison; Artemide,0.09,0.76,0.0,heightTableLamp lampSocket tafellampenKleur tafellampenType tafellampenStijl tafellampenMerk material tafellampenEig
217,Witgoed en Apparatuur,Wasmachines,563,72.2,7668,262.1,29,0.27,150.0,96.25,287.5,0.7,0.23,model,0.64,2,Voorlader; Bovenlader,0.06,0.76,0.018,model volume height rpmCentrifuge properties
218,Telecommunicatie,Overige Telecommunicatie,844,72.2,2553,56.0,46,0.8,50.0,21.25,95.0,0.73,0.23,,,0,,0.44,0.42,0.005,
219,Antiek en Kunst,Kunst | Tekeningen en Foto's,26,72.1,9006,161.7,56,0.72,75.0,23.75,90.0,0.7,0.3,,,0,,,,,artworkType techniqueDrawingPhoto featuresDrawingPhoto
220,Cd's en Dvd's,Vinyl | Hardrock en Metal,2719,72.1,5395,77.6,70,0.97,30.0,24.99,44.99,0.8,0.2,,,0,,0.0,0.59,0.0,vinylEditionType cdSchlagersReleaseYear size cdHardrockGenre propertiesVinylPop
221,Auto diversen,Tuning en Styling,90,72.0,23589,249.3,95,0.9,50.0,30.0,134.95,0.8,0.13,,,0,,,,,
222,Dieren en Toebehoren,Katten en Kittens | Raskatten | Korthaar,407,72.0,1397,52.3,27,,787.5,319.25,998.75,0.8,0.0,,,0,,,,,gender age properties
223,Huis en Inrichting,Keuken | Servies,1262,72.0,76399,1399.1,55,0.75,132.5,71.75,312.5,0.63,0.27,serviesMerk,0.15,20,Blond Amsterdam; Wedgwood; Villeroy & Boch; Royal Boch; Jet by Ter Steege,0.21,0.69,0.0,type style material serviesMerk
224,Auto-onderdelen,Ruiten en Toebehoren,2917,72.0,35909,420.9,85,0.74,25.0,9.969999999999999,62.25,0.97,0.03,brand,0.9,60,Volkswagen; BMW; Opel; Mercedes-Benz; Ford,0.07,0.9,0.0,brand
225,"Audio, Tv en Foto",Karaoke-apparatuur,2833,71.9,1370,36.0,38,0.7,42.0,21.25,224.5,0.83,0.17,,,0,,0.45,0.44,0.0,type
226,Doe-het-zelf en Verbouw,Meetapparatuur,1399,71.9,4957,106.9,46,0.73,200.0,85.0,1000.0,0.73,0.23,,,0,,0.24,0.65,0.0,type
227,Motoren,Onderdelen | Yamaha,2025,71.9,5582,104.0,54,0.77,75.0,35.0,375.0,0.8,0.13,,,0,,0.22,0.57,0.0,
228,Auto-onderdelen,Motor en Toebehoren,2915,71.9,70445,990.1,71,0.8,200.0,75.0,1800.0,0.5,0.27,brand,0.79,60,Volkswagen; BMW; Mercedes-Benz; Audi; Ford,0.13,0.82,0.0,brand
229,Huis en Inrichting,Keuken | Textiel,1943,71.8,2021,42.9,47,0.89,21.9,21.9,21.9,1.0,0.0,keukentextielMerk,0.09,20,Bunzlau Castle; Riviera Maison; Hema; Clayre & Eef; DDDDD,0.57,0.35,0.0,type color keukentextielMateriaal keukentextielMerk keukentextielEigenschappen
230,Boeken,Auto's | Boeken,203,71.6,11208,167.3,67,0.94,20.0,12.5,25.0,0.77,0.2,carBrand,0.72,20,Algemeen; Volkswagen; Ferrari; Porsche; Citroën,0.12,0.36,0.0,carBrand yearOriginal
231,Auto diversen,Autoradio's,55,71.5,18243,359.4,51,0.8,80.0,50.0,150.0,0.73,0.27,,,0,,0.36,0.44,0.0,
232,Auto's,Daihatsu,105,71.5,524,22.6,23,0.0,1500.0,1222.5,2122.5,0.83,0.1,model,0.98,14,Cuore; Sirion; Terios; Materia; YRV,0.0,0.67,0.0,constructionYear mileage warranty model fuel range hybridType batteryChargeTime
233,Computers en Software,Netwerk switches,338,71.5,3749,78.4,48,0.78,50.0,25.0,97.5,0.73,0.23,,,0,,0.17,0.7,0.001,
234,Computers en Software,Navigatiesoftware,1477,71.5,514,12.1,42,0.82,43.5,32.9975,45.0,0.93,0.0,,,0,,0.6,0.31,0.002,type region
235,Hobby en Vrije tijd,Verzamelkaartspellen | Pokémon,930,71.5,177978,3684.0,48,0.89,355.0,152.25,1239.25,0.5,0.43,,,0,,0.29,0.66,0.0,type properties
236,Computers en Software,Printerbenodigdheden,1416,71.4,5570,99.3,56,0.84,40.0,35.0,97.5,0.67,0.23,,,0,,0.88,0.09,0.001,type
237,Sport en Fitness,Snowboarden,809,71.4,1881,59.0,32,0.6,224.5,103.75,349.25,0.77,0.2,,,0,,0.1,0.85,0.0,type
238,Auto diversen,Auto-accessoires,54,71.3,21443,456.0,47,0.71,350.0,40.0,750.0,0.8,0.17,,,0,,0.38,0.5,0.0,
239,"Sieraden, Tassen en Uiterlijk",Uiterlijk | Gezichtsverzorging,2632,71.2,9273,170.4,54,0.9,25.0,10.0,55.0,0.83,0.1,,,0,,0.79,0.16,0.0,type intendedFor
240,Huis en Inrichting,Stoffering | Vloerbedekking,1517,71.1,11827,241.6,49,0.53,39.95,14.995000000000001,64.95,0.83,0.07,,,0,,0.76,0.17,0.0,type surface color
241,Fietsen en Brommers,Fietsen | Heren | Herenfietsen,453,71.0,13021,484.9,27,0.21,175.0,115.0,262.5,0.77,0.2,brand,0.42,4,Gazelle; Batavus; Giant; Sparta,0.04,0.92,0.0,brand frameHeight brakeType properties
242,Muziek en Instrumenten,Dj-sets en Draaitafels,738,71.0,2598,63.7,41,0.46,552.5,287.5,899.25,0.7,0.2,brand,0.5,6,Pioneer; Numark; Denon; Reloop; Behringer,0.07,0.87,0.0,type brand
243,"Sieraden, Tassen en Uiterlijk",Kettinghangers,2136,71.0,9765,158.1,62,0.95,22.5,6.5,50.45,0.87,0.1,,,0,,0.47,0.45,0.0,material color representation properties
244,Dieren en Toebehoren,Paarden en Pony's | Overige Paardenspullen,413,70.9,8794,172.4,51,0.72,37.5,12.4875,132.5,0.8,0.1,,,0,,0.23,0.53,0.0,kind
245,Fietsen en Brommers,Scooters | Vespa,2741,70.8,2895,83.3,35,0.31,1400.0,837.25,2761.25,0.83,0.17,model,0.36,3,Vespa S; Vespa LX; Vespa LXV,0.04,0.9,0.0,constructionYear mileage model maximum speed fuel engineDisplacement
246,Fietsen en Brommers,Brommeronderdelen | Snorfietsen,720,70.8,1516,30.7,49,0.58,85.0,32.5,525.0,0.73,0.23,brand,0.55,9,Piaggio; Gilera; Vespa; Tomos; SYM,0.09,0.82,0.0,brand type
247,Witgoed en Apparatuur,Persoonlijke-verzorgingsapparatuur,554,70.7,9706,163.4,59,0.75,174.995,40.625,276.25,0.77,0.2,,,0,,0.33,0.6,0.003,type
248,Muziek en Instrumenten,Snaarinstrumenten | Gitaren | Elektrisch,748,70.7,3986,92.7,43,0.36,837.5,274.25,2217.5,0.87,0.1,brand,0.4,6,Fender; Ibanez; Gibson; Epiphone; Paul Reed Smith,0.07,0.88,0.0,kind brand properties
249,Telecommunicatie,Zenders en Ontvangers,855,70.7,2136,55.3,39,0.79,165.0,42.5,362.5,0.6,0.3,,,0,,0.19,0.63,0.012,type
250,Spelcomputers en Games,Spelcomputers | Xbox | Accessoires,2803,70.6,1340,35.9,37,0.69,45.0,30.0,60.0,0.73,0.27,,,0,,0.14,0.81,0.005,type suitableFor properties
251,Witgoed en Apparatuur,Wasdrogers,562,70.6,2868,111.0,26,0.28,125.0,75.0,150.0,0.63,0.33,model,0.63,2,Voorlader; Bovenlader,0.04,0.78,0.031,type model volume height properties
252,Sport en Fitness,Basketbal,786,70.6,2769,48.3,57,0.71,40.0,30.0,67.5,0.83,0.17,,,0,,0.25,0.66,0.0,type
253,Doe-het-zelf en Verbouw,Gereedschap | Slijpmachines,2733,70.5,3387,86.6,39,0.53,75.0,35.0,134.5,0.8,0.2,,,0,,0.21,0.65,0.0,type power
254,Huis en Inrichting,Deurbellen,3127,70.5,2114,42.7,49,0.76,45.0,30.0,65.0,0.7,0.27,,,0,,0.41,0.52,0.0,kind caracteristics
255,Kleding | Heren,Broeken en Pantalons,646,70.5,14000,208.9,67,0.93,27.5,8.125,65.0,0.77,0.23,brand_mens_clothing,0.23,299,Jack & Jones; Vanguard; H&M; Scotch & Soda; Tommy Hilfiger,0.28,0.51,0.0,size brand_mens_clothing color
256,Verzamelen,Mineralen en Fossielen,1387,70.4,17620,250.7,70,0.92,30.0,7.5,45.0,0.87,0.1,,,0,,,,,type
257,Verzamelen,Biermerken,1269,70.4,17218,312.7,55,0.84,39.95,,,0.13,0.8,brand,0.41,17,Heineken; Grolsch; Hertog Jan; Duvel; Amstel,0.37,0.56,0.0,type brand
258,Antiek en Kunst,Kunst | Schilderijen | Modern,1845,70.3,14543,245.9,59,0.54,139.5,73.75,250.0,0.87,0.13,,,0,,,,,subjectModernPainting techniqueModernPainting materialModernPainting featuresModernPainting
259,Auto's,Honda,114,70.3,983,43.1,23,0.0,4700.0,3750.0,8899.0,0.93,0.07,model,0.97,21,Civic; Jazz; CR-V; HR-V; Accord,0.03,0.71,0.0,constructionYear mileage warranty model fuel range hybridType batteryChargeTime
260,Computers en Software,Joysticks,3036,70.3,1472,39.7,37,0.64,90.0,50.0,180.0,0.87,0.13,,,0,,0.16,0.76,0.003,
261,Cd's en Dvd's,Cd's | Pop,1338,70.3,70194,914.6,77,0.95,70.0,55.0,125.0,0.57,0.2,,,0,,0.0,0.79,0.0,cdPopGenre cdSchlagersFormat cdSchlagersReleaseYear properties
262,"Audio, Tv en Foto",Fotografie | Fotostudio en Toebehoren,1400,70.2,2964,59.1,50,0.6,85.0,35.0,400.0,0.67,0.3,brandPhotoStudio,0.24,20,Falcon Eyes; Bresser; Godox; Elinchrom; Linkstar,0.23,0.7,0.0,type brandPhotoStudio featuresPhotoStudio
263,Boeken,Auto's | Folders en Tijdschriften,2692,70.2,51522,754.4,68,0.98,9.0,7.625,14.75,0.9,0.1,carBrand,0.7,20,Algemeen; Mercedes; Ford; Volkswagen; Renault,0.27,0.44,0.0,carBrand yearOriginal
264,Huis en Inrichting,Keuken | Tupperware,1512,70.2,11116,177.4,63,0.9,20.0,7.5,25.0,0.97,0.03,,,0,,0.35,0.55,0.0,type color inhoudTupperware tupperwEigenschappen
265,Hobby en Vrije tijd,Verzamelkaartspellen | Overige,1976,70.1,9303,179.6,52,0.91,30.0,0.825,102.5,0.73,0.27,,,0,,0.36,0.58,0.0,type properties
266,Spelcomputers en Games,Spelcomputers | Sega,348,70.0,274,4.6,60,0.85,89.95,50.0,150.0,0.77,0.23,model,0.9,4,Mega Drive; Saturn of Dreamcast; Master System; Game Gear,0.07,0.82,0.007,model controllers properties
267,Witgoed en Apparatuur,Strijkijzers en Strijkplanken,557,70.0,3193,73.0,44,0.51,50.0,15.0,180.0,0.9,0.07,,,0,,0.2,0.69,0.008,type
268,Kinderen en Baby's,Speelgoed | Playmobil,613,70.0,35952,623.4,58,0.83,30.0,18.125,50.0,0.73,0.2,,,0,,0.09,0.84,0.0,kindPlaymobil type series
269,Hobby en Vrije tijd,Metaaldetectors,1236,70.0,656,17.9,37,0.7,309.5,105.0,537.5,0.7,0.27,brand,0.28,8,Garrett; Minelab; XP; Tesoro; Fisher,0.32,0.58,0.0,detectionDepthCoins brand properties
270,"Audio, Tv en Foto",Blu-ray-spelers,2665,69.9,335,12.3,27,0.62,55.0,49.95,165.0,0.67,0.33,brand,0.64,5,Samsung; Sony; Panasonic; LG; Philips,0.02,0.86,0.018,brand properties
271,Hobby en Vrije tijd,Naaimachines en Toebehoren,1239,69.9,3595,90.0,40,0.5,125.0,60.0,287.5,0.67,0.33,brand,0.39,6,Singer; Pfaff; Bernina; Husqvarna; Lewenstein,0.13,0.79,0.0,type brand properties
272,Auto-onderdelen,Elektronica en Kabels,2911,69.9,66207,937.9,71,0.82,19.5,9.9525,71.25,0.83,0.17,brand,0.75,60,BMW; Mercedes-Benz; Volkswagen; Audi; Opel,0.06,0.92,0.0,brand
273,Fietsen en Brommers,Fietsen | Mountainbikes en ATB,460,69.8,15352,415.9,37,0.2,299.99,249.0,550.0,0.97,0.03,brand,0.22,4,Trek; Giant; Merida; Gazelle,0.06,0.88,0.0,intendedFor brand frameHeight Suspensie brakeType
274,Verzamelen,"Automerken, Motoren en Formule 1",909,69.8,16036,179.3,89,0.94,175.0,46.25,200.0,0.67,0.3,,,0,,0.3,0.64,0.0,type
275,Hobby en Vrije tijd,Verzamelkaartspellen | Yu-gi-Oh!,949,69.8,10838,176.3,61,0.89,360.0,,,0.53,0.43,,,0,,0.12,0.82,0.0,type properties
276,Huis en Inrichting,Stoffering | Tapijten en Kleden,533,69.7,26165,607.1,43,0.51,67.5,26.25,137.5,0.77,0.17,,,0,,0.24,0.71,0.0,width length shape color
277,Fietsen en Brommers,Brommeronderdelen | Oldtimers,2027,69.6,3473,86.3,40,0.83,81.99,47.0,335.0,0.37,0.53,brand,0.18,4,Yamaha; Puch; Sparta; Batavus,0.28,0.51,0.0,brand type
278,Kleding | Dames,Jumpsuits,2785,69.6,6353,75.9,84,0.94,25.0,13.0,45.0,0.87,0.13,clothingBrand,0.19,299,Studio Anneloes; Zara; H&M; Shein; Only,0.27,0.61,0.0,clothingBrand size color
279,Verzamelen,Swarovski,1388,69.6,3263,54.3,60,0.83,41.495000000000005,19.9925,73.75,0.67,0.33,,,0,,0.23,0.7,0.0,type
280,Witgoed en Apparatuur,Keukenmixers,543,69.5,4683,105.0,45,0.57,75.0,25.0,125.0,0.77,0.23,,,0,,0.23,0.7,0.006,volume speed properties
281,Boeken,Kookboeken,216,69.4,31588,558.9,57,0.92,19.99,8.75,36.25,0.83,0.17,,,0,,0.13,0.65,0.0,kitchen yearOriginal type properties
282,Spelcomputers en Games,Spelcomputers | Xbox 360,1629,69.3,414,15.9,26,0.69,85.0,50.0,96.25,0.5,0.43,model,0.53,5,360 S; 360 Arcade of Core; 360 Elite of Super Elite; 360 Pro of Premium; 360 E,0.02,0.84,0.034,memory model controllers properties
283,Fietsen en Brommers,Fietsen | Dames | Sportfietsen en Toerfietsen,448,69.3,2220,66.4,33,0.2,300.0,90.0,450.0,0.77,0.23,brand,0.39,4,Gazelle; Koga Miyata; Giant; Batavus,0.07,0.88,0.0,brand numberOfGears wheelSize frameHeight brakeType
284,Huis en Inrichting,Lampen | Losse lampen,2760,69.3,6211,136.0,46,0.69,27.5,11.100000000000001,142.5,0.73,0.2,losseLampenMerk,0.29,18,Philips; Osram; IKEA; Philips Hue; Calex,0.58,0.35,0.0,type powerEquivalent lampSocket losseLampenMerk losseLampenLichtkleur properties
285,Verzamelen,Automaten | Flipperkasten,1624,69.3,759,23.1,33,0.47,975.0,25.0,3525.0,0.67,0.3,brand,0.62,6,Williams; Bally; Stern; Gottlieb; Data East,0.11,0.82,0.0,kind type brand
286,"Audio, Tv en Foto",Radio's,43,69.2,5135,126.6,41,0.68,50.0,39.5,100.0,0.67,0.33,,,0,,0.13,0.71,0.032,type properties
287,"Audio, Tv en Foto",Stereo-sets,36,69.2,4295,122.1,35,0.46,50.0,25.0,250.0,0.57,0.43,brand,0.45,8,Philips; Sony; JVC; Pioneer; Bang & Olufsen,0.03,0.78,0.017,brand parts properties
288,Auto's,Fiat,111,69.2,6766,278.0,24,0.0,6100.0,4475.0,9375.0,0.97,0.03,model,0.98,37,500; Panda; 500C; Punto EVO; Punto,0.01,0.77,0.0,constructionYear mileage warranty model fuel range hybridType batteryChargeTime
289,Doe-het-zelf en Verbouw,Sanitair,266,69.2,23242,518.0,45,0.56,200.0,62.5,262.5,0.77,0.1,,,0,,0.6,0.34,0.0,type material
290,Huis en Inrichting,Stoffering | Behang,1669,69.2,7210,143.4,50,0.83,47.5,21.25,111.9975,0.5,0.13,behangMerk,0.09,18,Arte; Komar; Esta Home; Rasch; BN,,,,behangType surface behangMerk behangStijl behangPatroon color
291,Kinderen en Baby's,Babydragers en Draagdoeken,581,69.2,8014,127.1,63,0.65,55.0,32.5,82.5,0.73,0.23,brand,0.09,4,Baby Björn; Chicco; Lodger; Premaxx,0.1,0.84,0.0,type kind brand
292,Doe-het-zelf en Verbouw,Veiligheidskleding,3200,69.1,4993,85.6,58,0.77,55.0,35.0,87.5,0.73,0.27,,,0,,0.52,0.39,0.0,
293,Verzamelen,Poppen,931,69.1,17857,302.7,59,0.87,119.0,35.0,219.95,0.57,0.33,,,0,,0.12,0.79,0.0,type properties
294,"Audio, Tv en Foto",Videocamera's Analoog,1130,69.0,1084,26.0,42,0.79,50.0,26.875,100.0,0.67,0.3,,,0,,,,,type kind
295,Auto diversen,Autogereedschap,60,68.9,13659,313.0,44,0.71,250.0,25.0,1999.0,0.7,0.27,,,0,,0.57,0.3,0.0,
296,Postzegels en Munten,Postzegels | Volle albums en Verzamelingen,1816,68.9,6287,160.9,39,0.93,77.0,33.25,1246.75,0.37,0.43,,,0,,,,,region
297,"Sieraden, Tassen en Uiterlijk",Uiterlijk | Haarverzorging,1830,68.9,15516,264.6,59,0.84,200.0,92.5,299.25,0.6,0.33,,,0,,0.61,0.34,0.0,type
298,Verzamelen,Militaria | Tweede Wereldoorlog,2815,68.8,13912,242.6,57,0.94,42.5,15.0,175.0,0.4,0.5,,,0,,,,,kind type region
299,Huis en Inrichting,Lampen | Wandlampen,1622,68.7,9659,189.3,51,0.65,35.0,25.0,60.0,0.73,0.17,wandlampenMerk,0.08,20,IKEA; Philips; Qazqa; Lucide; Eglo,0.17,0.73,0.0,wandlampenType lampSocket wandlampenKleur wandlampenMerk material wandlampenEig
300,Sport en Fitness,Vechtsporten en Zelfverdediging,814,68.7,4714,80.1,59,0.67,50.0,30.0,80.0,0.67,0.3,,,0,,0.17,0.75,0.0,kind type clothingSize
301,Tuin en Terras,Haardhout,1351,68.7,6985,158.4,44,0.37,110.0,105.0,133.0,0.9,0.0,,,0,,,,,type kindOfTimber volume
302,Doe-het-zelf en Verbouw,"Verf, Beits en Lak",1875,68.6,6242,132.6,47,0.5,72.5,28.75,121.25,0.77,0.2,,,0,,0.67,0.24,0.0,type volume color
303,Dieren en Toebehoren,Katten en Kittens | Raskatten | Langhaar,1930,68.6,1018,40.4,25,,750.0,700.0,912.5,0.73,0.03,,,0,,,,,gender age properties
304,Huis en Inrichting,Lampen | Plafondlampen,2761,68.6,10737,215.7,50,0.51,70.0,22.5,100.0,0.77,0.2,plafondlampenMerk,0.11,17,IKEA; Philips; Eglo; Lucide; Qazqa,0.14,0.79,0.0,plafondlampenType lampSocket plafondlampenKleur plafondlampenDiameter plafondlampenMerk plafondlampenStijl material plafondlampenEig
305,Kinderen en Baby's,Babyvoeding en Toebehoren,1489,68.6,10647,153.0,70,0.62,32.5,14.625,73.75,0.77,0.23,brandBabyFood,0.42,20,Medela; Philips Avent; Dr. Brown's; Baby Brezza; Alecto,0.25,0.68,0.0,type brandBabyFood featuresBabyFood
306,"Audio, Tv en Foto",Fotografie | Digitale fotolijsten,2667,68.5,377,8.4,45,0.73,40.0,16.25,57.5,0.83,0.17,brandDigitalFrame,0.29,16,Philips; Kodak; Denver; Braun; Hama,0.29,0.58,0.003,brandDigitalFrame size memory properties
307,Auto diversen,Overige Auto diversen,89,68.5,40668,554.4,73,0.87,212.5,60.0,549.75,0.7,0.27,,,0,,,,,
308,Fietsen en Brommers,Fietsen | Bakfietsen,446,68.5,3248,111.7,29,0.3,1899.0,1499.0,3188.2425,1.0,0.0,brand,0.08,3,Gazelle; Johnny Loco; Fietsfabriek,0.13,0.82,0.0,brand intendedFor brakeType properties
309,Witgoed en Apparatuur,Vriezers en Diepvrieskisten,540,68.5,2341,124.6,19,0.24,150.0,71.25,180.0,0.6,0.23,model,0.54,2,Vrieskast; Vrieskist,0.06,0.83,0.011,kind model height width properties
310,Sport en Fitness,Gezondheidsproducten en Wellness,1386,68.5,7795,157.9,49,0.83,35.0,20.0,90.0,0.63,0.33,,,0,,0.64,0.29,0.0,type
311,Cd's en Dvd's,Vinyl | Rock,1379,68.5,32106,546.6,59,0.95,50.0,16.25,217.475,0.3,0.5,,,0,,0.0,0.86,0.0,genre vinylEditionType cdSchlagersReleaseYear size propertiesVinylPop
312,"Sieraden, Tassen en Uiterlijk",Oorbellen,19,68.5,19039,293.1,65,0.95,18.0,13.75,31.5,0.97,0.03,,,0,,0.58,0.36,0.0,type material color properties
313,Computers en Software,Dockingstations,3038,68.4,1627,31.1,52,0.83,35.0,20.0,50.0,0.73,0.2,,,0,,0.21,0.72,0.002,type suitableFor
314,Huis en Inrichting,Slaapkamer | Boxsprings,1946,68.4,4111,140.9,29,0.24,474.5,287.5,1070.0,0.87,0.0,,,0,,0.17,0.78,0.0,width length numberOfPersons color
315,Boeken,Overige Boeken,221,68.3,31124,796.7,39,0.95,15.0,3.0,99.0,0.9,0.1,,,0,,0.09,0.4,0.0,yearOriginal
316,Muziek en Instrumenten,Percussie,739,68.3,2177,47.0,46,0.64,95.0,45.0,225.0,0.77,0.2,,,0,,0.21,0.71,0.0,kind
317,Hobby en Vrije tijd,Verzamelkaartspellen | Magic the Gathering,919,68.3,8567,130.1,66,0.93,30.0,8.0,100.0,0.77,0.23,,,0,,0.17,0.77,0.0,type properties
318,"Sieraden, Tassen en Uiterlijk",Portemonnees,1836,68.3,7026,106.3,66,0.89,25.0,10.5,65.0,0.77,0.2,brand,0.03,4,Guess; Oilily; Dolce & Gabbana; Esprit,0.39,0.54,0.0,brand color properties
319,"Sieraden, Tassen en Uiterlijk",Horloges | Kinderen,2797,68.2,1280,20.0,64,0.8,50.0,18.125,80.0,0.83,0.17,,,0,,0.28,0.64,0.0,intendedFor color
320,Doe-het-zelf en Verbouw,Gereedschap | Machine-onderdelen en Toebehoren,1710,68.1,4912,95.1,52,0.67,75.0,40.0,150.0,0.77,0.2,,,0,,0.36,0.45,0.0,
321,Diversen,Kerst,436,68.1,34749,1167.0,30,0.75,125.0,60.0,218.75,0.53,0.33,,,0,,0.24,0.49,0.0,
322,Kleding | Dames,Trouwkleding en Trouwaccessoires,639,68.1,6601,70.7,93,0.65,50.0,37.5,250.0,0.83,0.13,clothingBrand,0.01,299,Handgemaakt; Rainbow; Guess; Marco Tozzi; Shein,0.33,0.54,0.0,clothingBrand type color
323,Motoren,Accessoires | Koffers en Tassen,1893,68.1,2955,60.7,49,0.63,100.0,70.0,350.0,0.8,0.2,,,0,,0.17,0.71,0.0,
324,Sport en Fitness,Overige Sport en Fitness,801,68.1,6687,129.3,52,0.7,75.0,50.0,150.0,0.73,0.17,,,0,,0.26,0.67,0.0,
325,Sport en Fitness,Massageproducten,800,68.1,4522,89.9,50,0.55,85.0,27.5,125.0,0.83,0.1,,,0,,0.26,0.63,0.0,type
326,"Sieraden, Tassen en Uiterlijk",Bedels,17,68.0,6144,103.6,59,0.92,22.5,7.25,54.0,0.57,0.3,brand,0.44,6,Pandora; Trollbeads; Tedora; Biagi; Chamilia,0.26,0.66,0.0,brand material number properties
327,Dieren en Toebehoren,Honden | Niet-rashonden,404,67.9,792,26.6,30,,485.0,485.0,1625.0,0.83,0.0,,,0,,,,,kind gender aanbiederType aantalHonden herkomstHonden gechiptHonden geregistreerdHonden leeftijdHonden
328,Kinderen en Baby's,Kinderkleding | Schoenen en Sokken,598,67.9,36210,507.3,71,0.81,20.0,15.0,32.5,0.9,0.1,brand_kids_clothing,0.25,299,Nike; Adidas; Skechers; Giga; Vans,0.21,0.73,0.0,type intendedFor brand_kids_clothing size
329,Sport en Fitness,Turnen,1445,67.9,2147,31.7,68,0.67,50.0,20.0,100.0,0.83,0.17,,,0,,0.19,0.73,0.0,type clothingSize color
330,Diversen,Verpleegmiddelen,1346,67.8,10924,249.4,44,0.68,40.0,20.0,48.75,0.7,0.23,,,0,,0.4,0.42,0.0,
331,Fietsen en Brommers,Snorfietsen en Snorscooters,727,67.8,6699,191.9,35,0.23,675.0,490.0,922.5,0.83,0.17,brand,0.3,9,Piaggio; Vespa; SYM; Peugeot; Kymco,0.02,0.93,0.0,constructionYear mileage brand fuel
332,Huis en Inrichting,Banken | Bankstellen,505,67.8,32567,1013.6,32,0.25,775.0,443.0,2612.5,0.87,0.1,,,0,,0.07,0.9,0.0,shape numberOfPersons width depth material
333,Huis en Inrichting,Kasten | Ladekasten,2764,67.8,10545,387.4,27,0.24,150.0,82.5,339.75,0.83,0.1,,,0,,0.08,0.84,0.0,height width depth numberOfDrawers material
334,"Sieraden, Tassen en Uiterlijk",Tassen | Reistassen en Weekendtassen,1837,67.8,7803,138.3,56,0.63,35.0,15.0,80.0,0.77,0.23,,,0,,0.22,0.69,0.0,color length width height properties
335,Computers en Software,Chromebooks,3020,67.7,1754,37.3,47,0.6,115.0,70.0,200.0,0.73,0.27,,,0,,0.12,0.8,0.009,size memoryRAM totalmemory keyboardtype caracteristics
336,Fietsen en Brommers,Fietsen | Heren | Sportfietsen en Toerfietsen,454,67.7,6290,173.0,36,0.19,225.0,92.5,437.5,0.8,0.2,brand,0.27,4,Giant; Gazelle; Koga Miyata; Batavus,0.04,0.91,0.0,brand numberOfGears wheelSize brakeType frameHeight properties
337,Hobby en Vrije tijd,Feestartikelen,1234,67.7,17949,295.7,61,0.73,40.0,18.75,362.5,0.63,0.23,,,0,,0.57,0.33,0.0,type partyTypeOrTheme
338,"Sieraden, Tassen en Uiterlijk",Toilettassen,2798,67.7,2612,37.1,70,0.89,34.99,23.75,47.5,0.73,0.23,,,0,,0.55,0.38,0.0,intendedFor color
339,Antiek en Kunst,Kunst | Overige Kunst,24,67.6,4161,109.7,38,0.73,75.0,6.5,200.0,0.6,0.33,,,0,,,,,
340,Diversen,Rolstoelen,2904,67.6,1986,52.7,38,0.37,140.0,68.75,550.0,0.9,0.1,,,0,,0.11,0.68,0.0,type caracteristics
341,Spelcomputers en Games,Games | Nintendo GameCube,1730,67.5,2421,56.7,43,0.94,21.0,12.5,99.99,0.67,0.3,,,0,,0.02,0.93,0.002,genre numberOfPlayers ageGroup multiplayerPossibilities
342,Fietsen en Brommers,Brommeronderdelen | Zundapp,1138,67.5,1617,51.7,31,0.84,46.25,,,0.37,0.43,,,0,,0.22,0.56,0.0,type
343,Huis en Inrichting,Woonaccessoires | Kapstokken,514,67.5,11565,258.9,45,0.43,40.0,17.5,50.0,0.8,0.17,,,0,,0.11,0.8,0.0,type height material
344,Kleding | Heren,Polo's,2790,67.5,7715,91.6,84,0.95,17.5,10.0,45.0,0.93,0.03,brand_mens_clothing,0.29,299,Tommy Hilfiger; Ralph Lauren; Polo Ralph Lauren; Lacoste; Hugo Boss,0.21,0.57,0.0,size brand_mens_clothing color
345,Boeken,Biografieën,205,67.4,15838,285.0,56,0.94,18.744999999999997,10.0,32.49,0.93,0.07,,,0,,0.08,0.52,0.0,background yearOriginal
346,Computers en Software,Windows Tablets,2723,67.4,1362,27.3,50,0.7,139.99,55.0,220.0,0.7,0.3,,,0,,0.25,0.65,0.031,internet screenSize capacity properties
347,Fietsen en Brommers,Fietsen | Vouwfietsen,467,67.4,2904,102.0,28,0.29,582.25,279.25,999.0,0.8,0.1,brand,0.15,4,Dahon; Brompton; Batavus; Gazelle,0.09,0.84,0.0,intendedFor brand wheelSize foldability brakeType properties
348,"Sieraden, Tassen en Uiterlijk",Tassen | Rugtassen,1838,67.4,10735,166.1,65,0.79,30.0,16.875,108.75,0.73,0.23,brand,0.1,4,Disney of Dora; Eastpak; Kipling; Nomad,0.3,0.66,0.0,brand length height properties
349,Dieren en Toebehoren,Reptielen en Amfibieën,418,67.3,2762,89.1,31,,112.5,48.75,175.0,0.7,0.07,,,0,,,,,kind age properties
350,Kinderen en Baby's,Autostoeltjes,566,67.3,36022,621.4,58,0.22,40.0,30.0,77.5,0.77,0.23,brand,0.57,4,Maxi-Cosi; Romer; Chicco; Graco,0.02,0.91,0.0,brand carryingCapacity fixingMethod properties
351,Kleding | Dames,Tops,638,67.3,37163,543.7,68,0.96,12.5,4.0,16.4625,0.97,0.03,clothingBrand,0.28,299,H&M; Zara; Shein; Only; Vero Moda,0.25,0.61,0.0,size clothingBrand color type
352,Kleding | Dames,Bodywarmers,1777,67.3,3628,78.7,46,0.91,17.725,10.0,59.0,0.77,0.23,clothingBrand,0.16,299,H&M; Only; Zara; Bonita; Esprit,0.27,0.62,0.0,clothingBrand size color
353,Auto's,Citroën,101,67.2,7899,329.6,24,0.0,6950.0,4480.0,10087.5,1.0,0.0,model,0.98,38,C3; C1; C3 Aircross; C4 (Grand) Picasso; C4,0.01,0.81,0.0,constructionYear mileage warranty model fuel range hybridType batteryChargeTime
354,Auto's,Dacia,2660,67.2,1444,62.9,23,0.0,6947.5,5083.5,12211.75,1.0,0.0,model,1.0,10,Sandero; Duster; Sandero Stepway; Logan MCV; Jogger,0.03,0.83,0.0,constructionYear mileage warranty model fuel range hybridType batteryChargeTime
355,Computers en Software,Geluidskaarten,3013,67.2,304,7.7,39,0.84,90.0,33.75,271.25,0.87,0.13,,,0,,0.2,0.76,0.0,type
356,Muziek en Instrumenten,Instrumenten | Toebehoren,1717,67.2,1778,27.7,64,0.86,35.0,15.0,56.75,0.83,0.1,,,0,,0.51,0.43,0.0,intendedFor
357,Telecommunicatie,Powerbanks,3040,67.2,1119,20.0,56,0.81,36.5,20.5,67.5,0.87,0.13,,,0,,0.52,0.42,0.0,connection
358,Verzamelen,Beelden en Beeldjes,898,67.2,24970,433.0,58,0.82,30.0,10.0,61.95,0.77,0.2,,,0,,0.17,0.73,0.0,type
359,Huis en Inrichting,Woonaccessoires | Overige,536,67.1,57561,1282.1,45,0.69,35.0,12.5,50.0,0.6,0.3,,,0,,0.32,0.58,0.0,materialHomeOther colorHomeOther styleHomeOther
360,Motoren,Accessoires | Navigatiesystemen,1894,67.1,828,18.9,44,0.83,77.5,30.0,224.25,0.77,0.23,,,0,,0.21,0.67,0.0,
361,Hobby en Vrije tijd,Modelauto's | 1:5 tot 1:12,2127,67.1,2151,28.7,75,0.85,159.975,52.5,986.75,0.73,0.23,,,0,,0.5,0.43,0.0,type scale
362,Doe-het-zelf en Verbouw,Ventilatie en Afzuiging,1874,67.0,5195,98.4,53,0.56,50.0,20.0,110.0,0.8,0.2,,,0,,0.41,0.47,0.0,type
363,Huis en Inrichting,Woonaccessoires | Plaids en Woondekens,2870,67.0,3902,94.6,41,0.81,22.5,10.625,53.75,0.7,0.3,,,0,,0.36,0.57,0.0,plaidsType plaidsLengte plaidsBreedte plaidsKleur plaidsMat plaidsEig
364,Motoren,Tuning en Styling,1434,67.0,15006,238.4,63,0.87,30.0,20.0,70.0,0.8,0.17,,,0,,,,,
365,Motoren,Onderdelen | Merk-onafhankelijk,1903,67.0,2288,46.0,50,0.74,125.0,50.0,400.0,0.7,0.17,,,0,,0.35,0.4,0.0,
366,Sport en Fitness,Klimsport,3156,67.0,806,18.1,44,0.75,50.0,30.0,75.0,0.8,0.2,,,0,,0.17,0.76,0.0,type
367,Watersport en Boten,Hengelsport | Algemeen,2826,67.0,10411,225.6,46,0.62,50.0,40.0,80.0,0.7,0.3,,,0,,0.24,0.67,0.0,type
368,"Audio, Tv en Foto",Beamers,1132,66.9,2207,47.6,46,0.64,50.0,20.0,398.75,0.67,0.3,,,0,,0.19,0.73,0.006,technology resolution
369,Doe-het-zelf en Verbouw,Gereedschap | Schuurmachines,268,66.9,3405,83.4,41,0.62,115.0,55.0,400.0,0.6,0.37,,,0,,0.19,0.68,0.0,type power
370,Computers en Software,Headsets,3037,66.9,1522,30.6,50,0.79,30.0,18.994999999999997,75.0,0.77,0.2,,,0,,0.32,0.63,0.001,type connection caracteristics
371,Diversen,Sinterklaas,443,66.9,4544,157.6,29,0.83,85.0,50.0,103.75,0.4,0.07,,,0,,0.39,0.38,0.0,
372,"Audio, Tv en Foto","Professionele Audio-, Tv- en Video-apparatuur",1117,66.8,3221,67.9,47,0.62,850.0,80.0,1725.0,0.7,0.23,,,0,,0.13,0.79,0.002,type
373,Auto's,Smart,152,66.8,538,20.7,26,0.0,3990.0,1850.0,7950.0,1.0,0.0,model,0.84,7,ForTwo; ForFour; Roadster; #1; #3,0.17,0.58,0.0,constructionYear mileage warranty model fuel range hybridType batteryChargeTime
374,Computers en Software,Accesspoints,3022,66.8,884,21.6,41,0.83,42.5,20.625,73.75,0.7,0.23,,,0,,0.19,0.72,0.0,
375,Huis en Inrichting,Kasten | Kledingkasten,518,66.8,15295,561.7,27,0.18,155.0,25.0,281.0,0.8,0.1,,,0,,0.07,0.87,0.0,height width depth type material
376,Huis en Inrichting,Tafels | Kaptafels,2759,66.8,2412,75.0,32,0.19,60.0,48.75,80.0,0.83,0.13,,,0,,0.06,0.89,0.0,height width material
377,Muziek en Instrumenten,Licht en Laser,754,66.8,6363,116.9,54,0.67,75.0,27.5,250.0,0.63,0.27,,,0,,0.47,0.49,0.0,type properties
378,Fietsen en Brommers,Fietsaccessoires | Overige Fietsaccessoires,1919,66.7,5255,125.3,42,0.68,32.5,13.75,86.25,0.8,0.17,,,0,,0.37,0.57,0.0,
379,Muziek en Instrumenten,Mengpanelen,756,66.7,2690,60.0,45,0.54,175.0,77.5,387.5,0.7,0.3,,,0,,0.05,0.9,0.0,numberOfChannels properties
380,Verzamelen,Ansichtkaarten | Buitenland,1817,66.7,18239,534.7,34,0.98,4.5,4.0,6.0,1.0,0.0,,,0,,0.0,0.0,0.0,region period
381,Tuin en Terras,Hand-tuingereedschap,276,66.7,7925,175.1,45,0.51,837.5,399.25,2250.0,0.8,0.2,,,0,,0.3,0.53,0.0,kind
382,Huis en Inrichting,Stoffering | Gordijnen en Lamellen,512,66.6,23189,461.9,50,0.47,87.5,33.75,137.5,0.73,0.23,gordijnenMerk,0.15,18,IKEA; Rolgordijn; Luxaflex; Kwantum; Karwei,0.27,0.61,0.0,heightCurtains widthCurtains gordijnenType gordijnenMat gordijnenMerk color gordijnenEig
383,Huis en Inrichting,Slaapkamer | Stapelbedden en Hoogslapers,1947,66.6,3877,116.4,33,0.17,190.0,140.0,300.0,0.83,0.1,,,0,,0.04,0.85,0.0,type width length numberOfPersons height
384,Hobby en Vrije tijd,"Kostuums, Theaterbenodigdheden en LARP",2626,66.6,2440,38.7,63,0.81,37.5,18.125,118.5,0.73,0.23,,,0,,0.36,0.53,0.0,type
385,Computers en Software,Monitoren,336,66.5,13374,325.1,41,0.4,150.0,90.0,350.0,0.77,0.23,,,0,,0.07,0.84,0.013,Verversingssnelheid screentype_monitors resolution_monitors response_time_monitors connections_monitors suitable_monitors properties
386,Verzamelen,Transformers,2821,66.5,2031,40.1,51,0.89,42.5,25.0,70.0,0.43,0.57,,,0,,0.27,0.65,0.0,generation breed
387,Hobby en Vrije tijd,Modelbouw | Vliegtuigen en Helikopters,2752,66.5,5074,94.7,54,0.91,30.0,12.9875,56.875,0.43,0.57,brand,0.24,4,Revell; Italeri; Hasegawa; Heller,0.53,0.41,0.0,type scale brand
388,Spelcomputers en Games,Spelcomputers | Nintendo Switch Lite,2946,66.4,388,11.7,33,0.64,110.0,99.25,133.75,0.87,0.13,,,0,,0.06,0.9,0.003,colour extras
389,Spelcomputers en Games,Spelcomputers | Nintendo GameCube,1736,66.4,232,9.6,24,0.85,62.5,20.0,144.9975,0.57,0.43,,,0,,0.02,0.92,0.013,color controllers properties
390,Fietsen en Brommers,Scooters | SYM,2853,66.4,1687,50.6,33,0.24,575.0,350.0,1000.0,0.6,0.4,model,0.59,4,Fiddle; Mio; Orbit; Allo,0.03,0.91,0.0,constructionYear mileage model maximum speed fuel engineDisplacement
391,Huis en Inrichting,Lampen | Overige,1265,66.4,17599,282.3,62,0.63,45.0,21.25,69.975,0.63,0.23,overigelampenMerk,0.13,20,IKEA; Philips; Philips Hue; Osram; Light & Living,0.31,0.61,0.0,overigelampenMerk lampSocket overigelampenKleur overigelampenMat overigelampenStijl overigelampenEig
392,Muziek en Instrumenten,Midi-apparatuur,758,66.4,799,18.3,44,0.69,150.0,69.95,200.0,0.9,0.1,,,0,,0.18,0.78,0.0,
393,Hobby en Vrije tijd,Modelbouw | Auto's en Voertuigen,1237,66.4,12890,183.3,70,0.9,30.0,13.75,186.0,0.57,0.37,brand,0.19,7,Italeri; Tamiya; Revell; Fujimi; Heller,0.55,0.4,0.0,type scale brand
394,Hobby en Vrije tijd,Elektronica-componenten,1398,66.4,12095,193.1,63,0.87,187.5,57.5,225.0,0.57,0.27,,,0,,0.43,0.45,0.0,
395,Hobby en Vrije tijd,Breien en Haken,1229,66.4,10941,186.3,59,0.91,25.0,10.0,50.0,0.7,0.13,,,0,,0.52,0.39,0.0,kind type
396,Boeken,"Advies, Hulp en Training",2835,66.3,8187,136.1,60,0.95,21.25,9.9975,59.9925,0.93,0.07,,,0,,0.13,0.63,0.0,
397,Computers en Software,3D-printerbenodigheden,3034,66.3,1371,40.1,34,0.89,15.0,15.0,20.0,0.9,0.07,,,0,,0.84,0.12,0.001,material3DPrinterSupplies
398,Huis en Inrichting,Kasten | Televisiemeubels,1255,66.3,19798,567.4,35,0.17,50.0,40.0,110.0,0.83,0.13,,,0,,0.06,0.9,0.0,height width depth material
399,Huis en Inrichting,Keuken | Potten en Pannen,1511,66.3,12364,292.9,42,0.65,27.5,19.375,56.25,0.73,0.23,pottenMerk,0.14,20,Le Creuset; Tefal; BK; IKEA; Fissler,0.26,0.64,0.0,type material pottenMerk pottenEig
400,Kleding | Dames,Sportkleding,798,66.3,11795,185.1,64,0.93,18.5,7.875,41.25,0.77,0.13,clothingBrand,0.17,299,Nike; Gymshark; H&M; Puma; Crivit,0.26,0.56,0.0,clothingBrand type size color
401,Verzamelen,Merken en Reclamevoorwerpen,935,66.3,24303,413.9,59,0.82,112.5,81.25,825.0,0.53,0.37,,,0,,0.24,0.64,0.0,type
402,Antiek en Kunst,Antiek | Kleding en Accessoires,1503,66.2,2654,46.0,58,0.9,30.0,7.95,65.0,0.7,0.27,,,0,,,,,intendedFor
403,"Audio, Tv en Foto",Soundbars,3053,66.2,2973,89.0,33,0.42,162.5,65.0,375.0,0.8,0.17,,,0,,0.15,0.76,0.005,caracteristics
404,Spelcomputers en Games,Spelcomputers | Nintendo 64,1739,66.2,316,10.1,31,0.72,134.99,31.2425,218.75,0.8,0.2,,,0,,0.05,0.9,0.0,controllers properties
405,Fietsen en Brommers,Brommers | Crossbrommers,679,66.2,1829,63.3,29,0.31,2850.0,1925.0,4750.0,0.9,0.1,brand,0.18,4,Yamaha; Honda; Suzuki; Derbi,0.08,0.77,0.0,constructionYear mileage brand engineDisplacement numberOfGears
406,Witgoed en Apparatuur,Ovens,552,66.2,5823,152.7,38,0.31,100.0,42.5,150.0,0.67,0.23,brandOvens,0.42,25,Siemens; Bosch; Miele; Tristar; Inventum,0.14,0.77,0.01,kind type brandOvens height width preparationOptions properties
407,Boeken,Wetenschap,1468,66.1,16947,192.0,88,0.95,25.0,15.0,55.0,0.8,0.2,,,0,,0.08,0.7,0.0,type yearOriginal
408,Huis en Inrichting,Slaapkamer | Slaapbanken,528,66.1,4632,129.9,36,0.17,110.0,40.0,156.25,0.83,0.13,,,0,,0.04,0.87,0.0,width length numberOfPersons color
409,"Audio, Tv en Foto",Home Cinema-sets,1116,66.0,3021,75.9,40,0.39,125.0,61.25,190.0,0.63,0.33,brand,0.32,5,Sony; Philips; JVC; Pioneer; Panasonic,0.04,0.86,0.004,player speakerSystem speakerPower brand
410,Auto's,Peugeot,140,66.0,14522,613.6,24,0.0,7449.5,3982.5,10374.25,1.0,0.0,model,0.99,36,208; 2008; 308; 3008; 107,0.01,0.8,0.0,constructionYear mileage warranty model fuel range hybridType batteryChargeTime
411,Huis en Inrichting,Bureaustoelen,3194,66.0,15151,417.7,36,0.22,50.0,28.75,71.25,0.83,0.13,,,0,,0.08,0.87,0.0,type color caracteristics
412,Kinderen en Baby's,Speelgoed | Overig,612,66.0,38174,674.7,57,0.64,32.5,18.75,46.25,0.87,0.1,,,0,,0.13,0.76,0.0,intendedFor
413,Kinderen en Baby's,Speelgoed | Poppen,614,66.0,22628,453.0,50,0.74,30.0,15.0,49.0,0.77,0.2,,,0,,0.2,0.72,0.0,type
414,Motoren,Onderdelen | Overige,717,66.0,8439,153.0,55,0.75,175.0,120.0,387.5,0.63,0.27,,,0,,0.25,0.59,0.0,
415,Tuin en Terras,Werkkleding,1856,66.0,3379,55.9,60,0.81,35.0,25.0,46.25,0.6,0.37,,,0,,0.61,0.32,0.0,type intendedFor
416,"Audio, Tv en Foto",Videospelers,1133,65.9,1089,33.0,33,0.74,50.0,25.0,122.5,0.57,0.33,,,0,,0.12,0.71,0.046,type
417,Fietsen en Brommers,Scooters | Kymco,2738,65.9,1054,29.4,36,0.3,500.0,390.0,650.0,0.7,0.27,model,0.63,4,Agility; People S; Like; Super 8,0.04,0.89,0.0,constructionYear mileage model maximum speed fuel engineDisplacement
418,Motoren,Onderdelen | Ducati,2019,65.9,2118,24.0,88,0.87,50.0,29.975,200.0,0.83,0.13,,,0,,0.16,0.69,0.0,
419,Telecommunicatie,Mobiele telefoons | Sony,843,65.9,209,4.6,46,0.85,50.0,19.5,90.0,0.7,0.23,model,0.39,3,Klassiek of Candybar; Schuifmodel; Inklapmodel,0.07,0.65,0.038,subscription simlock model operatingSystem cameraResolution color properties
420,Verzamelen,Wijnen,907,65.9,4013,73.3,55,0.74,67.5,28.375,217.5,0.47,0.43,,,0,,0.51,0.4,0.0,type region year properties
421,Hobby en Vrije tijd,Schilderen,1242,65.9,3589,75.0,48,0.68,35.0,10.625,73.5,0.7,0.3,,,0,,0.46,0.44,0.0,type
422,"Audio, Tv en Foto",Tuners,45,65.8,1196,30.4,39,0.67,60.0,39.99,99.99,0.7,0.2,,,0,,0.01,0.84,0.01,properties
423,Fietsen en Brommers,Fietsen | Meisjes,459,65.8,7700,285.0,27,0.16,120.0,80.0,200.0,0.77,0.07,,,0,,0.02,0.94,0.0,wheelSize brakeType properties
424,Huis en Inrichting,Bureaus,508,65.8,21560,618.1,35,0.18,80.0,32.5,120.0,0.77,0.2,merk,0.19,11,IKEA; Ahrend; Jysk; Gispen; Vepa,0.06,0.89,0.0,typeBureau merk stijl materiaal kleur widthDesk depthDesk caracteristics
425,Telecommunicatie,Portofoons en Walkie-talkies,845,65.8,1063,20.9,51,0.8,72.5,50.0,212.5,0.6,0.37,,,0,,0.28,0.6,0.008,type range properties
426,Watersport en Boten,Navigatiemiddelen en Scheepselektronica,988,65.8,2729,51.0,54,0.84,500.0,165.0,750.0,0.5,0.37,,,0,,0.25,0.67,0.0,type
427,Cd's en Dvd's,Vinyl | Pop,1378,65.8,58023,804.9,72,0.93,162.5,99.99249999999999,243.75,0.4,0.37,,,0,,0.0,0.79,0.0,cdPopGenre vinylEditionType cdSchlagersReleaseYear size propertiesVinylPop
428,"Sieraden, Tassen en Uiterlijk",Uiterlijk | Cosmetica en Make-up,677,65.8,14754,297.6,50,0.91,20.0,8.23,37.5,0.67,0.3,,,0,,0.61,0.33,0.0,type intendedFor color
429,Antiek en Kunst,Antiek | Glas en Kristal,1648,65.7,31542,578.9,54,0.8,75.0,15.0,147.5,0.57,0.4,,,0,,,,,
430,Computers en Software,Tekentablets,3031,65.7,912,18.3,50,0.75,175.0,50.0,299.9875,0.8,0.17,,,0,,0.17,0.78,0.005,connection caracteristics
431,Kinderen en Baby's,Kinderwagens en Combinaties,603,65.7,23820,400.0,60,0.25,170.0,100.0,300.0,0.9,0.07,brand,0.25,4,Bugaboo; Mutsy; Maxi-Cosi; Quinny,0.04,0.9,0.0,type brand properties
432,Antiek en Kunst,Kunst | Litho's en Zeefdrukken,27,65.6,9403,175.7,54,0.74,32.5,10.0,35.0,0.6,0.33,,,0,,,,,techniquePrintGraphic year subjectPrintGraphic featuresPrintGraphic
433,Fietsen en Brommers,Fietsen | Racefietsen,464,65.6,12701,325.6,39,0.23,1850.0,872.5,3799.5,0.83,0.17,brand,0.16,4,Giant; Koga Miyata; Gazelle; Batavus,0.14,0.82,0.0,intendedFor brand numberOfGears wheelSize brakeType material frameHeight
434,Kinderen en Baby's,Kinderkleding | Maat 176,596,65.6,5592,101.1,55,0.93,14.975,8.5,18.99,0.67,0.3,brand_kids_clothing,0.35,299,Vingino; Tommy Hilfiger; Scotch & Soda; Cars Jeans; Black Bananas,0.19,0.77,0.0,intendedFor clothingType brand_kids_clothing
435,Antiek en Kunst,Curiosa en Brocante,15,65.5,53557,989.4,54,0.76,135.0,48.75,250.0,0.6,0.23,,,0,,,,,
436,Motoren,Motoren | Schademotoren,705,65.5,389,15.1,26,0.01,3695.0,2450.0,5700.0,0.97,0.03,brand,0.77,12,Yamaha; BMW; Honda; Kawasaki; Suzuki,,,,constructionYear mileage motorcycleType brand enginePower numberOfCilinders licenseMotorbikes engineDisplacement
437,Computers en Software,Laptop-opladers,1653,65.4,2387,54.7,44,0.84,25.0,15.0,58.5,0.77,0.2,,,0,,0.22,0.7,0.002,
438,Huis en Inrichting,Tafels | Salontafels,527,65.4,32082,817.9,39,0.18,200.0,100.0,620.0,0.83,0.17,,,0,,0.07,0.86,0.0,height width length shape material
439,Kinderen en Baby's,Buggy's,2132,65.4,7291,161.1,45,0.28,100.0,70.0,225.0,0.93,0.07,brand,0.16,4,Koelstra; Maclaren; Maxi-Cosi; Quinny,0.05,0.88,0.0,brand properties
440,Spelcomputers en Games,Games | Xbox Series X en S,2953,65.3,618,14.7,42,0.82,34.97,13.7425,50.0,0.87,0.13,,,0,,0.23,0.74,0.0,
441,Muziek en Instrumenten,Drumcomputers,1402,65.3,287,7.6,38,0.67,240.0,75.0,400.0,0.8,0.2,brand,0.44,4,Roland; Boss; Yamaha; Korg,0.06,0.9,0.0,brand
442,Verzamelen,KLM Huisjes,915,65.3,1081,31.1,35,0.84,33.75,14.25,48.75,0.53,0.37,,,0,,0.3,0.63,0.0,type properties
443,Cd's en Dvd's,Vinyl Singles,1380,65.3,169412,2222.0,76,0.95,120.0,,,0.13,0.67,,,0,,0.0,0.95,0.0,genre vinylEditionType cdSchlagersReleaseYear size propertiesVinylPop
444,Boeken,Reisgidsen,223,65.2,21041,324.6,65,0.96,7.0,5.0,12.725,0.83,0.1,brand,0.4,7,ANWB; Capitool; Lonely Planet; Marco Polo; Michelin,0.09,0.59,0.0,type region brand yearOriginal properties
445,Dieren en Toebehoren,Vogels | Overige Vogels,426,65.2,3492,147.1,24,,95.0,37.5,225.0,0.53,0.17,,,0,,,,,kind gender properties
446,Witgoed en Apparatuur,Airco's,561,65.2,8336,108.6,77,0.34,460.0,250.0,987.0,0.7,0.07,model,0.9,5,Mobiele airco; Wandairco; Tafel- of Grondventilator; Staande ventilator; Plafondventilator,0.24,0.65,0.007,model suitableForRoomsUpTo speed functions properties
447,Kleding | Dames,Rokken,635,65.2,27060,393.1,69,0.95,20.0,12.5,30.0,0.7,0.27,clothingBrand,0.24,299,H&M; Zara; King Louie; Only; Shein,0.24,0.63,0.0,size clothingBrand color length
448,Boeken,Muziek,220,65.1,8202,139.1,59,0.94,27.5,11.0,60.0,0.67,0.3,,,0,,0.07,0.46,0.0,subject yearOriginal
449,Computers en Software,Overige Computers en Software,341,65.0,4394,97.4,45,0.71,37.5,23.0,100.0,0.63,0.3,,,0,,0.28,0.53,0.008,
450,Spelcomputers en Games,Games | Xbox 360,1631,65.0,6099,132.3,46,0.92,5.0,5.0,9.875,0.87,0.1,,,0,,0.03,0.89,0.001,genre numberOfPlayers ageGroup multiplayerPossibilities
451,Witgoed en Apparatuur,Overige Witgoed en Apparatuur,553,65.0,4260,101.6,42,0.58,65.0,20.0,110.0,0.7,0.27,,,0,,0.25,0.62,0.008,
452,Witgoed en Apparatuur,Afzuigkappen,538,65.0,2614,63.1,41,0.36,75.0,50.0,162.5,0.77,0.2,,,0,,0.29,0.61,0.003,kind type power properties
453,Kleding | Dames,Broeken en Pantalons,629,65.0,47532,723.0,66,0.95,13.75,5.125,42.4875,0.8,0.2,clothingBrand,0.24,299,H&M; Zara; Studio Anneloes; Only; Cambio,0.27,0.56,0.0,size clothingBrand color length
454,Auto diversen,Anti-diefstal,50,64.9,3674,123.7,30,0.42,35.0,19.5,65.0,0.93,0.03,,,0,,0.26,0.7,0.0,
455,Dieren en Toebehoren,Vogels | Parkieten en Papegaaien,427,64.9,4573,169.6,27,,40.0,25.0,300.0,0.53,0.17,,,0,,,,,kind gender properties
456,Dieren en Toebehoren,Paarden en Pony's | Beschermers,2731,64.9,2909,44.4,65,0.84,22.5,9.675,71.25,0.77,0.13,horseProtectorBrand,0.21,20,Harry's Horse; BR; Eskadron; Lemieux; Horka,0.23,0.63,0.0,horseProtectorType horseProtectorHorseSize horseProtectorRiderSize horseProtectorBrand application horseProtectorProperties
457,Fietsen en Brommers,Fietsen | Kinderfietsjes,1917,64.9,18251,557.1,33,0.18,50.0,32.5,125.0,0.83,0.13,,,0,,0.02,0.94,0.0,wheelSize brakeType properties
458,Fietsen en Brommers,Brommers | Tuning en Styling,1915,64.9,653,19.3,34,0.64,2349.0,1924.0,3349.0,0.9,0.1,,,0,,0.18,0.64,0.0,
459,Kinderen en Baby's,Speelgoed | Educatief en Creatief,1492,64.9,25746,507.1,51,0.73,27.0,11.25,56.25,0.8,0.2,,,0,,0.2,0.73,0.0,type properties
460,Muziek en Instrumenten,Kabels en Stekkers,2135,64.9,1244,29.7,42,0.79,50.0,13.75,175.0,0.57,0.3,,,0,,0.35,0.56,0.0,intendedFor
461,Hobby en Vrije tijd,Modelbouw | Radiografisch | Helikopters en Quadcopters,2754,64.9,988,17.4,57,0.79,119.0,30.0,229.0,0.67,0.3,,,0,,0.34,0.57,0.0,type engineType properties
462,Auto's,Renault,146,64.8,12532,523.6,24,0.0,7967.5,2421.25,11900.0,1.0,0.0,model,0.99,36,Clio; Captur; Mégane; Twingo; Scénic,0.01,0.81,0.0,constructionYear mileage warranty model fuel range hybridType batteryChargeTime
463,Doe-het-zelf en Verbouw,Gereedschap | Zaagmachines,287,64.8,11313,303.9,37,0.45,175.0,50.0,350.0,0.63,0.37,,,0,,0.15,0.76,0.0,type power cuttingDepth
464,Doe-het-zelf en Verbouw,Vloerdelen en Plavuizen,284,64.8,5806,156.7,37,0.24,492.5,307.5,753.75,0.8,0.1,,,0,,0.55,0.36,0.0,type material length width totalSurface
465,Spelcomputers en Games,Spelcomputers | Nintendo NES,1737,64.8,372,11.3,33,0.75,99.99,60.0,147.5,0.7,0.3,,,0,,0.07,0.83,0.005,controllers properties
466,Dieren en Toebehoren,Honden | Chihuahua's en Gezelschapshonden,1925,64.8,424,19.7,22,,1450.0,950.0,2000.0,0.77,0.0,,,0,,,,,gender breed aanbiederType aantalHonden herkomstHonden gechiptHonden geregistreerdHonden leeftijdHonden
467,Motoren,Handleidingen en Instructieboekjes,688,64.8,5612,98.4,57,0.98,15.475,14.95,17.95,0.57,0.43,brand,0.73,12,Honda; Yamaha; Kawasaki; Suzuki; BMW,,,,brand
468,"Audio, Tv en Foto",Dvd-spelers,1114,64.7,2265,53.1,43,0.62,22.5,13.75,30.0,0.7,0.27,brand,0.41,7,Philips; Sony; JVC; Pioneer; LG,0.05,0.83,0.011,type brand properties
469,Auto diversen,Wieldoppen,2645,64.7,5446,188.3,29,0.71,30.0,,,0.67,0.27,,,0,,0.22,0.66,0.0,
470,Caravans en Kamperen,Camper-accessoires,1352,64.7,5917,125.9,47,0.57,150.0,100.0,300.0,0.73,0.13,,,0,,0.36,0.51,0.0,
471,Computers en Software,Computerbehuizingen,326,64.7,1418,35.0,41,0.55,40.0,19.4875,62.4975,0.83,0.17,,,0,,0.2,0.68,0.008,
472,Spelcomputers en Games,Spelcomputers | Nintendo Super NES,1738,64.7,324,11.0,29,0.79,120.0,75.0,199.0,0.63,0.33,,,0,,0.08,0.86,0.009,controllers properties
473,Huis en Inrichting,Tafels | Sidetables,1950,64.7,4533,119.4,38,0.19,60.0,40.0,75.0,0.8,0.2,,,0,,0.1,0.78,0.0,depth length shape material
474,Kinderen en Baby's,"Dekens, Slaapzakjes en Inbakerproducten",2133,64.7,7666,142.0,54,0.75,4.0,3.0,9.975,0.9,0.1,brandBlanketsSleepingBags,0.42,20,Puckababy; Jollein; Hema; Koeka; Prénatal,0.13,0.74,0.0,type lengthBlanketsSleepingBags brandBlanketsSleepingBags colorBlanketsSleepingBags featuresBlanketsSleepingBags
475,Muziek en Instrumenten,Versterkers | Bas en Gitaar,745,64.7,3550,80.0,44,0.3,400.0,161.25,637.5,0.9,0.1,,,0,,0.03,0.92,0.0,kind power
476,Cd's en Dvd's,Dvd's | Tv en Series,1112,64.7,25867,424.4,61,0.93,25.0,20.0,90.0,0.6,0.33,,,0,,0.0,0.85,0.0,genre viewingAge tvSeriesSeason properties bluRaySpokenLanguage bluRaySubtitles
477,Tuin en Terras,Bladblazers,2987,64.7,2889,81.3,36,0.35,77.5,38.125,746.25,0.73,0.27,,,0,,0.13,0.81,0.0,type propulsion properties
478,Auto diversen,Dashcams,3068,64.6,611,12.3,50,0.81,50.0,25.0,95.0,0.83,0.13,,,0,,0.52,0.42,0.0,
479,Boeken,Studieboeken en Cursussen,228,64.6,94295,1013.0,93,0.92,22.5,15.0,38.75,0.8,0.17,,,0,,0.1,0.68,0.0,level orientation
480,Sport en Fitness,Fitnessmaterialen,793,64.6,16342,343.0,48,0.38,350.0,84.5,700.0,0.83,0.17,,,0,,0.17,0.76,0.0,type muscleGroup
481,Hobby en Vrije tijd,Modelbouw | Boten en Schepen,2750,64.6,2040,45.4,45,0.62,112.5,23.75,262.25,0.6,0.3,brand,0.11,5,Revell; Airfix; Heller; Italeri; Hasegawa,0.36,0.52,0.0,scale brand
482,Kleding | Heren,"Mutsen, Sjaals en Handschoenen",1680,64.6,2057,49.1,42,0.92,9.25,6.0,25.0,0.97,0.03,brand_mens_clothing,0.09,299,Ajax; Nike; Moncler; Feyenoord; The North Face,0.49,0.37,0.0,type brand_mens_clothing size
483,Tuin en Terras,"Palen, Balken en Planken",1863,64.6,6812,153.1,44,0.28,75.0,5.0,495.0,0.93,0.03,,,0,,0.51,0.35,0.0,type length properties
484,Computers en Software,Interne voedingen,3019,64.5,2257,38.3,59,0.82,40.0,20.0,50.0,0.63,0.33,,,0,,0.09,0.78,0.004,
485,Spelcomputers en Games,Games | Sony PlayStation 4,2889,64.5,13323,261.7,51,0.83,23.75,10.0,60.0,0.63,0.33,,,0,,0.07,0.89,0.001,genre numberOfPlayers ageGroup multiplayerPossibilities suitable
486,Dieren en Toebehoren,Honden-accessoires,1928,64.5,10857,225.3,48,0.66,32.5,20.0,231.25,0.73,0.27,dogAccessoryBrand,0.08,20,Trixie; Beeztees; WAUDOG; Flamingo; Innopet,0.44,0.41,0.0,dogAccessoryType dogAccessoryBrand
487,Doe-het-zelf en Verbouw,Schildersmaterialen,267,64.4,2415,56.0,43,0.56,60.0,22.5,100.0,0.67,0.27,,,0,,0.44,0.41,0.0,type
488,Fietsen en Brommers,Brommerhelmen,2735,64.4,2274,49.7,46,0.58,35.0,25.0,70.0,0.8,0.17,,,0,,0.13,0.76,0.0,size
489,Huis en Inrichting,Woonaccessoires | Kussens,2768,64.4,13682,258.9,53,0.72,30.0,11.0,32.5,0.63,0.27,kussensMerk,0.06,20,IKEA; Claudi; Riviera Maison; Unique Living; Dutch Decor,0.31,0.63,0.0,kussensType color shape kussensMerk kussensEig
490,Telecommunicatie,Mobiele telefoons | Huawei,2897,64.4,371,10.6,35,0.68,140.0,50.0,300.0,0.73,0.27,,,0,,0.08,0.77,0.03,subscription simlock operatingSystem cameraResolution color properties
491,Verzamelen,Overige Verzamelen,927,64.4,25840,391.4,66,0.86,50.0,42.5,87.5,0.53,0.37,,,0,,0.16,0.7,0.0,
492,Auto diversen,Sneeuwkettingen,1619,64.3,3650,85.0,43,0.57,42.5,25.0,86.25,0.7,0.2,,,0,,0.51,0.43,0.0,
493,Huis en Inrichting,Badkamer | Badtextiel en Accessoires,1935,64.3,9167,176.7,52,0.71,25.0,18.1125,46.25,0.73,0.23,badtextielMerk,0.04,20,IKEA; Sealskin; Brabantia; Seahorse; Pip Studio,0.53,0.4,0.0,type color badtextielMerk
494,Kinderen en Baby's,Kinderkleding | Maat 122,587,64.3,10536,176.1,60,0.92,7.5,3.9975,15.0,0.97,0.03,brand_kids_clothing,0.27,299,H&M; Hema; WE Fashion; WE; Zeeman,0.13,0.84,0.0,intendedFor clothingType brand_kids_clothing
495,Telecommunicatie,Mobiele telefoons | Telefoon-opladers,1957,64.3,2894,51.0,57,0.85,10.0,6.0,35.0,0.87,0.13,brandPhoneCharger,0.27,15,Apple; Samsung; Belkin; Nokia; Zens,0.47,0.46,0.0,chargerType brandPhoneCharger suitableFor connectionPhoneCharger
496,Telecommunicatie,Prepaidkaarten en Simkaarten,846,64.3,1904,23.7,80,0.98,175.0,35.0,250.0,0.63,0.03,,,0,,0.91,0.08,0.0,type provider
497,"Audio, Tv en Foto",Accu's en Batterijen,2035,64.2,2138,45.7,47,0.78,30.0,11.0,175.0,0.7,0.3,,,0,,0.52,0.38,0.001,properties
498,Doe-het-zelf en Verbouw,Gereedschap | Overige machines,259,64.2,7612,210.3,36,0.49,542.5,27.5,1500.0,0.73,0.27,,,0,,0.2,0.66,0.0,
499,Fietsen en Brommers,Fietsen | Jongens,455,64.2,4341,182.3,24,0.13,137.0,99.25,175.0,0.7,0.27,,,0,,0.05,0.91,0.0,wheelSize brakeType properties
500,Huis en Inrichting,Slaapkamer | Bedden,507,64.2,27319,909.6,30,0.18,100.0,61.25,120.0,0.73,0.23,,,0,,0.05,0.89,0.0,numberOfPersons width length material color properties
501,Witgoed en Apparatuur,Koelkasten en IJskasten,544,64.2,8700,358.0,24,0.27,100.0,68.75,152.5,0.7,0.17,,,0,,0.1,0.8,0.019,type volume height width properties
502,Kinderen en Baby's,Kinderkleding | Overige,597,64.2,13829,221.6,62,0.84,24.994999999999997,11.25,30.0,0.73,0.07,brand_kids_clothing,0.18,299,Diverse merken; H&M; Nike; Adidas; Diverse,0.17,0.79,0.0,intendedFor brand_kids_clothing
503,Kleding | Dames,Riemen en Ceinturen,1493,64.2,3810,52.4,73,0.92,15.0,7.99,25.0,0.9,0.1,clothingBrand,0.1,299,Esprit; Reinders; Gucci; Nikkie; Zara,0.33,0.47,0.0,type length clothingBrand width color properties
504,Postzegels en Munten,Bankbiljetten | Afrika,1789,64.2,2527,33.4,76,0.99,25.0,4.5,58.25,0.87,0.13,,,0,,,,,type country
505,Tuin en Terras,Gras en Kunstgras,2634,64.2,2077,44.9,46,0.36,60.0,6.95,200.0,0.9,0.03,,,0,,0.56,0.31,0.0,type surface
506,Witgoed en Apparatuur,Weegschalen,564,64.1,2126,34.1,62,0.47,25.0,14.875,66.25,0.87,0.13,model,0.8,4,Personenweegschaal; Keukenweegschaal; Winkelweegschaal; Hangweegschaal,0.15,0.74,0.004,type model accuracy maximumWeight
507,Spelcomputers en Games,Games | Sega,366,64.0,1403,19.9,71,0.92,24.5,19.0,74.95,0.93,0.07,,,0,,0.05,0.9,0.002,intendedFor genre numberOfPlayers ageGroup multiplayerPossibilities
508,Spelcomputers en Games,Spelcomputers | Atari,345,64.0,187,5.1,36,0.83,62.5,20.0,96.25,0.4,0.6,model,0.74,4,Atari 2600; Atari Lynx; Atari 7800 of Flashback; Atari Jaguar,0.04,0.84,0.016,model controllers properties
509,Huis en Inrichting,Tafels | Eettafels,1949,64.0,40193,1112.3,36,0.2,450.0,300.0,699.0,0.77,0.2,,,0,,0.08,0.87,0.0,width length numberOfPersons shape material
510,Huis en Inrichting,Banken | Sofa's en Chaises Longues,1937,64.0,9254,257.0,36,0.2,162.5,50.0,337.5,0.77,0.17,,,0,,0.06,0.89,0.0,numberOfPersons width depth material
511,Kleding | Heren,Stropdassen,643,64.0,2680,44.7,60,0.92,19.95,13.125,19.95,0.8,0.2,brand_mens_clothing,0.06,299,Profuomo; Diverse merken; Hugo Boss; Van Gils; BOSS Hugo Boss,0.38,0.45,0.0,type brand_mens_clothing color
512,Postzegels en Munten,Munten | Amerika,1794,64.0,4738,81.7,58,0.96,33.75,9.0,368.75,0.43,0.53,,,0,,,,,type region properties
513,"Audio, Tv en Foto",Afstandsbedieningen,2617,63.9,3633,86.4,42,0.89,10.0,7.5,20.0,0.83,0.13,,,0,,0.2,0.66,0.001,type suitableFor properties
514,"Audio, Tv en Foto",Fotografie | Doka Toebehoren,488,63.9,627,17.7,35,0.72,27.25,13.125,46.125,0.73,0.23,brandDarkroom,0.37,20,Meopta; Durst; Philips; Agfa; Paterson,0.1,0.74,0.0,type brandDarkroom
515,Spelcomputers en Games,Games | Nintendo 64,1733,63.9,1711,40.4,42,0.91,30.0,22.5,75.0,0.43,0.53,,,0,,0.01,0.95,0.0,genre numberOfPlayers ageGroup multiplayerPossibilities
516,Huis en Inrichting,Zitzakken,2770,63.9,2901,60.3,48,0.24,40.0,20.0,65.0,0.93,0.07,,,0,,0.08,0.84,0.0,type color
517,Witgoed en Apparatuur,Luchtbehandelingsapparatuur,3166,63.9,4446,81.6,55,0.51,55.0,29.75,121.25,0.77,0.23,,,0,,0.16,0.74,0.002,type
518,Motoren,Onderdelen | Honda,2021,63.9,4324,63.9,68,0.76,149.0,50.0,350.0,0.63,0.27,,,0,,0.25,0.55,0.0,
519,Sport en Fitness,Schietsport-accessoires,3153,63.9,1219,24.7,49,0.8,120.0,68.0,190.0,0.67,0.2,,,0,,0.42,0.48,0.0,
520,Cd's en Dvd's,Cd's | Schlagers,2717,63.9,2731,71.9,38,0.98,4.0,2.99,5.0,0.83,0.13,,,0,,0.0,0.77,0.0,cdSchlagersGenre cdSchlagersFormat cdSchlagersReleaseYear properties
521,Antiek en Kunst,Antiek | Bestek,2,63.8,14797,263.9,56,0.91,45.0,3.0,100.0,0.3,0.67,,,0,,,,,
522,Huis en Inrichting,Tafels | Bijzettafels,2758,63.8,17623,416.7,42,0.21,50.0,38.75,60.0,0.8,0.13,,,0,,0.07,0.84,0.0,shape height length material
523,Huis en Inrichting,Keuken | Complete keukens,521,63.8,5265,162.7,32,0.26,2750.0,2025.0,6249.5,0.83,0.13,,,0,,0.21,0.73,0.0,type color materialKitchenTop properties
524,Kinderen en Baby's,Kinderkamer | Commodes en Kasten,2773,63.8,5428,146.6,37,0.15,45.0,25.0,100.0,0.77,0.23,,,0,,0.02,0.93,0.0,type height width depth properties
525,Postzegels en Munten,Postzegels | Nederland,939,63.8,74916,1154.4,65,0.99,137.5,75.5,367.5,0.4,0.33,,,0,,0.0,0.0,0.0,period
526,Tuin en Terras,Hogedrukreinigers,2988,63.8,2966,63.7,47,0.43,60.0,30.0,625.0,0.8,0.1,,,0,,0.24,0.67,0.0,propulsion properties
527,Antiek en Kunst,Antiek | Overige Antiek,9,63.7,26381,669.1,39,0.71,42.5,22.5,538.75,0.5,0.47,,,0,,,,,
528,Antiek en Kunst,Kunst | Beelden en Houtsnijwerken,23,63.7,20198,397.1,51,0.75,25.0,16.875,81.25,0.67,0.33,,,0,,,,,typeSculptures materialSculptures subjectSculptures sizeSculptures originSculptures styleSculptures colorSculptures propertiesSculptures
529,Computers en Software,Vintage Computers,327,63.7,2776,71.6,39,0.76,107.475,42.5,237.5,0.43,0.57,,,0,,,,,
530,Computers en Software,Labelprinters,3032,63.7,754,17.9,42,0.82,75.0,35.0,94.5,0.6,0.37,,,0,,0.31,0.59,0.005,keyboardtype type
531,Fietsen en Brommers,Fietsen | Driewielfietsen,449,63.7,1773,56.9,31,0.31,2299.0,2299.0,2299.0,1.0,0.0,,,0,,0.13,0.8,0.0,brakeType
532,Huis en Inrichting,Slaapkamer | Nachtkastjes,2766,63.7,5675,174.6,33,0.18,40.0,21.25,45.0,0.73,0.17,,,0,,0.07,0.84,0.0,height width material
533,Witgoed en Apparatuur,Magnetrons,548,63.7,4660,142.7,33,0.27,40.0,25.0,63.75,0.73,0.2,,,0,,0.07,0.85,0.006,kind type width preparationOptions properties
534,Watersport en Boten,Hengelsport | Zeevissen,2824,63.7,1797,36.4,49,0.76,57.0,39.25,97.5,0.57,0.17,,,0,,0.56,0.36,0.0,type
535,Huis en Inrichting,Woonaccessoires | Schalen en Manden,1515,63.6,18492,358.9,52,0.64,32.495,14.962499999999999,45.0,0.63,0.33,,,0,,0.16,0.71,0.0,type shape material schalenEig
536,Huis en Inrichting,Woonaccessoires | Wandplanken en Boekenplanken,2876,63.6,8297,173.9,48,0.4,76.5,41.2475,283.75,0.93,0.03,,,0,,0.23,0.68,0.0,
537,Antiek en Kunst,Antiek | Koper en Brons,1647,63.5,15350,303.3,51,0.78,30.0,15.0,47.5,0.63,0.3,,,0,,,,,material
538,Fietsen en Brommers,Fietsaccessoires | Aanhangers en Karren,450,63.5,2446,62.7,39,0.35,70.0,50.0,175.0,0.77,0.23,,,0,,0.12,0.8,0.0,type maximumLoadingCapacity properties
539,Kinderen en Baby's,Kinderkleding | Maat 158,593,63.5,10112,174.1,58,0.92,8.25,5.0,14.25,0.77,0.2,brand_kids_clothing,0.33,299,H&M; Hema; WE; WE Fashion; Coolcat,0.15,0.8,0.0,intendedFor clothingType brand_kids_clothing
540,Kleding | Dames,Ondergoed en Lingerie,632,63.5,17480,263.6,66,0.97,12.5,4.0,15.0,0.93,0.07,clothingBrand,0.13,299,Hunkemöller; Marlies Dekkers; Prima Donna; Hema; H&M,,,,clothingType clothingBrand color
541,Watersport en Boten,Windsurfen,995,63.5,2907,56.4,52,0.3,475.0,335.0,807.5,0.7,0.2,brandWindsurfing,0.41,25,Neilpryde; Starboard; Fanatic; Mistral; Gaastra,0.04,0.82,0.0,type brandWindsurfing lengthOfBoard sailArea properties
542,Watersport en Boten,Wingsurfen,3195,63.5,873,20.3,43,0.53,765.0,475.0,844.75,0.9,0.07,,,0,,0.13,0.79,0.0,type
543,"Audio, Tv en Foto",Converters,3052,63.4,1317,21.3,62,0.86,70.0,20.0,329.0,0.7,0.2,,,0,,0.37,0.54,0.003,
544,Auto diversen,Fietsendragers,3065,63.4,6045,153.3,39,0.27,300.0,210.0,595.0,0.77,0.1,,,0,,0.1,0.83,0.0,kind amount suitableFor
545,Caravans en Kamperen,Zaklampen,3084,63.4,1295,25.1,52,0.84,30.0,15.0,125.0,0.77,0.2,,,0,,0.42,0.44,0.0,power
546,"Audio, Tv en Foto",Mp3-spelers | Overige merken,1649,63.3,189,5.4,35,0.88,30.0,19.25,59.0,0.8,0.2,brand,0.27,6,Sony; Philips; Samsung; Creative; iRiver,0.22,0.69,0.021,capacity brand properties
547,Witgoed en Apparatuur,Stoomapparaten,3168,63.3,1877,39.0,48,0.54,50.0,25.0,72.5,0.77,0.23,,,0,,0.2,0.7,0.003,kind
548,Witgoed en Apparatuur,Bruiswatermachines,3185,63.3,367,12.4,30,0.59,189.99,99.99,349.99,0.97,0.03,,,0,,0.25,0.64,0.005,
549,Kinderen en Baby's,Kinderkleding | Maat 110,585,63.3,9558,147.1,65,0.92,6.5,3.5,15.0,0.9,0.1,brand_kids_clothing,0.27,299,Hema; H&M; Vingino; Zeeman; WE Fashion,0.16,0.8,0.0,intendedFor clothingType brand_kids_clothing
550,Spelcomputers en Games,Games | Sony PlayStation 3,1735,63.2,8968,161.7,55,0.91,5.0,5.0,11.25,0.87,0.07,,,0,,0.04,0.9,0.001,genre numberOfPlayers ageGroup multiplayerPossibilities
551,Huis en Inrichting,Banken | Voetenbanken en Poefen,1938,63.2,8300,208.6,40,0.28,1550.0,300.0,6950.0,0.77,0.2,,,0,,0.11,0.82,0.0,width length shape material
552,Witgoed en Apparatuur,Fornuizen,542,63.2,4862,144.9,34,0.38,80.0,50.0,100.0,0.63,0.3,,,0,,0.06,0.85,0.009,kind type cookingZones height width preparationOptions properties
553,Kleding | Dames,Badmode en Zwemkleding,622,63.2,12202,98.6,124,0.95,15.0,10.0,27.5,0.9,0.1,clothingBrand,0.12,299,Hunkemöller; H&M; Shein; Prima Donna; Protest,0.54,0.38,0.0,clothingBrand clothingType color
554,Watersport en Boten,Hengelsport | Karpervissen,983,63.2,6681,174.6,38,0.63,97.5,18.75,206.25,0.5,0.43,,,0,,0.29,0.6,0.0,type
555,"Audio, Tv en Foto",Optische apparatuur | Microscopen,496,63.1,815,13.7,59,0.7,45.0,25.0,125.0,0.83,0.13,,,0,,0.15,0.73,0.007,type maximumMagnification
556,Doe-het-zelf en Verbouw,Gereedschap | Freesmachines,2990,63.1,2443,53.6,46,0.52,122.0,27.5,287.5,0.63,0.3,,,0,,0.17,0.7,0.0,propulsion type
557,Doe-het-zelf en Verbouw,Reinigingsmachines,264,63.1,2398,60.9,39,0.43,115.0,40.0,356.25,0.73,0.2,,,0,,0.22,0.68,0.0,type
558,Caravans en Kamperen,Koelboxen,3081,63.1,2853,64.0,45,0.46,55.0,17.5,175.0,0.67,0.33,,,0,,0.21,0.68,0.0,kind refrigerationtechnology
559,Fietsen en Brommers,Fietsen | Dames | Omafietsen,461,63.1,5201,201.0,26,0.21,100.0,60.0,175.0,0.67,0.23,,,0,,0.02,0.92,0.0,frameHeight brakeType properties
560,Fietsen en Brommers,Scooters | Overige merken,2742,63.1,1966,61.9,32,0.25,400.0,100.0,750.0,0.77,0.2,,,0,,0.08,0.85,0.0,constructionYear mileage maximum speed fuel engineDisplacement
561,Kleding | Dames,Grote Maten,1330,63.1,15654,231.3,68,0.97,12.75,4.75,25.0,0.87,0.07,clothingBrand,0.17,299,MS Mode; Only Carmakoma; Ulla Popken; Miss Etam; H&M,0.39,0.53,0.0,clothingType clothingBrand color
562,Hobby en Vrije tijd,Modelauto's | 1:32,2747,63.1,5829,95.0,61,0.94,25.0,17.75,42.5,0.43,0.47,brand,0.42,9,SIKU; Britains; Universal Hobbies; Corgi; ERTL,0.4,0.51,0.0,type brand
563,"Audio, Tv en Foto",Televisie-accessoires,3058,63.0,2581,48.1,54,0.67,67.5,28.7425,131.25,0.67,0.33,,,0,,0.32,0.57,0.002,
564,Doe-het-zelf en Verbouw,Buizen en Afvoer,1395,63.0,6398,120.9,53,0.46,50.0,16.25,75.0,0.67,0.17,,,0,,0.47,0.39,0.0,type material length crossSection
565,Verzamelen,Efteling,2814,63.0,7861,130.1,60,0.82,42.5,20.0,97.5,0.43,0.43,,,0,,0.36,0.53,0.0,type
566,Watersport en Boten,Watersportkleding,997,63.0,5407,77.9,69,0.76,62.5,16.875,95.0,0.5,0.47,,,0,,0.18,0.76,0.0,type intendedFor
567,Hobby en Vrije tijd,Borduren en Borduurmachines,1228,63.0,15119,183.0,83,0.91,16.75,8.125,28.9625,0.87,0.1,,,0,,0.66,0.26,0.0,type kind
568,Antiek en Kunst,Antiek | Keramiek en Aardewerk,1502,62.9,30133,598.4,50,0.81,35.0,22.5,48.75,0.53,0.4,,,0,,,,,
569,Computers en Software,Servers,1417,62.9,682,20.0,34,0.44,375.0,162.5,3247.75,0.87,0.13,,,0,,0.08,0.65,0.006,processorSpeed memoryRAM properties
570,Huis en Inrichting,Lampen | Kroonluchters,1944,62.9,6628,127.6,52,0.36,175.0,114.75,367.5,0.83,0.13,,,0,,0.07,0.84,0.0,lampSocket material
571,Kinderen en Baby's,Kinderkleding | Maat 146,591,62.9,11074,161.1,69,0.92,10.0,5.0,17.5,0.8,0.2,brand_kids_clothing,0.29,299,H&M; Hema; WE; WE Fashion; Vingino,0.13,0.83,0.0,intendedFor clothingType brand_kids_clothing
572,Kleding | Dames,"Leggings, Maillots en Panty's",1676,62.9,2989,53.7,56,0.94,7.5,5.0,8.75,0.87,0.13,clothingBrand,0.13,299,Hema; H&M; Zeeman; Shein; Primark,0.55,0.33,0.0,clothingType size clothingBrand color
573,Computers en Software,Laptoptassen,1654,62.8,3574,55.3,65,0.76,25.0,10.0,32.5,0.63,0.37,brandLaptopBag,0.28,11,Case Logic; Targus; HP; Samsonite; Dell,0.25,0.66,0.0,type laptopsize brandLaptopBag colorLaptopBag propertiesLaptopBag
574,Dieren en Toebehoren,Overige Dieren-accessoires,397,62.8,4150,92.7,45,0.56,40.0,10.0,85.0,0.67,0.17,,,0,,0.32,0.44,0.0,
575,Huis en Inrichting,Barkrukken,2128,62.8,8182,218.7,37,0.2,72.5,36.25,156.25,0.73,0.2,,,0,,0.12,0.82,0.0,height number material properties
576,Sport en Fitness,Fitnessapparatuur,803,62.8,18296,430.7,42,0.18,550.0,250.0,1000.0,0.77,0.17,,,0,,0.06,0.88,0.0,type material muscleGroup
577,Spelcomputers en Games,Games | Overige,364,62.7,4082,74.6,55,0.88,22.5,6.75,76.25,0.57,0.37,,,0,,0.11,0.83,0.001,genre numberOfPlayers ageGroup multiplayerPossibilities
578,Fietsen en Brommers,Scooters | Peugeot,2739,62.7,1261,45.9,27,0.3,850.0,237.5,1544.25,0.53,0.43,model,0.45,4,Vivacity; Speedfight; Ludix; Jet force,0.02,0.9,0.0,constructionYear mileage model maximum speed fuel engineDisplacement
579,Kinderen en Baby's,Speelgoed | Speelgoedvoertuigen,2131,62.7,30452,470.0,65,0.68,35.0,25.0,67.5,0.77,0.23,,,0,,0.17,0.78,0.0,properties
580,Kleding | Heren,Riemen en Ceinturen,1495,62.7,1797,23.4,77,0.89,28.75,11.875,91.875,0.77,0.23,brand_mens_clothing,0.08,299,Louis Vuitton; Harley-Davidson; Gucci; Tommy Hilfiger; Petrol Industries,0.37,0.39,0.0,type brand_mens_clothing length color properties
581,Postzegels en Munten,Munten en Bankbiljetten | Verzamelingen,1798,62.7,1515,29.6,51,0.87,55.0,9.5,1050.0,0.4,0.47,,,0,,,,,type region
582,Boeken,Gedichten en Poëzie,1463,62.6,5841,128.1,46,0.98,4.95,4.0,9.95,0.93,0.07,,,0,,0.08,0.45,0.0,numberOfAuthors yearOriginal
583,Antiek en Kunst,Antiek | Woonaccessoires,1500,62.5,23507,369.3,64,0.66,37.5,15.625,71.25,0.73,0.27,,,0,,,,,
584,Auto diversen,Aanhangwagen-onderdelen,1134,62.5,3434,73.7,47,0.44,80.0,40.0,425.0,0.8,0.1,,,0,,0.25,0.55,0.0,
585,Auto's,Alfa Romeo,92,62.5,1271,50.3,25,0.0,8400.0,4571.0,16837.5,0.93,0.07,model,0.97,22,MiTo; Giulietta; Stelvio; Giulia; Tonale,0.0,0.71,0.0,constructionYear mileage warranty model fuel range hybridType batteryChargeTime
586,Computers en Software,NAS,3017,62.5,414,15.6,27,0.74,112.5,51.25,218.75,0.63,0.3,,,0,,0.08,0.83,0.002,
587,Dieren en Toebehoren,Vissen | Vijvervissen,425,62.5,2418,66.7,36,,150.0,60.0,1000.0,0.63,0.27,,,0,,,,,kind
588,Huis en Inrichting,Fauteuils,1940,62.5,32860,846.7,39,0.22,575.0,237.5,1673.0,0.73,0.17,,,0,,0.06,0.89,0.0,width depth material
589,Muziek en Instrumenten,Blaasinstrumenten | Trompetten,779,62.5,413,10.0,41,0.7,172.5,90.0,643.75,0.77,0.17,,,0,,0.07,0.85,0.0,type properties
590,Cd's en Dvd's,Cd's | Hardrock en Metal,2714,62.5,11150,159.4,70,0.86,12.0,5.0,25.0,0.97,0.03,,,0,,0.0,0.72,0.0,cdSchlagersFormat cdSchlagersReleaseYear cdHardrockGenre properties
591,Antiek en Kunst,Antiek | Speelgoed,1507,62.4,12076,218.9,55,0.86,35.0,17.5,103.0,0.5,0.43,,,0,,,,,
592,Antiek en Kunst,Antiek | Gereedschap en Instrumenten,1501,62.4,10727,200.4,54,0.72,40.0,24.9625,72.5,0.53,0.4,,,0,,,,,
593,Auto's,Ford,112,62.4,14273,605.7,24,0.0,9000.0,4850.0,14175.0,0.97,0.03,model,0.99,25,Focus; Fiësta; Kuga; Ka; Puma,0.02,0.81,0.0,constructionYear mileage warranty model fuel range hybridType batteryChargeTime
594,Caravans en Kamperen,Caravan accessoires,292,62.4,11676,224.0,52,0.53,75.0,17.5,187.5,0.73,0.23,,,0,,0.23,0.64,0.0,
595,Computers en Software,3D Printers,2842,62.4,2239,54.1,41,0.51,190.0,25.0,325.0,0.6,0.33,,,0,,0.28,0.64,0.017,technology3DPrinter print caracteristics
596,Dieren en Toebehoren,Vissen | Aquaria en Toebehoren,396,62.4,12780,308.0,41,0.46,65.0,32.5,125.0,0.5,0.3,brandFishAquarium,0.23,20,Superfish; Juwel; Eheim; JBL; Tetra,0.26,0.51,0.0,type brandFishAquarium propertiesFishAquarium
597,Telecommunicatie,Mobiele telefoons | Blackberry,1954,62.4,118,3.4,34,0.81,60.0,34.375,131.25,0.77,0.23,,,0,,0.12,0.77,0.0,subscription simlock cameraResolution color properties
598,Hobby en Vrije tijd,Kaarten | Zelf maken,1401,62.4,14278,257.4,55,0.94,1.0,0.5,5.7125,0.97,0.03,,,0,,0.74,0.22,0.0,type theme
599,Tuin en Terras,Zitmaaiers,2810,62.4,1922,43.0,45,0.31,1650.0,1000.0,2350.0,0.93,0.07,,,0,,0.21,0.72,0.0,cuttingWidth properties
600,"Audio, Tv en Foto",Fotografie | Geheugenkaarten,493,62.3,1067,27.7,38,0.9,7.0,4.0,20.0,0.97,0.03,,,0,,0.31,0.63,0.001,type capacity suitableFor featuresMemoryCard
601,Doe-het-zelf en Verbouw,Hout en Planken,252,62.3,9238,232.4,40,0.23,50.0,4.6875,210.0,0.73,0.03,,,0,,0.26,0.58,0.0,type kindOfTimber length thickness properties
602,Caravans en Kamperen,Kampeeraccessoires,315,62.3,18076,301.9,60,0.55,42.5,9.5,72.5,0.77,0.17,,,0,,0.25,0.63,0.0,
603,Fietsen en Brommers,Brommeronderdelen | Puch,718,62.3,1400,29.4,48,0.66,49.75,23.125,385.0,0.67,0.3,,,0,,0.17,0.69,0.0,type
604,Sport en Fitness,Dansen,3154,62.3,974,16.6,59,0.78,40.0,30.0,75.0,0.73,0.2,,,0,,0.21,0.73,0.0,type
605,Auto's,Nissan,135,62.2,4480,192.9,23,0.0,9070.0,7833.75,15450.0,1.0,0.0,model,0.99,33,Qashqai; Micra; Juke; Note; X-Trail,0.02,0.8,0.0,constructionYear mileage warranty model fuel range hybridType batteryChargeTime
606,Boeken,Psychologie,222,62.2,15317,242.3,63,0.96,15.0,10.0,34.99,0.8,0.2,,,0,,0.1,0.62,0.0,subject yearOriginal
607,Witgoed en Apparatuur,Zonnebanken en Gezichtsbruiners,1359,62.2,1536,31.6,49,0.27,125.0,50.0,150.0,0.67,0.27,model,0.89,3,Zonnebank enkelzijdig; Zonnebank dubbelzijdig; Gezichtsbruiner,0.04,0.87,0.002,model numberOfLights
608,Kinderen en Baby's,Kinderkamer | Bedden,579,62.2,12344,246.3,50,0.15,165.0,102.5,287.5,0.8,0.2,,,0,,0.05,0.87,0.0,length width properties
609,Auto's,Lancia,123,62.1,259,9.6,27,0.01,3724.5,1975.0,6108.75,0.97,0.03,model,0.95,13,Ypsilon; Delta; Musa; Kappa; Thema,0.01,0.81,0.0,constructionYear mileage warranty model fuel range hybridType batteryChargeTime
610,Doe-het-zelf en Verbouw,Gereedschap | Lasapparaten,258,62.1,3328,72.9,46,0.5,1450.0,86.25,2400.0,0.6,0.3,,,0,,0.25,0.61,0.0,type power
611,Verzamelen,Luchtvaart en Vliegtuigspotten,918,62.1,8284,113.0,73,0.9,47.0,31.875,55.375,0.2,0.77,,,0,,0.37,0.56,0.0,type
612,Verzamelen,Beren en Cherished Teddies,900,62.1,5282,62.4,85,0.86,22.5,7.75,76.25,0.53,0.3,brand,0.52,4,Cherished Teddies; Steiff; Forever Friends; Me To You,0.13,0.82,0.0,type brand
613,"Audio, Tv en Foto",Weerstations en Barometers,1725,62.0,1392,29.0,48,0.75,39.5,19.25,50.0,0.57,0.43,,,0,,0.11,0.78,0.01,type
614,Boeken,Stripboeken,227,62.0,84874,1322.4,64,0.84,140.0,110.625,223.75,0.2,0.73,,,0,,0.08,0.32,0.0,number yearOriginal
615,Fietsen en Brommers,Brommers | Overige merken,682,62.0,1626,51.0,32,0.27,1074.5,387.5,1912.5,0.77,0.17,,,0,,0.08,0.85,0.0,constructionYear mileage engineDisplacement maximum speed numberOfGears
616,Huis en Inrichting,Keuken | Bestek,1941,62.0,7884,178.1,44,0.83,12.75,6.0,35.0,0.7,0.17,bestekMerk,0.15,20,Gero; Sola; Amefa; IKEA; Laguiole,0.31,0.5,0.0,bestekSoort type material bestekMerk
617,Kinderen en Baby's,Kinderkleding | Maat 134,589,62.0,11263,183.9,61,0.91,7.0,4.5,10.0,0.83,0.1,brand_kids_clothing,0.27,299,H&M; Hema; WE; WE Fashion; Vingino,0.12,0.84,0.0,intendedFor clothingType brand_kids_clothing
618,Sport en Fitness,Voetbal,816,62.0,31508,487.7,65,0.85,28.75,15.0,100.0,0.57,0.27,,,0,,0.35,0.59,0.0,type shoeSize clothingSize
619,Sport en Fitness,Sauna,805,62.0,1001,23.9,42,0.43,1995.0,1272.5,2772.5,0.97,0.0,,,0,,0.4,0.53,0.0,type kind
620,Hobby en Vrije tijd,Stempelen,1974,62.0,2758,58.0,48,0.95,2.5,2.0,3.0,0.93,0.03,,,0,,0.39,0.54,0.0,type
621,Kleding | Heren,Hoeden en Petten,641,62.0,9290,142.6,65,0.91,20.0,15.0,87.5,0.7,0.23,brand_mens_clothing,0.08,299,New Era; Gucci; Nike; Adidas; Puma,0.44,0.37,0.0,type brand_mens_clothing size
622,Computers en Software,Printers,342,61.9,6511,153.3,42,0.45,65.0,40.0,99.0,0.57,0.33,,,0,,0.15,0.74,0.032,type printTechnology functions properties
623,Huis en Inrichting,Kasten | Wandmeubels,1256,61.9,3605,98.7,37,0.22,105.0,47.5,225.0,0.7,0.27,,,0,,0.11,0.82,0.0,height width depth type material
624,Kinderen en Baby's,Kinderkleding | Maat 164,594,61.9,13639,194.4,70,0.92,10.0,6.5,17.5,0.77,0.23,brand_kids_clothing,0.31,299,Vingino; H&M; Cars Jeans; Tommy Hilfiger; Adidas,0.15,0.8,0.0,intendedFor clothingType brand_kids_clothing
625,Muziek en Instrumenten,Drumstellen en Slagwerk,742,61.9,3199,78.3,41,0.39,300.0,210.0,675.0,0.63,0.23,brand,0.29,7,Pearl; Roland; Tama; Yamaha; Sonor,0.07,0.89,0.0,brand properties
626,Antiek en Kunst,Antiek | Kantoor en Zakelijk,1841,61.8,3283,59.3,55,0.63,450.0,118.5,13237.5,0.63,0.3,,,0,,,,,
627,Muziek en Instrumenten,Accordeons,729,61.8,925,17.6,53,0.48,287.5,143.75,1010.0,0.77,0.2,brand,0.3,6,Hohner; Weltmeister; Accordiola; Marinucci; Delicia,0.06,0.86,0.0,kind size brand properties
628,Tuin en Terras,Buitenverlichting,281,61.8,5241,93.9,56,0.59,49.95,27.5,150.0,0.5,0.4,,,0,,0.47,0.44,0.0,type material power energySupply properties
629,"Audio, Tv en Foto",Fotografie | Onderwatercamera's,497,61.7,242,3.6,68,0.82,77.5,23.75,312.5,0.73,0.23,brandUnderwaterCamera,0.5,20,Olympus; Canon; SeaLife; Panasonic; Sea & Sea,0.2,0.7,0.004,type brandUnderwaterCamera maximumDepth featuresUnderwaterCamera suitableForUnderwaterCamera
630,Doe-het-zelf en Verbouw,Deuren en Horren,244,61.7,21004,489.4,43,0.24,465.0,115.0,1062.5,0.73,0.2,,,0,,0.27,0.65,0.0,type height width material caracteristics
631,Fietsen en Brommers,Scooters | Yamaha,726,61.7,663,22.9,29,0.28,1274.5,875.0,2187.5,0.6,0.4,model,0.58,3,Aerox; Neo's; JogR of RR,0.04,0.86,0.0,constructionYear mileage model maximum speed fuel engineDisplacement
632,Huis en Inrichting,Lampen | Vloerlampen,1259,61.7,19861,463.6,43,0.21,50.0,30.0,160.0,0.73,0.23,,,0,,0.05,0.88,0.0,height lampSocket material
633,Kinderen en Baby's,Kinderkleding | Maat 140,590,61.7,13575,205.0,66,0.91,10.495000000000001,5.0,23.75,0.8,0.2,brand_kids_clothing,0.27,299,Vingino; H&M; Adidas; Tommy Hilfiger; Nike,0.13,0.83,0.0,intendedFor clothingType brand_kids_clothing
634,Sport en Fitness,Honkbal en Softbal,1782,61.7,457,9.6,48,0.78,40.0,30.0,52.5,0.7,0.23,,,0,,0.35,0.54,0.0,type kind
635,Verzamelen,Ansichtkaarten | Nederland,897,61.7,180248,3058.7,59,0.98,2.5,2.0,3.0,0.9,0.07,,,0,,0.0,0.0,0.0,region period
636,Hobby en Vrije tijd,Overige Hobby en Vrije tijd,1264,61.7,23169,362.0,64,0.68,250.0,10.0,600.0,0.63,0.17,,,0,,0.44,0.43,0.0,
637,"Audio, Tv en Foto","Overige Audio, Tv en Foto",41,61.6,2843,65.3,44,0.71,30.0,10.425,65.0,0.67,0.27,,,0,,0.22,0.6,0.009,
638,Kinderen en Baby's,Kinderkleding | Maat 116,586,61.6,9434,154.4,61,0.93,12.5,7.5,29.375,0.73,0.27,brand_kids_clothing,0.25,299,H&M; Vingino; Z8; Persival; Ralph Lauren,0.18,0.78,0.0,intendedFor clothingType brand_kids_clothing
639,Kleding | Heren,Sokken en Kousen,1677,61.6,1762,33.6,52,0.94,11.969999999999999,9.337499999999999,15.0,0.9,0.1,brand_mens_clothing,0.06,299,Nike; Meindl; Adidas; Stanno; Lotto,0.87,0.07,0.0,size brand_mens_clothing color
640,"Sieraden, Tassen en Uiterlijk",Beautycases,1828,61.6,2626,42.1,62,0.74,25.0,9.625,35.0,0.77,0.23,,,0,,0.25,0.66,0.0,type color properties
641,Tuin en Terras,Grasmaaiers,250,61.6,7677,177.0,43,0.28,50.0,35.0,150.0,0.73,0.23,,,0,,0.12,0.82,0.0,propulsion mowingWidth mowingMethod properties
642,Doe-het-zelf en Verbouw,Hang- en Sluitwerk,1869,61.5,13568,246.7,55,0.75,22.5,16.25,60.0,0.73,0.2,,,0,,0.43,0.45,0.0,type material
643,Spelcomputers en Games,Spelcomputers | Nintendo Consoles | Accessoires,2800,61.5,1269,29.7,43,0.83,20.0,15.0,38.725,0.77,0.2,,,0,,0.19,0.75,0.003,suitable type characteristics
644,Huis en Inrichting,Tafelkleden,3120,61.5,2969,61.0,49,0.87,8.0,5.0,22.5,0.8,0.13,,,0,,0.36,0.53,0.0,shape tafelkledenType tafelkledenLengte tafelkledenBreedte tafelkledenKleur tafelkledenMat tafelkledenEig
645,Kinderen en Baby's,Kinderkleding | Maat 152,592,61.5,15914,241.6,66,0.92,10.0,5.475,15.0,0.73,0.23,brand_kids_clothing,0.3,299,Vingino; H&M; Adidas; Cars Jeans; Tommy Hilfiger,0.14,0.82,0.0,intendedFor clothingType brand_kids_clothing
646,Kinderen en Baby's,Kinderkleding | Maat 170,595,61.5,4954,68.6,72,0.92,8.95,5.0,15.0,0.77,0.23,brand_kids_clothing,0.35,299,H&M; Vingino; WE Fashion; WE; Coolcat,0.17,0.78,0.0,intendedFor clothingType brand_kids_clothing
647,Postzegels en Munten,Bankbiljetten | Europa | Eurobiljetten,1787,61.5,783,10.3,76,0.95,61.25,27.75,166.875,0.67,0.33,,,0,,,,,type country faceValue
648,Caravans en Kamperen,Vouwwagens,321,61.4,689,12.7,54,0.1,1650.0,625.0,6900.0,0.83,0.13,brand,0.76,19,Jamet; Cabanon; Trigano; Holtkamper; Alpenkreuzer,,,,constructionYear brand numberOfSleepingPlaces color kitchen
649,Kleding | Heren,Heren-kledingpakketten,3149,61.4,2701,53.4,51,0.84,21.45,9.375,65.0,0.7,0.27,,,0,,0.31,0.47,0.0,size
650,Postzegels en Munten,Postzegels | Afrika,1811,61.4,7428,143.3,52,0.95,1.625,0.13749999999999998,5.0,1.0,0.0,,,0,,0.0,0.0,0.0,country
651,Antiek en Kunst,Antiek | Spiegels,2663,61.3,6663,134.0,50,0.36,59.5,38.75,100.0,0.7,0.27,,,0,,,,,width height shape
652,Boeken,Kinderboeken | Jeugd | onder 10 jaar,215,61.3,63896,1184.7,54,0.89,13.75,7.5,40.0,0.8,0.13,,,0,,0.07,0.5,0.0,type yearOriginal
653,Computers en Software,Accu's en Batterijen,2724,61.3,1193,15.0,80,0.83,75.0,20.0,1999.0,0.83,0.17,,,0,,0.68,0.27,0.007,
654,Huis en Inrichting,Stoelen,530,61.3,70849,1779.1,40,0.2,362.5,153.75,578.75,0.7,0.13,,,0,,0.08,0.88,0.0,numberOfChairs color material
655,Huis en Inrichting,Woonaccessoires | Boeddhabeelden,2865,61.3,4108,77.1,53,0.68,29.0,16.25,150.0,0.6,0.27,,,0,,0.13,0.7,0.0,boeddhaHoogte boeddhaMat boeddhaKleur boeddhaEig
656,Motoren,Motoren | KTM,2649,61.3,1875,65.3,29,0.03,4980.0,4047.5,9125.0,0.93,0.07,,,0,,,,,constructionYear mileage motorcycleType enginePower engineDisplacement numberOfCilinders licenseMotorbikes warranty
657,Muziek en Instrumenten,Behuizingen en Koffers,730,61.3,3120,54.1,58,0.48,79.25,50.0,206.25,0.7,0.27,,,0,,0.2,0.73,0.0,intendedFor properties
658,Verzamelen,Speelgoed,942,61.3,18208,322.1,57,0.83,50.0,15.0,399.0,0.4,0.5,,,0,,0.16,0.73,0.0,
659,Hobby en Vrije tijd,Stoffen en Lappen,1244,61.3,8318,126.7,66,0.92,16.25,10.0,33.375,0.7,0.23,,,0,,0.73,0.22,0.0,material width length color
660,Auto's,Mini,133,61.2,5291,207.7,25,0.0,9450.0,5950.0,12142.5,1.0,0.0,model,0.94,11,Countryman; Cooper; Clubman; One; Cabrio,0.05,0.74,0.0,constructionYear mileage warranty model fuel range hybridType batteryChargeTime
661,Boeken,Geschiedenis | Wereld,1882,61.2,12697,193.4,66,0.96,12.5,5.0,37.495000000000005,0.83,0.17,,,0,,0.07,0.44,0.0,region period yearOriginal
662,Boeken,Partijen en Verzamelingen,2694,61.2,3941,56.7,69,0.71,47.5,17.5,137.5,0.57,0.4,,,0,,0.04,0.56,0.0,subject
663,Huis en Inrichting,Woonaccessoires | Vazen,1516,61.2,26816,534.4,50,0.58,25.0,13.125,38.5,0.77,0.2,,,0,,0.14,0.69,0.0,color heightVases material vazenEig
664,Huis en Inrichting,Woonaccessoires | Lijsten,2769,61.2,8346,163.3,51,0.59,25.0,10.0,90.0,0.77,0.23,,,0,,0.19,0.66,0.0,lijstenType material lijstenKleur heightFrames widthFrames lijstenEig
665,Huis en Inrichting,Kasten | Roldeurkasten en Archiefkasten,2765,61.2,2878,94.9,30,0.27,47.5,30.0,50.0,0.63,0.13,,,0,,0.08,0.83,0.0,height width depth material properties
666,Witgoed en Apparatuur,Koffiemachine-accessoires,3182,61.2,2305,48.4,48,0.66,20.0,14.0,85.0,0.73,0.17,brandCoffeeMachineAccessories,0.25,20,Nespresso; Jura; Philips; De'Longhi; Dolce Gusto,0.29,0.59,0.008,typeCoffeeMachineAccessories brandCoffeeMachineAccessories suitableForCoffeeMachineAccessories
667,Kinderen en Baby's,Speelgoed | Buiten | Accuvoertuigen,3131,61.2,2891,52.9,55,,77.5,28.75,126.25,0.8,0.2,,,0,,0.31,0.61,0.0,
668,Kleding | Heren,Grote Maten,1331,61.2,1436,32.4,44,0.94,20.0,10.0,42.5,0.6,0.4,brand_mens_clothing,0.23,299,PME Legend; State of Art; Vanguard; A Fish Named Fred; C&A,0.32,0.55,0.0,clothingType brand_mens_clothing color
669,Tuin en Terras,Vijver-toebehoren,3007,61.2,2820,64.1,44,0.52,112.5,85.0,234.9375,0.6,0.33,,,0,,0.3,0.56,0.0,type
670,"Audio, Tv en Foto",Mp3-spelers | Accessoires | Apple iPod,1723,61.1,195,6.6,30,0.86,25.0,20.0,47.5,0.87,0.13,,,0,,0.27,0.64,0.021,type suitableFor
671,Boeken,"Gezondheid, Dieet en Voeding",219,61.1,12286,204.7,60,0.95,14.969999999999999,9.95,41.2425,0.8,0.17,,,0,,0.1,0.58,0.0,subject yearOriginal
672,Doe-het-zelf en Verbouw,Lieren en Takels,3049,61.1,2394,50.6,47,0.42,90.0,40.0,264.5,0.77,0.2,,,0,,0.25,0.58,0.0,propulsion
673,Computers en Software,Ontwerp- en Bewerkingssoftware,369,61.1,778,9.1,85,0.81,74.95,69.95,74.95,1.0,0.0,,,0,,0.44,0.5,0.0,suitableFor
674,Watersport en Boten,Duiken,982,61.1,5649,79.9,71,0.74,30.0,15.0,187.5,0.73,0.27,,,0,,0.15,0.77,0.0,type
675,Hobby en Vrije tijd,Kaarten | Zelfgemaakt,2745,61.1,5423,102.1,53,0.9,1.0,1.0,1.275,0.9,0.03,,,0,,0.87,0.1,0.0,theme
676,Postzegels en Munten,Postzegels | Europa | Oostenrijk,1807,61.1,3730,83.4,45,0.95,0.05,0.05,0.06,0.93,0.03,,,0,,0.0,0.0,0.0,
677,Tuin en Terras,Bergingen en Tuinkasten,3000,61.1,1594,47.1,34,0.27,100.0,29.0,250.0,0.77,0.17,,,0,,0.24,0.6,0.0,type material
678,Antiek en Kunst,Kunst | Schilderijen | Klassiek,25,61.0,29430,522.7,56,0.57,60.0,22.5,180.0,0.5,0.47,,,0,,,,,subjectClassicPainting styleClassicPainting techniqueClassicPainting surfaceClassicPainting featuresClassicPainting
679,"Audio, Tv en Foto",Optische apparatuur | Telescopen,502,61.0,796,18.3,44,0.55,107.5,52.5,257.5,0.7,0.27,,,0,,0.14,0.75,0.004,type diameter properties
680,Spelcomputers en Games,Spelcomputers | Sony PlayStation Portables | Accessoires,2802,61.0,81,3.3,25,0.72,50.0,16.25,159.995,0.83,0.13,,,0,,0.25,0.67,0.025,type suitable charcteristics
681,Huis en Inrichting,Slaapkamer | Beddengoed,525,61.0,13118,306.0,43,0.76,17.5,8.75,64.97,0.67,0.23,beddengoedMerk,0.08,20,IKEA; HEMA; Pip Studio; Riviera Maison; Cinderella,0.45,0.48,0.0,type numberOfPersons color beddengoedMerk beddengoedMat beddengoedEig
682,Kinderen en Baby's,Kinderkleding | Maat 104,584,61.0,8320,140.7,59,0.92,7.5,3.0,10.0,0.8,0.17,brand_kids_clothing,0.24,299,H&M; Z8; Vingino; Disney; Ralph Lauren,0.19,0.77,0.0,intendedFor clothingType brand_kids_clothing
683,Hobby en Vrije tijd,Verzamelkaartspellen | Lorcana,3245,61.0,20,2.9,7,0.9,70.0,32.5,320.0,0.65,0.2,,,0,,0.7,0.25,0.0,type properties
684,Witgoed en Apparatuur,Kookplaten,546,60.9,4970,140.3,35,0.32,65.0,41.25,293.75,0.63,0.27,,,0,,0.15,0.76,0.008,kind type cookingZones properties
685,Motoren,Motoren | Suzuki,707,60.9,2181,71.0,31,0.02,5000.0,1700.0,7499.0,0.9,0.1,,,0,,,,,constructionYear mileage motorcycleType enginePower numberOfCilinders engineDisplacement licenseMotorbikes warranty
686,Telecommunicatie,Mobiele telefoons | Sagem,840,60.9,9,0.1,63,0.89,45.0,24.5,274.9975,0.67,0.33,model,0.44,3,Klassiek of Candybar; Inklapmodel; Schuifmodel,0.0,0.89,0.0,subscription simlock model properties
687,Dieren en Toebehoren,"Schapen, Geiten en Varkens",1485,60.8,2710,84.3,32,,50.0,20.0,200.0,0.43,0.37,,,0,,,,,kind gender age
688,Huis en Inrichting,Woonaccessoires | Prullenbakken,1514,60.8,4852,115.3,42,0.37,30.0,21.25,47.5,0.83,0.13,,,0,,0.15,0.75,0.0,material height volume properties
689,Verzamelen,Retro,1390,60.8,16483,220.7,75,0.86,24.75,5.0,51.25,0.73,0.27,,,0,,,,,type
690,"Sieraden, Tassen en Uiterlijk",Uiterlijk | Dieet en Afvallen,2633,60.8,225,4.7,48,0.83,50.0,28.75,90.0,0.83,0.13,,,0,,0.6,0.33,0.0,type
691,Huis en Inrichting,"Woonaccessoires | Schilderijen, Tekeningen en Foto's",1668,60.7,16834,341.0,49,0.49,44.975,17.5,92.5,0.53,0.4,,,0,,0.18,0.7,0.0,type height width properties
692,Auto diversen,Schadeauto's,149,60.6,2065,95.4,22,0.03,9749.5,4861.25,16937.5,0.9,0.03,brand,0.96,97,Volkswagen; Mercedes-Benz; BMW; Ford; Peugeot,,,,constructionYear mileage brand engineDisplacement transmission fuel body color
693,Huis en Inrichting,Woonaccessoires | Onderzetters,2872,60.6,4849,101.9,48,0.85,8.975,5.0,15.587499999999999,0.77,0.17,,,0,,0.42,0.39,0.0,onderzettersType onderzettersMat onderzettersKleur onderzettersEig
694,Sport en Fitness,Biljarten en Poolen,789,60.6,1840,44.1,42,0.55,125.0,25.0,169.75,0.6,0.4,,,0,,0.22,0.67,0.0,type
695,Postzegels en Munten,Postzegels | Suriname,1802,60.6,4349,92.1,47,0.98,7.5,4.0,11.5,0.93,0.07,,,0,,0.0,0.0,0.0,
696,"Audio, Tv en Foto",Bandrecorders,32,60.5,1466,31.7,46,0.59,35.0,25.0,86.25,0.7,0.27,,,0,,,,,type properties
697,Boeken,Esoterie en Spiritualiteit,210,60.5,28575,454.3,63,0.97,25.0,16.25,47.4925,0.53,0.4,,,0,,0.14,0.55,0.0,type subject yearOriginal
698,Computers en Software,Pc speakers,332,60.5,1570,37.3,42,0.6,31.0,11.5,63.7475,0.77,0.23,,,0,,0.11,0.79,0.004,type
699,Spelcomputers en Games,Games | Xbox Original,368,60.5,2078,43.3,48,0.94,4.5,3.25,10.0,0.8,0.17,,,0,,0.03,0.92,0.0,genre numberOfPlayers ageGroup multiplayerPossibilities
700,Fietsen en Brommers,Fietsaccessoires | Fietsstoeltjes,457,60.5,14248,313.3,45,0.27,32.5,25.0,38.75,0.87,0.1,,,0,,0.04,0.92,0.0,type carryingCapacity properties
701,Auto's,Opel,138,60.4,12696,534.1,24,0.0,9849.5,2958.5,11900.0,1.0,0.0,model,0.99,35,Corsa; Astra; Meriva; Mokka; Crossland X,0.01,0.82,0.0,constructionYear mileage warranty model fuel range hybridType batteryChargeTime
702,Auto's,Saab,148,60.4,622,20.9,30,0.01,6000.0,3950.0,9994.0,0.87,0.1,model,0.97,8,Saab 9-3; Saab 9-5; Saab 900; Saab 96; Saab 99,0.0,0.56,0.0,constructionYear mileage warranty model fuel range hybridType batteryChargeTime
703,Boeken,Filosofie,1462,60.4,4316,72.4,60,0.97,12.5,8.0,30.0,0.77,0.2,,,0,,0.1,0.55,0.0,subject yearOriginal
704,Dieren en Toebehoren,Konijnen,409,60.4,1864,65.3,29,,35.0,21.875,76.25,0.5,0.07,,,0,,,,,kind gender age properties
705,Postzegels en Munten,Postzegels | Oceanië,1813,60.4,5356,124.7,43,0.96,1.0,1.0,2.0,0.87,0.13,,,0,,0.0,0.0,0.0,
706,Boeken,Avontuur en Actie,204,60.3,8106,200.7,40,0.89,12.5,3.0,21.2375,0.77,0.23,,,0,,0.05,0.34,0.0,yearOriginal
707,Fietsen en Brommers,Steps,465,60.3,14986,317.3,47,0.28,299.0,182.0,547.0,0.83,0.17,,,0,,0.06,0.9,0.0,type
708,Huis en Inrichting,Kasten | Boekenkasten,515,60.3,10208,342.7,30,0.18,80.0,20.0,150.0,0.6,0.23,,,0,,0.05,0.89,0.0,width height depth type material
709,Motoren,Onderdelen | Oldtimers,2023,60.3,1256,24.4,51,0.74,75.0,35.0,262.5,0.63,0.23,,,0,,0.16,0.51,0.0,
710,Cd's en Dvd's,Cd's | Dance en House,1332,60.3,10804,170.9,63,0.96,8.75,3.0,10.0,0.87,0.13,,,0,,0.0,0.91,0.0,genre cdSchlagersFormat cdSchlagersReleaseYear properties
711,Tuin en Terras,Barbecue-accessoires,2960,60.3,7247,113.0,64,0.48,50.0,20.0,125.0,0.8,0.2,,,0,,0.43,0.52,0.0,
712,Tuin en Terras,Terrasverwarmers,2811,60.3,2601,49.9,52,0.34,82.0,57.5,116.5,0.8,0.13,,,0,,0.23,0.69,0.0,kind placement properties
713,Tuin en Terras,Kruiwagens,2998,60.3,950,29.4,32,0.26,45.0,13.5,62.475,0.83,0.17,,,0,,0.23,0.66,0.0,propulsion properties
714,Auto's,Hyundai,115,60.2,4860,213.4,23,0.0,9925.0,2550.0,15087.5,1.0,0.0,model,1.0,35,i10; Tucson; i20; Kona; i30,0.03,0.83,0.0,constructionYear mileage warranty model fuel range hybridType batteryChargeTime
715,Boeken,Techniek,235,60.2,4816,79.7,60,0.92,20.0,7.5,89.99,0.67,0.3,,,0,,0.07,0.47,0.0,subject yearOriginal
716,Fietsen en Brommers,Fietsen | Crossfietsen en BMX,1621,60.2,3925,112.0,35,0.23,187.5,65.0,546.25,0.63,0.33,,,0,,0.05,0.89,0.0,wheelSize material brakeType properties
717,Kinderen en Baby's,Babykleding | Maat 80,573,60.2,4995,92.3,54,0.91,5.0,2.875,7.0,0.73,0.2,brand_kids_clothing,0.25,299,Hema; H&M; Zeeman; Dirkje; Prenatal,0.19,0.77,0.0,intendedFor clothingType brand_kids_clothing
718,Muziek en Instrumenten,Soundmodules,772,60.2,306,7.3,42,0.8,265.0,147.5,416.75,0.67,0.23,brand,0.18,6,Roland; Yamaha; Korg; Dbx; E-MU,0.05,0.91,0.0,brand
719,Cd's en Dvd's,Dvd's | Filmhuis,1750,60.2,8734,104.9,83,0.98,5.0,4.0,29.95,0.9,0.1,,,0,,0.0,0.89,0.0,arthouseGenre region viewingAge properties bluRaySpokenLanguage bluRaySubtitles
720,Cd's en Dvd's,Dvd's | Horror,1751,60.2,8207,85.4,96,0.97,3.5,2.0,8.0,0.9,0.07,,,0,,0.0,0.91,0.0,genre viewingAge properties bluRaySpokenLanguage bluRaySubtitles
721,Spelcomputers en Games,Games | Sony PlayStation 2,1734,60.1,7673,150.9,51,0.94,6.0,4.5,40.0,0.73,0.23,,,0,,0.04,0.91,0.001,genre numberOfPlayers ageGroup multiplayerPossibilities
722,Fietsen en Brommers,Brommers | Vespa,686,60.1,584,21.7,27,0.39,2000.0,350.0,3100.0,0.8,0.2,model,0.05,1,Ciao,0.08,0.85,0.0,constructionYear mileage model engineDisplacement maximum speed numberOfGears
723,Huis en Inrichting,Kachels,513,60.1,7920,221.0,36,0.27,180.0,100.0,525.0,0.63,0.13,,,0,,0.2,0.72,0.0,kind type fuel
724,Watersport en Boten,Accessoires en Onderhoud,977,60.1,14902,201.9,74,0.69,195.0,41.5,2025.0,0.57,0.23,,,0,,0.39,0.51,0.0,type
725,Auto's,Volkswagen,157,60.0,26636,1086.6,25,0.0,13372.0,7208.75,25950.0,1.0,0.0,model,0.98,38,Golf; Polo; Tiguan; up!; T-Roc,0.03,0.72,0.0,constructionYear mileage warranty model fuel range hybridType batteryChargeTime
726,Auto's,Bestelauto's,95,60.0,23579,981.3,24,0.03,21950.0,13950.0,33750.0,0.97,0.03,brand,0.98,37,Mercedes-Benz; Volkswagen; Ford; Renault; Opel,0.06,0.73,0.0,constructionYear mileage warranty brand fuel range hybridType batteryChargeTime
727,Auto's,BMW,96,60.0,19365,779.1,25,0.0,21947.5,13410.0,40950.0,1.0,0.0,model,0.99,37,3-Serie; 5-Serie; 1-Serie; X5; X1,0.07,0.7,0.0,constructionYear mileage warranty model fuel range hybridType batteryChargeTime
728,Auto's,Audi,93,60.0,14948,610.3,24,0.0,28962.5,21700.0,38211.25,1.0,0.0,model,0.99,48,A3; A6; A4; Q3; A1,0.03,0.76,0.0,constructionYear mileage warranty model fuel range hybridType batteryChargeTime
729,Auto's,Kia,119,60.0,10085,444.6,23,0.0,9995.0,8497.5,13924.5,0.97,0.03,model,0.98,34,Picanto; (Pro) Cee d; Niro; Sportage; Stonic,0.09,0.8,0.0,constructionYear mileage warranty model fuel range hybridType batteryChargeTime
730,Auto's,Toyota,155,60.0,9732,435.1,22,0.0,10625.0,4386.25,14580.0,1.0,0.0,model,0.97,41,Yaris; Aygo; Rav4; Aygo X; C-HR,0.05,0.78,0.0,constructionYear mileage warranty model fuel range hybridType batteryChargeTime
731,Auto's,Volvo,158,60.0,9495,411.7,23,0.0,21950.0,10373.75,27946.0,1.0,0.0,model,0.98,32,XC60; V60; XC40; XC90; V70,0.04,0.77,0.0,constructionYear mileage warranty model fuel range hybridType batteryChargeTime
732,Auto's,Skoda,151,60.0,5434,223.3,24,0.0,14000.0,12220.0,17972.5,0.97,0.0,model,0.98,15,Octavia; Fabia; Kodiaq; Superb; Karoq,0.08,0.8,0.0,constructionYear mileage warranty model fuel range hybridType batteryChargeTime
733,Auto's,Mazda,129,60.0,3078,127.3,24,0.0,14950.0,7950.0,19962.25,1.0,0.0,model,0.99,29,CX-5; 2; 3; CX-3; MX-5,0.03,0.81,0.0,constructionYear mileage warranty model fuel range hybridType batteryChargeTime
734,Auto's,Land Rover,124,60.0,2791,114.3,24,0.0,28900.0,16650.0,46400.0,1.0,0.0,model,0.98,9,Range Rover Evoque; Range Rover (sport); Defender; Range Rover; Discovery Sport,0.03,0.77,0.0,constructionYear mileage warranty model fuel range hybridType batteryChargeTime
735,Auto's,Mitsubishi,134,60.0,2030,83.0,24,0.0,11795.0,6100.0,14974.5,0.97,0.0,model,0.99,19,Outlander; Space Star; Colt; ASX; Eclipse Cross,0.03,0.77,0.0,constructionYear mileage warranty model fuel range hybridType batteryChargeTime
736,Auto's,Lynk & Co,3211,60.0,1292,64.0,20,0.0,30899.0,21937.25,39899.0,1.0,0.0,model,1.0,4,1; 8; 2; 9,0.12,0.81,0.0,constructionYear mileage warranty model fuel range hybridType batteryChargeTime
737,Boeken,Motoren,2691,60.0,2231,33.3,67,0.92,18.5,15.0,21.0,0.87,0.13,,,0,,0.1,0.33,0.0,type
738,Huis en Inrichting,Kasten | Dressoirs,517,60.0,10260,328.0,31,0.2,612.5,145.0,1200.0,0.6,0.27,,,0,,0.05,0.88,0.0,width depth type material
739,Witgoed en Apparatuur,Broodbakmachines,1979,60.0,737,18.1,41,0.45,40.0,15.0,75.0,0.77,0.23,,,0,,0.1,0.82,0.007,type volume properties
740,Muziek en Instrumenten,Snaarinstrumenten | Gitaren | Akoestisch,746,60.0,4494,93.6,48,0.33,120.0,50.0,1075.0,0.73,0.23,,,0,,0.07,0.87,0.0,type properties
741,Hobby en Vrije tijd,Naaien en Fournituren,1973,60.0,6996,109.3,64,0.85,25.0,2.9875,40.5,0.63,0.27,,,0,,0.54,0.38,0.0,type
742,Cd's en Dvd's,Cd Singles,1340,60.0,17341,322.3,54,0.96,2.0,2.0,3.0,0.87,0.13,,,0,,0.0,0.77,0.0,genre cdSchlagersReleaseYear properties
743,"Audio, Tv en Foto",Opladers,1724,59.9,2283,36.9,62,0.91,20.0,10.0,42.5,0.83,0.13,,,0,,0.48,0.4,0.0,
744,Auto's,Mercedes-Benz,130,59.9,17642,697.1,25,0.0,19575.0,9448.75,30337.5,1.0,0.0,model,0.97,44,C-Klasse; A-Klasse; E-Klasse; CLA; B-Klasse,0.04,0.73,0.0,constructionYear mileage warranty model fuel range hybridType batteryChargeTime
745,Auto's,Porsche,144,59.9,2138,83.3,26,0.0,58175.0,28375.0,72125.0,1.0,0.0,model,0.98,18,Cayenne; 911; Macan; Panamera; Boxster,0.0,0.78,0.0,constructionYear mileage warranty model fuel range hybridType batteryChargeTime
746,Huis en Inrichting,Kasten | Schoenenkasten,2864,59.9,2217,86.1,26,0.21,40.0,20.0,65.0,0.73,0.2,,,0,,0.11,0.81,0.0,
747,Kleding | Dames,Dames-kledingpakketten,3146,59.9,5163,100.9,51,0.78,20.0,10.0,50.0,0.73,0.23,,,0,,0.14,0.6,0.0,size
748,Hobby en Vrije tijd,Vilt,1977,59.9,834,23.1,36,0.95,7.5,3.0,12.125,0.9,0.07,,,0,,0.71,0.17,0.0,type properties
749,Cd's en Dvd's,Vinyl | R&B en Soul,1763,59.9,4278,75.3,57,0.95,5.0,4.99,7.5,0.77,0.23,,,0,,0.0,0.76,0.0,genre vinylEditionType cdSchlagersReleaseYear size propertiesVinylPop
750,"Audio, Tv en Foto",Filmrollen,1115,59.8,2239,29.6,76,0.93,30.0,25.0,75.0,0.7,0.23,,,0,,,,,type
751,Boeken,Kunst en Cultuur | Beeldend,1887,59.8,20830,355.1,59,0.95,12.5,10.0,26.25,0.8,0.2,,,0,,0.08,0.55,0.0,subject yearOriginal
752,Spelcomputers en Games,Games | Xbox One,2891,59.8,2808,53.9,52,0.85,15.0,12.0,70.0,0.67,0.27,,,0,,0.08,0.88,0.001,genre numberOfPlayers ageGroup multiplayerPossibilities
753,Spelcomputers en Games,Games | Sony PlayStation Portable,1660,59.8,1973,37.9,52,0.93,8.0,6.25,23.73,0.83,0.17,,,0,,0.05,0.86,0.0,genre numberOfPlayers ageGroup multiplayerPossibilities
754,Dieren en Toebehoren,Kattenbakken,3096,59.8,2044,59.1,35,0.33,42.5,13.75,115.0,0.7,0.23,,,0,,0.23,0.59,0.0,type caracteristics
755,Fietsen en Brommers,Fietsaccessoires | Fietssloten,3114,59.8,1674,46.4,36,0.71,20.0,10.0,25.0,0.77,0.23,,,0,,0.33,0.57,0.0,kind caracteristics
756,Huis en Inrichting,Banken | Complete zithoeken,1939,59.8,8813,296.6,30,0.16,600.0,400.0,1224.5,0.7,0.23,,,0,,0.05,0.9,0.0,material
757,Kinderen en Baby's,Carnavalskleding en Verkleedspullen,2129,59.8,5025,111.9,45,0.83,8.95,5.0,19.994999999999997,0.8,0.2,,,0,,0.32,0.58,0.0,intendedFor size
758,Muziek en Instrumenten,Blaasinstrumenten | Saxofoons,1766,59.8,519,12.1,43,0.62,422.5,307.5,1000.0,0.73,0.2,,,0,,0.09,0.85,0.0,type properties
759,Cd's en Dvd's,Vinyl | Klassiek,1376,59.8,6031,160.7,38,0.87,2.0,2.0,5.0,0.67,0.23,,,0,,0.0,0.96,0.0,vinylEditionType type period cdClassicalComposer cdSchlagersReleaseYear size propertiesVinylPop
760,Auto's,Tesla,2830,59.7,986,57.3,17,0.0,28165.0,21875.0,37475.0,1.0,0.0,model,0.99,5,Model Y; Model 3; Model S; Model X; Roadster,0.0,0.77,0.0,constructionYear mileage warranty model fuel range hybridType batteryChargeTime
761,Doe-het-zelf en Verbouw,Geisers en Boilers,246,59.7,1886,49.6,38,0.43,150.0,71.25,198.75,0.53,0.33,,,0,,0.26,0.63,0.0,type fuel volume age properties
762,Kleding | Dames,T-shirts,637,59.7,36557,476.6,77,0.96,10.0,3.0,12.5,0.77,0.23,clothingBrand,0.24,299,H&M; Only; Zara; Esprit; Shein,0.21,0.56,0.0,size clothingBrand color type
763,Verzamelen,Poppetjes en Figuurtjes,933,59.7,43766,606.1,72,0.9,27.5,14.375,53.75,0.63,0.2,,,0,,0.35,0.56,0.0,
764,Antiek en Kunst,Antiek | Porselein,10,59.6,24003,401.7,60,0.8,55.0,32.5,175.0,0.4,0.5,,,0,,,,,
765,Antiek en Kunst,Antiek | Schalen,1103,59.6,11514,165.0,70,0.77,30.0,15.0,50.0,0.7,0.23,,,0,,,,,
766,Boeken,Luisterboeken,1889,59.6,2635,42.0,63,0.97,10.0,6.0,30.0,0.83,0.13,,,0,,,,,kind intendedFor yearOriginal
767,Doe-het-zelf en Verbouw,Transportwagens,2623,59.6,2559,64.9,39,0.27,80.0,35.0,200.0,0.7,0.17,,,0,,0.11,0.67,0.0,type volume
768,Huis en Inrichting,Kasten | Vitrinekasten,520,59.6,6220,185.9,33,0.19,150.0,35.0,262.5,0.6,0.37,,,0,,0.04,0.86,0.0,height width depth type material
769,Huis en Inrichting,Tafelonderdelen,531,59.6,3331,77.4,43,0.26,77.5,40.5,142.5,0.67,0.27,,,0,,0.2,0.71,0.0,kind length width shape material
770,Kinderen en Baby's,Speelgoed | Thomas de Trein,2880,59.6,2385,52.3,46,0.72,20.0,9.7425,31.25,0.83,0.1,,,0,,0.03,0.84,0.0,
771,Muziek en Instrumenten,Overige Muziek en Instrumenten,764,59.6,1982,35.6,56,0.64,75.0,40.0,350.0,0.67,0.2,,,0,,0.15,0.76,0.0,
772,Telecommunicatie,Vaste telefoons | Niet Draadloos,852,59.6,2011,32.6,62,0.78,47.5,21.5,57.5,0.57,0.4,,,0,,0.15,0.7,0.014,properties
773,Zakelijke goederen,Machines en Bouw | Heftrucks en Intern transport,1965,59.6,3429,125.9,27,0.19,5000.0,3250.0,8275.0,0.83,0.1,,,0,,,,,type propulsion liftingCapacity
774,Hobby en Vrije tijd,Modelbouw | Radiografisch | Vliegtuigen,2856,59.6,833,22.1,38,0.6,85.0,67.5,167.0,0.63,0.27,,,0,,0.3,0.49,0.01,engineType properties
775,Antiek en Kunst,Antiek | Meubels | Tafels,1506,59.5,10296,242.3,42,0.22,40.0,25.0,150.0,0.83,0.13,,,0,,,,,
776,Antiek en Kunst,Antiek | Tv's en Audio,11,59.5,1982,49.0,40,0.6,77.5,45.0,143.75,0.53,0.4,,,0,,,,,
777,Doe-het-zelf en Verbouw,Werkbanken,261,59.5,2745,78.4,35,0.25,100.0,30.0,333.0,0.67,0.17,,,0,,0.13,0.74,0.0,width properties
778,Computers en Software,Tablet-hoezen,2847,59.5,2194,35.7,61,0.84,25.0,12.5,125.0,0.67,0.27,,,0,,0.53,0.41,0.0,type screenSize
779,Dieren en Toebehoren,Vogels | Kanaries,1487,59.5,934,49.1,19,,32.5,16.25,72.5,0.6,0.1,,,0,,,,,kind gender
780,Huis en Inrichting,Lampen | Spots,2762,59.5,6556,116.3,56,0.66,25.0,8.935,44.995000000000005,0.63,0.3,spotsLampenMerk,0.15,20,Philips; IKEA; Qazqa; Eglo; Lucide,0.39,0.53,0.0,type material lampSocket spotsLampenMerk spotsLichtbron properties
781,Witgoed en Apparatuur,Onderdelen en Toebehoren,1982,59.5,8233,145.4,57,0.66,30.0,20.0,107.5,0.73,0.23,,,0,,0.39,0.49,0.01,
782,Muziek en Instrumenten,Blaasinstrumenten | Overige,763,59.5,567,12.1,47,0.74,149.95,40.0,297.5,0.67,0.23,,,0,,0.12,0.81,0.0,kind properties
783,Antiek en Kunst,Antiek | Vazen,14,59.4,29168,482.4,60,0.71,30.0,12.125,85.75,0.7,0.3,,,0,,,,,
784,Auto diversen,Krikken,3074,59.4,1237,32.9,38,0.49,52.475,17.3125,111.25,0.6,0.3,,,0,,0.39,0.47,0.0,kind method
785,Boeken,Atlassen en Landkaarten,202,59.4,8481,134.3,63,0.85,15.0,10.0,41.25,0.7,0.3,,,0,,0.05,0.47,0.0,type region mappingDate yearOriginal
786,Boeken,Politiek en Maatschappij,1466,59.4,5775,90.3,64,0.95,9.475,5.0,16.25,0.77,0.23,,,0,,0.1,0.55,0.0,subject region yearOriginal
787,Caravans en Kamperen,Voortenten en Luifels,320,59.4,850,20.6,41,0.21,400.0,145.0,750.0,0.73,0.2,brand,0.49,16,Dorema; Isabella; Thule; Walker Campingstyle; Brand,0.1,0.84,0.0,brand awningMaterial
788,Kinderen en Baby's,Boxen,580,59.4,8814,194.6,45,0.18,75.0,35.0,150.0,0.73,0.13,,,0,,0.03,0.93,0.0,shape properties
789,Kinderen en Baby's,Speelgoed | Racebanen,616,59.4,7097,147.3,48,0.62,20.0,15.0,25.0,0.53,0.47,brand,0.5,4,Hot Wheels; Carrera; Fleischmann; Tyco,0.2,0.73,0.0,type propulsion brand properties
790,Kinderen en Baby's,Kinderkamer | Complete kinderkamers,1670,59.4,3327,79.9,42,0.1,250.0,80.0,400.0,0.77,0.17,,,0,,0.02,0.93,0.0,intendedFor
791,Tuin en Terras,Waterpartijen en Fonteinen,1854,59.4,1120,28.7,39,0.38,77.5,46.25,170.5,0.77,0.23,,,0,,0.29,0.53,0.0,type material
792,Diversen,Bureau-accessoires,3193,59.3,4736,101.3,47,0.69,25.0,8.5,52.5,0.73,0.2,,,0,,0.26,0.57,0.0,
793,Fietsen en Brommers,Brommers | Tomos,685,59.3,1491,54.6,27,0.35,500.0,350.0,600.0,0.43,0.57,model,0.37,4,Standard; Quadro; Flexer; Revival,0.04,0.82,0.0,constructionYear mileage model engineDisplacement maximum speed numberOfGears
794,Kinderen en Baby's,Speelgoed | Buiten | Skelters,618,59.3,3278,86.0,38,0.16,75.0,45.0,107.5,0.5,0.47,brand,0.43,4,Berg; Mammoet; Puky; Buffalo,0.14,0.78,0.0,brand properties
795,Kleding | Dames,"Mutsen, Sjaals en Handschoenen",1679,59.3,11032,216.9,51,0.95,7.0,4.995,13.5,0.77,0.23,clothingBrand,0.08,299,Handgemaakt; Anna; H&M; Hema; Pieces,0.41,0.47,0.0,clothingBrand type size
796,Postzegels en Munten,Postzegels | Europa | België,1803,59.3,7567,122.0,62,0.95,1.25,0.33749999999999997,2.0625,1.0,0.0,,,0,,0.0,0.0,0.0,yearOriginal kind theme extras conditionPost
797,Caravans en Kamperen,Caravans,2924,59.2,7302,253.1,29,0.01,16600.0,8562.25,24612.5,1.0,0.0,brand,0.92,39,Hobby; Fendt; Knaus; Eriba; Dethleffs,,,,constructionYear numberOfSleepingPlaces emptyWeight configuration brand bodyLength bedType accessories
798,Verzamelen,Posters,1446,59.2,13136,195.4,67,0.88,8.0,8.0,8.0,0.83,0.17,,,0,,0.25,0.67,0.0,subject size shape properties
799,Cd's en Dvd's,Dvd's | Muziek en Concerten,1109,59.2,18153,199.4,91,0.94,5.470000000000001,2.4375,10.2425,0.87,0.03,,,0,,0.0,0.8,0.0,musicConcertType viewingAge properties bluRaySpokenLanguage bluRaySubtitles
800,Cd's en Dvd's,Dvd's | Klassiekers,1754,59.2,10949,121.3,90,0.97,4.875,1.375,11.25,0.87,0.07,,,0,,0.0,0.85,0.0,genre period viewingAge properties bluRaySpokenLanguage bluRaySubtitles
801,Tuin en Terras,Partytenten,1858,59.2,2296,41.3,56,0.5,162.5,50.0,250.0,0.6,0.3,,,0,,0.42,0.45,0.0,type headroom length width properties
802,Tuin en Terras,Snoeischaren,2994,59.2,595,11.1,53,0.64,55.0,25.0,157.0,0.83,0.13,,,0,,0.43,0.49,0.0,branchWidth
803,Antiek en Kunst,Antiek | Kandelaars,2661,59.1,8302,162.4,51,0.75,25.0,10.0,35.0,0.63,0.33,,,0,,,,,material
804,Auto's,Oldtimers,137,59.1,2133,72.9,29,0.0,15500.0,7950.0,23500.0,0.9,0.03,brand,0.83,97,Mercedes-Benz; Volkswagen; BMW; Ford; Citroën,,,,constructionYear mileage warranty brand fuel fuelConsumption body numberOfDoors
805,Doe-het-zelf en Verbouw,Kozijnen en Schuifpuien,254,59.1,5321,103.1,52,0.31,210.0,115.0,1000.0,0.7,0.1,,,0,,0.41,0.47,0.0,type material height width properties
806,Spelcomputers en Games,Spelcomputers | Sony PlayStation 1,347,59.1,375,12.0,31,0.65,52.5,33.75,90.5,0.6,0.4,,,0,,0.05,0.89,0.019,controllers properties
807,Dieren en Toebehoren,Honden | Herdershonden en Veedrijvers,401,59.1,239,8.9,27,,750.0,500.0,1150.0,0.77,0.03,,,0,,,,,gender breed aanbiederType aantalHonden herkomstHonden gechiptHonden geregistreerdHonden leeftijdHonden
808,Kinderen en Baby's,Babykleding | Overige,575,59.1,5830,91.6,64,0.83,15.0,6.875,31.25,0.8,0.17,brand_kids_clothing,0.17,299,Diverse; Diverse merken; Hema; H&M; Handgemaakt,0.22,0.74,0.0,intendedFor brand_kids_clothing
809,Kleding | Dames,Huispakken,2881,59.1,1822,29.4,62,0.91,14.0,5.0,25.0,0.87,0.13,clothingBrand,0.1,299,Zara; H&M; Hunkemöller; Primark; Nike,0.33,0.55,0.0,size clothingBrand color
810,Tuin en Terras,Hakselaars,2991,59.1,641,21.9,29,0.24,100.0,57.5,982.0,0.9,0.07,,,0,,0.17,0.77,0.0,propulsion properties
811,Boeken,Fantasy,225,59.0,15467,274.6,56,0.9,15.0,4.5,52.475,0.77,0.2,,,0,,0.08,0.41,0.0,yearOriginal
812,Doe-het-zelf en Verbouw,Verwarming en Radiatoren,282,59.0,19781,453.4,44,0.35,499.0,187.5,1012.75,0.6,0.3,,,0,,0.31,0.61,0.0,type power height width properties
813,Huis en Inrichting,Complete eetkamers,511,59.0,2977,88.4,34,0.16,162.5,100.0,387.5,0.7,0.27,,,0,,0.05,0.87,0.0,numberOfChairs
814,Huis en Inrichting,Kasten | Lockerkasten,2862,59.0,2500,71.3,35,0.17,50.0,25.0,90.0,0.77,0.13,,,0,,0.08,0.85,0.0,
815,Postzegels en Munten,Munten | Nederland,924,59.0,22642,378.1,60,0.94,22.0,6.0,92.5,0.47,0.5,,,0,,,,,type faceValue period properties
816,Tuin en Terras,Buitenkeukens,2962,59.0,1117,21.0,53,0.39,675.0,200.0,1283.75,0.9,0.07,,,0,,0.55,0.38,0.0,type properties
817,Auto's,Subaru,153,58.9,410,16.0,26,0.0,6650.0,3212.25,28962.25,0.93,0.0,model,0.97,16,Forester; Impreza; XV; Legacy; Outback,0.0,0.73,0.0,constructionYear mileage warranty model fuel range hybridType batteryChargeTime
818,Boeken,Hobby en Vrije tijd,213,58.9,13449,222.0,61,0.94,10.0,7.5,20.0,0.83,0.13,,,0,,0.12,0.54,0.0,subject yearOriginal properties
819,Doe-het-zelf en Verbouw,Draaibanken,245,58.9,1270,36.7,35,0.47,137.5,53.75,825.0,0.57,0.37,,,0,,0.14,0.72,0.0,type distanceBetweenCenters properties
820,Kinderen en Baby's,Babykleding | Baby-kledingpakketten,3129,58.9,3555,59.1,60,0.75,26.25,15.0,35.0,0.67,0.07,,,0,,0.11,0.79,0.0,size
821,Motoren,Motoren | Honda,696,58.9,3666,104.3,35,0.04,5450.0,2850.0,7874.5,0.97,0.03,,,0,,,,,constructionYear mileage motorcycleType enginePower numberOfCilinders engineDisplacement licenseMotorbikes warranty
822,Kinderen en Baby's,Kraamcadeaus en Geboorteborden,1952,58.8,4090,69.6,59,0.71,27.5,13.875,39.45,0.67,0.1,,,0,,0.71,0.23,0.0,type
823,Verzamelen,Ansichtkaarten | België,2931,58.8,1481,35.9,41,0.96,3.0,1.0,4.0,0.8,0.2,,,0,,0.0,0.0,0.0,region period
824,Doe-het-zelf en Verbouw,Ladders en Trappen,257,58.7,5316,155.7,34,0.28,85.0,50.0,200.0,0.63,0.27,,,0,,0.17,0.69,0.0,type height properties
825,Caravans en Kamperen,Campers,2925,58.7,9192,293.0,31,0.01,68900.0,49125.0,139900.0,0.97,0.03,brand,0.85,44,Volkswagen; Hymer; Adria; Bürstner; Knaus,,,,constructionYear mileage numberOfSleepingPlaces type brand engineBrand totalVehicleLength fuel
826,Computers en Software,Webcams,354,58.7,733,16.0,46,0.81,20.0,12.5,35.0,0.8,0.17,,,0,,0.3,0.64,0.0,connection suitableFor properties
827,Fietsen en Brommers,Fietsen | Cruisers en Lowriders,1667,58.7,918,24.4,38,0.18,129.0,76.25,421.25,0.8,0.2,,,0,,0.06,0.86,0.0,intendedFor type material frameHeight brakeType
828,Huis en Inrichting,Keuken | Keukenelementen,1942,58.7,4925,134.7,37,0.38,65.0,22.5,212.5,0.5,0.4,,,0,,0.31,0.59,0.0,height width depth color
829,Telecommunicatie,Mobiele telefoons | Nokia,836,58.7,1405,20.4,69,0.81,25.0,22.5,55.0,0.57,0.43,model,0.51,3,Klassiek of Candybar; Schuifmodel; Inklapmodel,0.09,0.69,0.036,subscription simlock model cameraResolution color properties
830,Antiek en Kunst,Antiek | Religie,1102,58.6,9836,173.9,57,0.82,31.450000000000003,20.5,196.25,0.5,0.43,,,0,,,,,
831,Dieren en Toebehoren,Katten-accessoires,1931,58.6,3076,87.7,35,0.5,57.5,30.0,95.0,0.53,0.23,,,0,,0.35,0.46,0.0,
832,Dieren en Toebehoren,Hondenhalsbanden en Penningen,3094,58.6,2016,25.9,78,0.89,31.25,21.049999999999997,50.0,0.73,0.27,,,0,,0.69,0.25,0.0,caracteristics
833,Huis en Inrichting,Lampen | Hanglampen,1258,58.6,46091,896.1,51,0.4,89.5,22.5,212.5,0.63,0.33,,,0,,0.12,0.79,0.0,lampSocket material
834,Kinderen en Baby's,Speelgoed | Houten speelgoed,1674,58.6,14154,273.7,52,0.57,22.5,11.5,65.0,0.87,0.1,,,0,,0.11,0.81,0.0,type
835,Kinderen en Baby's,Babykleding | Maat 86,574,58.6,6151,107.1,57,0.91,5.0,4.0,8.75,0.7,0.3,brand_kids_clothing,0.26,299,Hema; H&M; Z8; Zeeman; Prenatal,0.15,0.81,0.0,intendedFor clothingType brand_kids_clothing
836,Verzamelen,Fotografica en Filmapparatuur,906,58.6,1984,33.6,59,0.77,35.0,22.0,110.0,0.57,0.33,,,0,,,,,constructionYear type
837,"Sieraden, Tassen en Uiterlijk",Koffers,1348,58.6,8666,141.6,61,0.46,32.5,25.0,56.25,0.73,0.23,,,0,,0.15,0.77,0.0,material length width properties
838,Boeken,Kunst en Cultuur | Architectuur,1886,58.5,4929,79.1,62,0.94,9.95,5.0,27.5,0.83,0.17,,,0,,0.08,0.57,0.0,subject yearOriginal
839,Boeken,Informatica en Computer,214,58.5,3525,46.0,77,0.88,22.5,8.975,54.995,0.73,0.17,,,0,,0.11,0.62,0.0,subject yearOriginal
840,Dieren en Toebehoren,Krabmeubelen,3097,58.5,1682,57.0,30,0.29,42.5,30.0,72.5,0.67,0.17,,,0,,0.28,0.54,0.0,kind
841,Diversen,Brommobielen en Scootmobielen,431,58.5,3213,96.1,33,0.24,6975.0,3775.0,10871.75,0.8,0.1,brand,0.46,26,Ligier; Mango; Pride; Microcar; Canta,0.15,0.73,0.0,brand radius speed
842,Fietsen en Brommers,"Minibikes, Midibikes en Pitbikes",690,58.5,1511,49.0,31,0.32,250.0,200.0,832.5,0.63,0.27,,,0,,0.17,0.7,0.0,type engineDisplacement brakeType
843,Verzamelen,"Speldjes, Pins en Buttons",943,58.5,42398,603.6,70,0.98,4.0,2.0,5.0,0.87,0.13,,,0,,0.23,0.69,0.0,type subject
844,Cd's en Dvd's,Cd's | Jazz en Blues,1335,58.5,15043,199.7,75,0.96,3.99,2.9925,3.99,0.93,0.07,,,0,,0.0,0.78,0.0,genre cdSchlagersFormat cdSchlagersReleaseYear properties
845,Cd's en Dvd's,Cd's | R&B en Soul,1749,58.5,5294,66.6,80,0.97,3.49,2.0,5.0,0.9,0.07,,,0,,0.0,0.81,0.0,genre cdSchlagersFormat cdSchlagersReleaseYear properties
846,Postzegels en Munten,Bankbiljetten | Azië,1791,58.5,3895,57.0,68,0.99,3.25,1.5750000000000002,10.625,0.87,0.13,,,0,,,,,type region
847,"Sieraden, Tassen en Uiterlijk",Broches,1829,58.5,8772,138.7,63,0.91,9.5,5.0,29.25,0.73,0.23,,,0,,0.28,0.64,0.0,material color size properties
848,Spelcomputers en Games,Games | Nintendo Super NES,1732,58.4,2373,40.0,59,0.86,7.5,7.5,36.25,0.87,0.1,,,0,,0.01,0.94,0.0,genre numberOfPlayers ageGroup multiplayerPossibilities
849,Kinderen en Baby's,Speelgoed | Actiefiguren,1490,58.4,20789,335.7,62,0.81,20.5,10.0,73.75,0.77,0.17,,,0,,0.23,0.66,0.0,
850,Kinderen en Baby's,Kinderstoelen,600,58.4,17905,441.7,41,0.28,122.5,52.5,209.0,0.67,0.07,,,0,,0.05,0.9,0.0,type properties
851,Boeken,Godsdienst en Theologie,212,58.3,38995,682.3,57,0.98,5.0,4.0,9.5,0.83,0.13,,,0,,0.06,0.43,0.0,yearOriginal religion
852,Boeken,Vervoer en Transport,2689,58.3,3200,57.3,56,0.95,14.475,5.25,28.75,0.7,0.23,,,0,,0.11,0.43,0.0,transport
853,Muziek en Instrumenten,Blaasinstrumenten | Klarinetten,771,58.3,232,4.9,48,0.7,325.0,193.75,778.75,0.77,0.13,,,0,,0.09,0.82,0.0,type material properties
854,"Audio, Tv en Foto",Buizenversterkers,33,58.2,752,15.9,47,0.72,299.99,100.0,1750.0,0.6,0.33,,,0,,,,,type
855,Spelcomputers en Games,Games | Nintendo Wii,1630,58.2,7507,122.4,61,0.91,10.0,5.0,17.744999999999997,0.7,0.23,,,0,,0.04,0.88,0.001,genre numberOfPlayers ageGroup multiplayerPossibilities
856,Dieren en Toebehoren,Hondenhokken,1356,58.2,2641,63.3,42,0.18,40.0,25.0,147.0,0.67,0.1,,,0,,0.08,0.74,0.0,type height length
857,Fietsen en Brommers,Brommeronderdelen | Kreidler,1623,58.2,1875,45.6,41,0.87,25.0,18.75,49.75,0.47,0.27,,,0,,0.18,0.62,0.0,type
858,Kinderen en Baby's,Kinderkleding | Maat 92,582,58.2,6947,116.6,60,0.92,7.745,4.1225000000000005,11.5,0.7,0.27,brand_kids_clothing,0.26,299,H&M; Hema; Zeeman; Z8; Vingino,0.2,0.77,0.0,intendedFor clothingType brand_kids_clothing
859,Zakelijke goederen,Machines en Bouw | Keten en Containers,286,58.2,2035,56.3,36,0.23,3250.0,1750.0,5350.0,0.9,0.07,,,0,,,,,
860,Cd's en Dvd's,Dvd's | Documentaire en Educatief,1450,58.2,7015,85.6,82,0.95,5.75,2.25,11.75,0.83,0.13,,,0,,0.0,0.8,0.0,genre viewingAge properties bluRaySpokenLanguage bluRaySubtitles
861,"Sieraden, Tassen en Uiterlijk",Piercings,21,58.2,1444,21.0,69,0.84,25.0,5.0,45.0,0.8,0.17,,,0,,0.39,0.46,0.0,type material properties
862,Auto's,Jeep,118,58.1,1362,48.9,28,0.0,15467.5,9986.75,29815.0,1.0,0.0,model,0.97,12,Compass; Avenger; Renegade; Wrangler; Grand Cherokee,0.03,0.8,0.0,constructionYear mileage warranty model fuel range hybridType batteryChargeTime
863,Caravans en Kamperen,Kampeermeubelen,3077,58.1,6263,117.7,53,0.28,40.0,25.0,72.5,0.8,0.13,,,0,,0.11,0.78,0.0,kind
864,Hobby en Vrije tijd,Gezelschapsspellen | Overige,2744,58.1,12873,292.4,44,0.79,17.5,9.337499999999999,33.75,0.67,0.3,,,0,,0.24,0.69,0.0,numberOfPlayers
865,Cd's en Dvd's,Cd's | Kerst en Sinterklaas,2718,58.1,2587,42.7,61,0.96,2.375,1.375,5.0,0.87,0.13,,,0,,0.0,0.81,0.0,kind cdSchlagersFormat cdSchlagersReleaseYear properties
866,Boeken,Streekboeken en Streekromans,1467,58.0,2345,53.3,44,0.84,5.0,5.0,5.0,0.77,0.23,,,0,,0.04,0.45,0.0,region yearOriginal
867,Doe-het-zelf en Verbouw,Rolluiken,265,58.0,1508,38.3,39,0.38,190.0,100.0,287.5,0.6,0.3,,,0,,0.23,0.65,0.0,height width color properties
868,Spelcomputers en Games,Games | Nintendo Wii U,2888,58.0,1116,24.3,46,0.92,17.5,9.95,34.95,0.63,0.33,,,0,,0.1,0.86,0.0,genre numberOfPlayers ageGroup multiplayerPossibilities
869,Huis en Inrichting,Slaapkamer | Matrassen en Bedbodems,506,58.0,11789,325.9,36,0.23,50.0,40.0,150.0,0.57,0.3,,,0,,0.16,0.77,0.0,type width length numberOfPersons
870,Cd's en Dvd's,Cd's | Hiphop en Rap,1334,58.0,4189,55.6,75,0.98,7.25,4.0,9.9375,0.93,0.07,,,0,,0.0,0.76,0.0,cdSchlagersFormat cdSchlagersReleaseYear properties
871,Boeken,"Film, Tv en Media",1461,57.9,2297,34.1,67,0.92,15.0,8.462499999999999,25.625,0.87,0.13,,,0,,0.07,0.53,0.0,type yearOriginal
872,Kinderen en Baby's,Babywiegjes en Ledikanten,577,57.9,21350,393.4,54,0.22,60.0,35.0,75.0,0.8,0.1,,,0,,0.05,0.9,0.0,type
873,Verzamelen,Kleding en Patronen,914,57.9,414,21.3,19,0.84,5.0,5.0,5.0,1.0,0.0,,,0,,0.52,0.41,0.0,type
874,Tuin en Terras,Robotmaaiers,2983,57.9,1195,20.6,58,0.46,250.0,125.0,821.25,0.83,0.13,,,0,,0.28,0.66,0.0,mowingWidth properties
875,Boeken,Schoolboeken,1652,57.8,33001,309.0,107,0.89,25.0,13.75,32.495000000000005,0.53,0.43,,,0,,0.14,0.64,0.0,subject level
876,Computers en Software,Scanners,344,57.8,755,18.4,41,0.77,25.0,15.0,87.5,0.7,0.3,,,0,,0.25,0.61,0.008,type suitableFor properties
877,Dieren en Toebehoren,Reptielen en Amfibieën | Toebehoren,421,57.8,2473,62.1,40,0.42,35.0,22.5,80.0,0.67,0.17,,,0,,0.25,0.53,0.0,type
878,Fietsen en Brommers,Fietsaccessoires | Fietsaccu's,3107,57.8,6647,184.3,36,,189.5,142.5,250.0,0.53,0.13,,,0,,0.14,0.75,0.0,
879,Postzegels en Munten,Postzegels | Europa | Frankrijk,1805,57.8,9216,151.4,61,0.99,0.1,0.06,0.35,1.0,0.0,,,0,,0.0,0.0,0.0,
880,Auto diversen,Jumpstarters,3075,57.7,303,8.1,37,0.64,40.0,22.5,100.0,0.8,0.17,,,0,,0.39,0.48,0.0,
881,Sport en Fitness,Boksen,3157,57.7,4807,76.6,63,0.44,50.0,17.5,70.0,0.7,0.23,,,0,,0.14,0.77,0.0,kind
882,Watersport en Boten,Rubberboten,993,57.7,773,10.9,71,0.18,1300.0,550.0,5500.0,0.9,0.1,brand,0.6,25,Zodiac; Yamaha; Mercury; Talamex; Brig,0.11,0.81,0.0,brand floorMaterial lengthMotorboatsYachts widthMotorboats draftMotorboats fuel enginePowerMotorboatsYachts engineType
883,Boeken,Taal | Frans,231,57.6,2066,26.9,77,0.92,18.0,10.2375,34.9875,0.93,0.07,,,0,,0.06,0.38,0.0,yearOriginal type
884,Kinderen en Baby's,Kinderkamer | Inrichting en Decoratie,1671,57.6,9216,148.4,62,0.61,20.0,13.125,32.5,0.8,0.2,brandChildDecor,0.1,20,IKEA; Jollein; Disney; Philips; Lief! Lifestyle,0.21,0.71,0.0,type brandChildDecor colorChildDecor featuresChildDecor
885,Kinderen en Baby's,Traphekjes,619,57.6,2683,73.4,37,0.27,25.0,13.75,40.0,0.87,0.1,,,0,,0.16,0.77,0.0,type material extendableInWidthTo
886,Muziek en Instrumenten,Snaarinstrumenten | Overige,1370,57.6,649,13.0,50,0.6,100.0,28.75,218.75,0.77,0.2,,,0,,0.16,0.77,0.0,type
887,Telecommunicatie,Mobiele telefoons | Hoesjes en Frontjes | HTC,2805,57.6,228,3.4,66,0.99,174.99,114.99,377.49,1.0,0.0,,,0,,0.2,0.7,0.004,type
888,Watersport en Boten,Buiten- en Binnenboordmotoren,980,57.6,1409,25.7,55,0.2,1150.0,600.0,4250.0,0.87,0.07,,,0,,0.18,0.77,0.0,fuel engineType power properties
889,Cd's en Dvd's,Vinyl | Jazz en Blues,1375,57.6,8809,139.0,63,0.91,6.5,5.0,16.25,0.73,0.23,,,0,,0.0,0.78,0.0,genre vinylEditionType cdSchlagersReleaseYear size propertiesVinylPop
890,"Sieraden, Tassen en Uiterlijk",Manchetknopen,1833,57.5,1188,20.4,58,0.9,25.0,10.0,58.7375,0.7,0.23,,,0,,0.21,0.69,0.0,material properties
891,Auto's,Chrysler,100,57.4,254,8.9,29,0.0,4950.0,2000.0,14944.0,0.87,0.07,model,0.86,13,Grand Voyager; PT Cruiser; 300C; Crossfire; Sebring,0.0,0.64,0.0,constructionYear mileage warranty model fuel range hybridType batteryChargeTime
892,Doe-het-zelf en Verbouw,Gereedschapskisten,3103,57.4,3746,88.9,42,0.48,30.0,15.0,79.0,0.77,0.23,,,0,,0.27,0.6,0.0,caracteristics
893,Spelcomputers en Games,Spelcomputers | Nintendo Wii U,2893,57.4,154,4.7,33,0.73,110.0,25.0,180.0,0.67,0.33,,,0,,0.03,0.88,0.006,controllers properties
894,Tuin en Terras,Kloofmachines,2992,57.4,409,14.3,29,0.33,524.5,71.25,2292.25,0.83,0.1,,,0,,0.43,0.4,0.0,type propulsion
895,Antiek en Kunst,Antiek | Servies compleet,1843,57.3,8684,164.6,53,0.57,125.0,50.0,218.75,0.53,0.43,,,0,,,,,
896,Dieren en Toebehoren,Knaagdieren en Konijnen | Hokken en Kooien,1357,57.3,3859,130.1,30,0.22,65.0,13.75,97.5,0.5,0.27,,,0,,0.11,0.68,0.0,type height length suitableFor
897,Huis en Inrichting,Woonaccessoires | Wijnrekken,1518,57.3,4407,94.4,47,0.41,30.0,20.0,75.0,0.7,0.2,,,0,,0.15,0.74,0.0,height material capacity
898,Muziek en Instrumenten,Blaasinstrumenten | Dwarsfluiten en Piccolo's,743,57.3,341,6.6,52,0.75,450.0,275.0,1000.0,0.7,0.13,,,0,,0.05,0.88,0.0,kind properties
899,Verzamelen,Scheepvaart,1686,57.3,6879,113.1,61,0.94,0.5,0.5,6.2375,0.77,0.23,,,0,,0.11,0.82,0.0,type subject
900,Postzegels en Munten,Postzegels | Europa | UK,2028,57.3,8448,133.4,63,0.94,0.5,0.15500000000000003,0.9375,0.93,0.07,,,0,,0.0,0.0,0.0,
901,"Sieraden, Tassen en Uiterlijk",Antieke sieraden,13,57.3,12474,158.9,79,0.61,29.5,22.5,75.0,0.73,0.2,,,0,,,,,type material properties
902,Auto's,Cupra,3051,57.2,1424,46.7,30,0.0,27950.0,26497.5,30995.0,0.97,0.0,model,0.96,9,Formentor; Leon; Terramar; Born; Tavascan,0.18,0.75,0.0,constructionYear mileage warranty model fuel range hybridType batteryChargeTime
903,Auto's,MG,132,57.2,967,39.3,25,0.0,20900.0,8950.0,26495.0,0.97,0.03,model,0.85,21,ZS; EHS; MG4; 3; B,0.07,0.75,0.0,constructionYear mileage warranty model fuel range hybridType batteryChargeTime
904,Boeken,Wonen en Tuinieren,1891,57.2,4911,77.1,64,0.93,9.95,6.0,15.0,0.8,0.17,,,0,,0.08,0.56,0.0,kind yearOriginal
905,Witgoed en Apparatuur,Airfryers,3177,57.2,3658,74.3,49,0.47,30.0,20.0,57.5,0.7,0.3,,,0,,0.25,0.67,0.002,type capacity
906,Witgoed en Apparatuur,Waterkokers,1983,57.2,2544,54.7,46,0.6,20.0,10.5,55.0,0.77,0.2,,,0,,0.18,0.74,0.002,volume properties
907,Muziek en Instrumenten,Piano's,765,57.2,2793,62.0,45,0.19,350.0,,,0.6,0.1,,,0,,0.02,0.95,0.0,type color properties
908,Hobby en Vrije tijd,Kralen en Sieraden maken,1241,57.2,11308,155.9,73,0.93,1.5,1.0,5.0,0.9,0.07,,,0,,0.77,0.18,0.0,type
909,Auto-onderdelen,Brandstofpompen,3060,57.2,569,8.4,68,0.77,97.5,41.25,242.5,0.83,0.13,,,0,,0.32,0.4,0.0,
910,Computers en Software,Pc- en Netwerkkabels,1658,57.1,4748,89.3,53,0.82,15.0,6.0,40.0,0.77,0.23,,,0,,0.46,0.41,0.0,
911,Computers en Software,Powerlines,3023,57.1,562,15.4,36,0.81,25.0,22.5,37.495000000000005,0.77,0.17,,,0,,0.16,0.78,0.0,
912,Diversen,Rollators,3209,57.1,3715,132.4,28,0.28,55.0,50.0,85.0,0.6,0.2,,,0,,0.07,0.73,0.0,caracteristics
913,Doe-het-zelf en Verbouw,Tegels,1873,57.0,13090,213.6,61,0.26,40.0,17.475,112.5,0.7,0.23,,,0,,0.68,0.25,0.0,type material length width totalSurface
914,Kinderen en Baby's,Tweelingen en Meerlingen,1706,57.0,727,14.0,52,0.46,62.5,28.75,275.0,0.93,0.07,,,0,,0.05,0.87,0.0,type
915,Motoren,Accessoires | Onderhoudsmiddelen,1895,57.0,816,16.3,50,0.62,47.5,25.0,181.25,0.73,0.23,,,0,,,,,
916,Watersport en Boten,Boottrailers,979,57.0,387,11.6,33,0.23,1749.5,700.0,4187.5,0.9,0.07,,,0,,0.2,0.76,0.0,type capacity forBoatsUpTo properties
917,Auto's,Vrachtwagens,159,56.9,2609,101.6,26,0.01,25000.0,12974.5,53275.0,0.8,0.13,brand,0.91,13,Aanhangers en Opleggers; DAF; Scania; Mercedes-Benz; MAN,,,,constructionYear mileage warranty brand fuel fuelConsumption euronormBE numberOfDoors
918,Huis en Inrichting,Kasten | Overige,519,56.9,12702,415.4,31,0.2,45.0,27.5,125.0,0.67,0.3,,,0,,0.1,0.82,0.0,
919,Cd's en Dvd's,Dvd's | Science Fiction en Fantasy,1753,56.9,5487,76.3,72,0.96,2.0,1.0,4.0,0.77,0.17,,,0,,0.0,0.91,0.0,genre viewingAge properties bluRaySpokenLanguage bluRaySubtitles
920,Tuin en Terras,Tuinsets en Loungesets,278,56.9,14647,312.0,47,0.16,300.0,100.0,650.0,0.6,0.27,,,0,,0.09,0.85,0.0,type material nrSeats composition
921,Dieren en Toebehoren,Honden | Jack Russells en Terriërs,402,56.8,163,5.7,29,,812.5,662.5,1075.0,0.8,0.0,,,0,,,,,gender breed aanbiederType aantalHonden herkomstHonden gechiptHonden geregistreerdHonden leeftijdHonden
922,Huis en Inrichting,Kasten | Stellingkasten,3118,56.8,5787,186.3,31,0.18,50.0,23.75,56.25,0.67,0.2,,,0,,0.09,0.81,0.0,
923,Kinderen en Baby's,Babykleding | Maat 74,572,56.8,4758,75.4,63,0.92,5.0,2.0875,9.4875,0.67,0.3,brand_kids_clothing,0.28,299,Hema; H&M; Zeeman; Dirkje; Prenatal,0.2,0.75,0.0,intendedFor clothingType brand_kids_clothing
924,Kinderen en Baby's,Luiertassen,3138,56.8,1863,25.1,74,0.66,25.0,8.375,43.75,0.8,0.17,brandDiaperBag,0.26,20,Joolz; Nana Beebi; Gucci; Mozz; Kidzroom,0.2,0.73,0.0,type brandDiaperBag colorDiaperBag featuresDiaperBag
925,Motoren,Motoren | Kawasaki,697,56.8,2768,92.0,30,0.04,6795.0,4969.0,8725.0,0.97,0.0,,,0,,,,,constructionYear mileage motorcycleType enginePower numberOfCilinders engineDisplacement licenseMotorbikes warranty
926,Telecommunicatie,Mobiele telefoons | Hoesjes en Frontjes | Samsung,2807,56.8,2656,43.4,61,0.82,15.0,7.5,130.0,0.77,0.23,model,0.04,10,Galaxy S3; Galaxy S4; Galaxy S5; Galaxy S2; Galaxy Note 2,0.6,0.33,0.0,type model
927,Hobby en Vrije tijd,Scrapbooking,1243,56.8,2833,46.7,61,0.81,2.0,2.0,7.5,0.9,0.03,brand,0.05,4,Sizzix; Scrap; Cricut; Cuttlebug,0.64,0.27,0.0,type brand
928,Cd's en Dvd's,Dvd's | Avontuur,2619,56.8,4607,56.4,82,0.97,2.975,1.625,7.5,0.8,0.2,,,0,,0.0,0.9,0.0,viewingAge properties bluRaySpokenLanguage bluRaySubtitles
929,Cd's en Dvd's,Cd's | Kinderen en Jeugd,1747,56.8,3290,41.4,79,0.91,4.0,2.0,7.625,0.87,0.1,,,0,,0.0,0.89,0.0,type cdSchlagersFormat cdSchlagersReleaseYear age properties
930,Postzegels en Munten,Postzegels | Thematische zegels,1814,56.8,19640,242.1,81,0.97,2.5,1.8,4.8,0.93,0.07,,,0,,0.0,0.0,0.0,theme
931,Postzegels en Munten,Postzegels | Europa | Scandinavië,2029,56.8,12245,142.0,86,0.95,0.1,0.1,0.16249999999999998,0.9,0.1,,,0,,0.0,0.0,0.0,country
932,Boeken,Geschiedenis | Stad en Regio,1881,56.7,26361,443.9,59,0.95,9.725,7.5,16.25,0.7,0.3,,,0,,0.06,0.49,0.0,period yearOriginal
933,Doe-het-zelf en Verbouw,Zonnepanelen en Toebehoren,2622,56.7,1222,31.7,39,0.43,500.0,175.0,1299.5,0.6,0.37,,,0,,0.35,0.59,0.0,type totalPower
934,Kinderen en Baby's,Speelgoed | Poppenhuizen,2783,56.7,6413,126.0,51,0.33,40.0,23.75,50.0,0.7,0.27,,,0,,0.04,0.87,0.0,type
935,Kinderen en Baby's,Kindermode-accessoires,3136,56.7,2020,30.9,65,0.9,5.0,3.0,5.95,0.87,0.1,brand_kids_clothing,0.1,299,Disney; Hema; H&M; Paw Patrol; Minecraft,0.42,0.52,0.0,typeChildAccessories colorChildAccessories brand_kids_clothing featuresChildAccessories
936,Kleding | Dames,Overige Dameskleding,633,56.7,7404,127.1,58,0.83,20.0,8.995000000000001,50.0,0.67,0.23,clothingBrand,0.1,299,Diverse merken; Handgemaakt; Diverse; H&M; Zara,0.31,0.44,0.0,clothingBrand
937,Auto's,Daewoo,103,56.6,42,1.0,42,0.0,1000.0,874.25,1250.0,1.0,0.0,model,1,10,Kalos; Matiz; Tacuma; Lacetti; Lanos,0.0,0.55,0.0,constructionYear mileage warranty model fuel range hybridType batteryChargeTime
938,Huis en Inrichting,Kasten | Buffetkasten,516,56.6,4423,157.7,28,0.21,300.0,125.0,875.0,0.47,0.23,,,0,,0.05,0.87,0.0,height width depth type material
939,"Audio, Tv en Foto",Decoders en Harddiskrecorders,1722,56.4,1525,31.9,48,0.77,25.0,15.0,50.0,0.63,0.33,,,0,,0.14,0.78,0.003,type properties
940,Witgoed en Apparatuur,Was-droogcombinaties,3170,56.4,593,24.1,25,0.3,115.0,81.25,375.0,0.7,0.27,,,0,,0.06,0.79,0.022,volume height
941,Kinderen en Baby's,"Kinderkleding | Mutsen, Sjaals en Handschoenen",1672,56.4,1875,34.9,54,0.92,5.0,2.25,7.0,0.7,0.3,brand_kids_clothing,0.2,299,Hema; Barts; H&M; Handgemaakt; Disney,0.31,0.65,0.0,type intendedFor size brand_kids_clothing
942,Sport en Fitness,Karting,797,56.4,1173,22.9,51,0.49,87.5,21.875,533.75,0.73,0.2,,,0,,0.16,0.75,0.0,type
943,"Audio, Tv en Foto",Beamer-accessoires,3056,56.3,265,4.7,56,0.77,50.0,25.0,80.0,0.8,0.2,,,0,,0.47,0.43,0.0,kind
944,Boeken,Literatuur,218,56.3,66554,920.0,72,0.95,7.5,2.625,16.875,0.87,0.1,,,0,,0.08,0.47,0.0,origin yearOriginal
945,Fietsen en Brommers,Fietsaccessoires | Fietstassen,1666,56.3,3148,72.4,43,0.67,25.0,18.75,42.5,0.63,0.23,,,0,,0.28,0.66,0.0,
946,Verzamelen,Diddl,901,56.3,2695,46.7,58,0.92,8.0,4.65,10.0,0.77,0.23,,,0,,0.13,0.78,0.0,type figure
947,Boeken,Dieren en Huisdieren,1879,56.2,7937,124.1,64,0.94,10.0,4.0,14.99,0.77,0.2,,,0,,0.1,0.48,0.0,species yearOriginal
948,Huis en Inrichting,Overige Huis en Inrichting,526,56.2,11750,233.0,50,0.46,42.5,13.2125,87.5,0.6,0.23,,,0,,0.27,0.59,0.0,
949,Witgoed en Apparatuur,Melkopschuimers,3180,56.2,748,16.6,45,0.7,25.0,10.0,42.5,0.83,0.13,,,0,,0.21,0.7,0.004,type
950,Kinderen en Baby's,Kinderspulletjes,1951,56.2,20479,353.9,58,0.63,25.0,20.0,80.0,0.77,0.13,,,0,,0.26,0.67,0.0,
951,Sport en Fitness,Skeelers,807,56.2,9944,125.0,80,0.58,25.0,20.0,45.0,0.73,0.27,brand,0.16,5,Roces; Powerslide; K2; Bauer; Salomon,0.09,0.86,0.0,type brand sizeOfSkates intendedFor caracteristics
952,Verzamelen,Complete verzamelingen en Collecties,1393,56.2,1742,34.3,51,0.75,62.5,13.75,274.75,0.4,0.5,,,0,,,,,
953,Hobby en Vrije tijd,Kledingpatronen,1235,56.2,1998,30.7,65,0.95,2.5,2.0,5.375,0.6,0.37,brand,0.56,5,Knipmode; Burda; Knippie; Marion; Roos,0.18,0.74,0.0,clothingType intendedFor brand
954,Antiek en Kunst,Antiek | Tin,2664,56.1,5487,110.7,50,0.81,22.5,12.0,73.75,0.57,0.4,,,0,,,,,
955,Huis en Inrichting,Kamerplanten,1254,56.1,11990,328.9,36,0.49,30.0,26.25,47.5,0.5,0.37,,,0,,,,,species_plants height inflorescence_flowers light_plants extra_plants
956,Tuin en Terras,Bloembollen en Zaden,1850,56.1,2624,46.7,56,0.83,3.25,0.95,5.99,0.77,0.13,,,0,,,,,type plantingSeason lightRequirements
957,Motoren,Motoren | Aprilia,691,56.0,583,19.1,30,0.04,3850.0,1975.0,7474.5,0.97,0.03,,,0,,,,,constructionYear mileage motorcycleType enginePower numberOfCilinders engineDisplacement licenseMotorbikes warranty
958,Muziek en Instrumenten,Blaasinstrumenten | Blokfluiten,1713,56.0,654,12.7,51,0.86,25.0,10.0,262.5,0.7,0.27,,,0,,0.07,0.85,0.0,type properties
959,"Sieraden, Tassen en Uiterlijk",Overige Accessoires,20,56.0,4983,66.3,75,0.89,15.0,6.0,46.25,0.8,0.17,,,0,,0.42,0.41,0.0,
960,Tuin en Terras,Parasols,3009,56.0,3287,64.1,51,0.3,35.0,22.125,95.0,0.7,0.23,,,0,,0.29,0.63,0.0,type width properties
961,Antiek en Kunst,Kunst | Schilderijen | Abstract,1846,55.9,10796,204.4,53,0.46,75.0,47.5,172.5,0.6,0.37,,,0,,,,,
962,Auto diversen,Aanhangers en Bagagewagens,49,55.9,4430,148.4,30,0.16,4950.0,2750.0,6250.0,0.9,0.07,,,0,,0.23,0.68,0.0,
963,Auto's,Jaguar,117,55.9,779,32.4,24,0.0,15124.5,5062.5,24950.0,0.97,0.03,model,0.97,13,XJ; XF; XK; F-Pace; I-PACE,0.0,0.73,0.0,constructionYear mileage warranty model fuel range hybridType batteryChargeTime
964,Boeken,Prentenboeken en Plaatjesalbums,2693,55.9,7386,115.1,64,0.92,5.0,5.0,13.7,0.8,0.2,,,0,,0.05,0.41,0.0,type
965,Boeken,Kunst en Cultuur | Dans en Theater,1888,55.9,1182,21.9,54,0.92,5.5,4.5,15.125,0.9,0.1,,,0,,0.07,0.4,0.0,subject yearOriginal
966,Dieren en Toebehoren,Honden | Teckels en Dashonden,1927,55.9,142,6.0,24,,1075.0,775.0,1275.0,0.73,0.0,,,0,,,,,gender hair size aanbiederType aantalHonden herkomstHonden gechiptHonden geregistreerdHonden
967,Huis en Inrichting,Woonaccessoires | Kandelaars en Kaarsen,1510,55.9,26810,555.0,48,0.74,10.5,4.0,31.25,0.7,0.13,kandelaarsmerken,0.1,17,Rituals; Rivièra Maison; Riverdale; IKEA; Iittala,0.29,0.56,0.0,type heightCandleholders material color kandelaarsmerken
968,Sport en Fitness,Squash,811,55.9,557,13.3,42,0.75,17.5,17.5,17.5,0.97,0.03,,,0,,0.07,0.86,0.0,type properties
969,Hobby en Vrije tijd,Tekenen,1975,55.9,5417,94.4,57,0.82,15.0,15.0,28.75,0.7,0.2,,,0,,0.36,0.55,0.0,type
970,Spelcomputers en Games,Spelcomputers | Xbox Original,349,55.8,171,5.3,32,0.66,67.5,40.0,99.9875,0.67,0.33,,,0,,0.04,0.87,0.023,controllers properties
971,Kinderen en Baby's,Speelgoed | My Little Pony,2879,55.8,2352,44.9,52,0.79,10.99,5.99,22.99,0.9,0.1,,,0,,0.14,0.7,0.0,
972,Muziek en Instrumenten,Samplers,770,55.8,137,4.4,31,0.67,490.0,291.1725,875.0,0.8,0.2,,,0,,0.06,0.91,0.0,
973,Sport en Fitness,Hockey,796,55.8,4444,58.6,76,0.69,27.5,9.75,82.4975,0.7,0.27,,,0,,0.1,0.85,0.0,type
974,Postzegels en Munten,Postzegels | Europa | Duitsland,1804,55.8,29091,387.7,75,0.99,0.1,0.08,0.2,0.87,0.13,,,0,,0.0,0.0,0.0,period
975,"Sieraden, Tassen en Uiterlijk",Uiterlijk | Lichaamsverzorging,1832,55.8,15034,241.7,62,0.87,15.0,9.5,101.25,0.67,0.23,,,0,,0.77,0.18,0.0,type
976,Auto diversen,Dakdragers,452,55.7,13530,196.3,69,0.4,75.0,60.0,125.0,0.77,0.23,,,0,,0.14,0.76,0.0,
977,Boeken,Strips | Comics,1459,55.7,16023,207.3,77,0.81,15.0,7.0,35.0,0.7,0.27,,,0,,0.16,0.44,0.0,number region yearOriginal
978,Huis en Inrichting,Woonaccessoires | Zuilen en Pilaren,2877,55.7,3102,66.6,47,0.3,72.5,46.25,96.25,0.73,0.2,,,0,,0.17,0.66,0.0,
979,Telecommunicatie,Scanners,848,55.7,166,3.9,43,0.78,50.0,30.0,124.225,0.73,0.13,,,0,,0.1,0.77,0.0,numberOfChannels properties
980,Auto's,Lexus,125,55.6,789,31.1,25,0.0,13950.0,10500.0,22900.0,0.93,0.07,model,0.99,15,RX(-H); NX; LBX; IS; CT-H,0.04,0.75,0.0,constructionYear mileage warranty model fuel range hybridType batteryChargeTime
981,Boeken,"Economie, Management en Marketing",1460,55.6,12018,165.4,73,0.94,15.0,10.0,32.5,0.7,0.3,,,0,,0.11,0.66,0.0,subject yearOriginal
982,Boeken,Mode,2618,55.6,1474,18.4,80,0.93,17.5,10.0,26.875,0.87,0.13,,,0,,0.09,0.62,0.0,subject yearOriginal
983,Fietsen en Brommers,Brommers | Toebehoren,1914,55.6,513,12.4,41,0.62,50.0,25.0,100.0,0.63,0.27,,,0,,0.25,0.62,0.0,type
984,Kinderen en Baby's,Babykleding | Maat 68,571,55.6,5654,96.1,59,0.93,6.0,2.875,16.25,0.6,0.4,brand_kids_clothing,0.28,299,Hema; H&M; Zeeman; Feetje; Prenatal,0.19,0.78,0.0,intendedFor clothingType brand_kids_clothing
985,Kinderen en Baby's,Kinderkamer | Overige Meubels,599,55.6,2992,60.1,50,0.22,30.0,15.0,65.0,0.9,0.1,,,0,,0.06,0.84,0.0,type
986,Verzamelen,Stripfiguren,1447,55.6,5850,76.7,76,0.76,27.0,11.875,68.75,0.57,0.27,,,0,,0.26,0.69,0.0,type figure
987,Postzegels en Munten,Postzegels | Toebehoren,1815,55.6,1365,30.7,44,0.9,10.0,5.0,11.25,0.77,0.2,,,0,,,,,type
988,Tuin en Terras,Grastrimmers,2984,55.6,1558,33.1,47,0.31,50.0,15.0,108.75,0.73,0.27,,,0,,0.12,0.82,0.0,propulsion mowingWidth
989,"Audio, Tv en Foto",Televisiebeugels,1453,55.5,2588,62.7,41,0.57,25.0,15.0,35.0,0.7,0.27,,,0,,0.34,0.55,0.0,
990,Doe-het-zelf en Verbouw,Compressors,243,55.5,3541,80.6,44,0.39,137.5,53.75,300.0,0.43,0.33,,,0,,0.18,0.68,0.0,pressure volume suctionCapacity properties
991,Spelcomputers en Games,Spelcomputers | Sony PlayStation Vita,2895,55.5,270,5.4,50,0.72,100.0,12.0,170.0,0.7,0.3,,,0,,0.06,0.86,0.004,color properties
992,Tuin en Terras,Bubbelbaden en Hottubs,3010,55.5,1882,35.4,53,0.36,3995.0,2550.0,5750.0,0.9,0.07,,,0,,0.22,0.67,0.0,type extras properties
993,"Audio, Tv en Foto",Mp4-spelers,2615,55.4,45,0.9,52,0.91,35.0,23.125,117.4925,0.73,0.27,brand,0.13,4,Archos; Creative; Sony; Philips,0.33,0.58,0.0,capacity brand properties
994,Boeken,Science fiction,2688,55.4,3059,47.1,65,0.93,5.0,4.99,7.5,0.9,0.07,,,0,,0.04,0.24,0.0,yearOriginal
995,Witgoed en Apparatuur,Ventilatoren,3167,55.4,4040,79.6,51,0.46,37.5,25.0,45.0,0.57,0.43,,,0,,0.25,0.66,0.005,type caracteristics
996,Motoren,Accessoires | Overige,1898,55.4,45537,682.4,67,0.32,75.0,44.0,202.5,0.83,0.17,,,0,,0.12,0.21,0.0,
997,Cd's en Dvd's,Dvd's | Nederlandstalig,1752,55.4,4201,43.7,96,0.96,2.975,2.3675,5.0,0.87,0.13,,,0,,0.0,0.83,0.0,genre viewingAge properties bluRaySubtitles
998,Boeken,Sportboeken,226,55.3,12157,203.6,60,0.92,8.725,4.95,13.73,0.73,0.2,,,0,,0.09,0.52,0.0,kind yearOriginal
999,Boeken,Zwangerschap en Opvoeding,1892,55.3,6045,97.6,62,0.9,7.5,4.95,12.5,0.77,0.17,,,0,,0.11,0.57,0.0,subject yearOriginal
1000,Witgoed en Apparatuur,Thuistaps,1457,55.3,974,23.3,42,0.4,212.5,84.75,387.5,0.63,0.33,brand,0.29,4,Krups; Philips; Wunderbar; Princess,0.13,0.7,0.004,brand
1001,Witgoed en Apparatuur,IJsmachines,3175,55.3,967,18.4,52,0.48,115.0,55.0,200.0,0.77,0.2,,,0,,0.23,0.66,0.006,type
1002,Kinderen en Baby's,Babykleding | Schoentjes en Sokjes,576,55.3,7349,87.7,84,0.8,10.0,5.0,20.0,0.77,0.2,brand_kids_clothing,0.17,299,Nike; Adidas; Shoesme; H&M; Hema,0.28,0.64,0.0,intendedFor type size brand_kids_clothing
1003,Fietsen en Brommers,Fietsaccessoires | Fietsverlichting,3111,55.2,1080,21.4,50,0.82,25.0,15.0,72.5,0.53,0.43,,,0,,0.46,0.45,0.0,type workwise caracteristics
1004,Telecommunicatie,Mobiele telefoons | HTC,1685,55.2,78,1.6,50,0.79,25.0,14.0,45.0,0.67,0.3,brand,0.77,2,HTC; Qtek,0.04,0.78,0.051,subscription simlock brand operatingSystem cameraResolution color properties
1005,Antiek en Kunst,Antiek | Keukenbenodigdheden,1842,55.1,7736,146.3,53,0.78,25.0,10.0,35.0,0.53,0.47,,,0,,,,,
1006,Fietsen en Brommers,Brommers | Derbi,2734,55.1,674,18.7,36,0.32,2250.0,1725.0,3225.0,0.77,0.23,,,0,,0.07,0.84,0.0,constructionYear mileage maximum speed engineDisplacement numberOfGears
1007,Huis en Inrichting,Badkamer | Complete badkamers,1936,55.1,2540,57.7,44,0.31,171.0,110.49249999999999,406.25,0.63,0.23,,,0,,0.41,0.5,0.0,properties
1008,Sport en Fitness,Skateboarden,1444,55.1,5078,69.6,73,0.45,40.0,27.5,121.25,0.67,0.3,,,0,,0.09,0.86,0.0,type properties
1009,Cd's en Dvd's,Cd's | Rock,1339,55.1,37400,520.0,72,0.97,6.5,5.0,10.0,0.77,0.2,,,0,,0.0,0.91,0.0,genre cdSchlagersFormat cdSchlagersReleaseYear properties
1010,Tuin en Terras,Heggenscharen,2989,55.1,4147,87.0,48,0.39,40.0,25.0,97.5,0.57,0.37,,,0,,0.08,0.84,0.0,propulsion
1011,Tuin en Terras,Bosmaaiers,2985,55.1,1197,30.6,39,0.36,100.0,31.25,200.0,0.63,0.37,,,0,,0.23,0.67,0.0,propulsion mowingWidth
1012,"Audio, Tv en Foto",Fotoalbums en Accessoires,3059,55.0,1306,22.7,57,0.84,17.5,4.125,189.9975,0.67,0.33,brandPhotoAlbum,0.15,9,Henzo; Hema; Disney; Hama; Walther Design,0.55,0.34,0.0,type brandPhotoAlbum colorPhotoAlbum featuresPhotoAlbum
1013,Boeken,Taal | Duits,229,55.0,1803,25.6,71,0.94,16.0,7.125,31.875,0.83,0.17,,,0,,0.06,0.42,0.0,type yearOriginal
1014,Fietsen en Brommers,Fietsaccessoires | Fietshelmen,2736,55.0,6081,93.9,65,0.66,20.0,7.5,60.0,0.73,0.27,,,0,,0.16,0.78,0.0,intendedFor size
1015,Huis en Inrichting,Brandblussers en Brandkasten,1253,55.0,2194,57.0,38,0.4,60.0,32.5,78.75,0.5,0.33,,,0,,0.21,0.67,0.0,type
1016,Muziek en Instrumenten,Snaarinstrumenten | Gitaren | Bas,747,55.0,1048,29.7,35,0.28,500.0,147.5,937.5,0.73,0.23,,,0,,0.06,0.89,0.0,kind properties
1017,Telecommunicatie,Mobiele telefoons | Hoesjes en Frontjes | Blackberry,2804,55.0,94,0.1,658,0.96,65.0,10.0,138.75,0.93,0.07,,,0,,0.36,0.49,0.0,type
1018,Watersport en Boten,Bootonderdelen,978,55.0,6135,103.7,59,0.43,325.0,106.25,1849.75,0.53,0.43,,,0,,0.17,0.71,0.0,type suitableFor
1019,Cd's en Dvd's,VHS | Film,1122,55.0,10299,144.4,71,0.93,4.99,2.5,12.5,0.7,0.23,,,0,,0.0,0.93,0.0,genre vhsFormat viewingAge vhsProperties bluRaySpokenLanguage
1020,Tuin en Terras,Tuinmeubel-accessoires,1864,55.0,5831,89.6,65,0.39,70.0,25.0,312.25,0.73,0.1,,,0,,0.36,0.54,0.0,
1021,Kinderen en Baby's,Speelgoed | Speelkeukens,3139,54.9,3992,85.4,47,0.2,30.0,17.5,45.0,0.8,0.13,,,0,,0.05,0.87,0.0,kind material
1022,Kleding | Dames,Positiekleding,634,54.9,2888,37.3,77,0.86,12.475,5.0,26.25,0.77,0.17,clothingBrand,0.12,299,H&M; Esmara; Bonprix; Esprit; Only,0.19,0.48,0.0,clothingType clothingBrand size color
1023,Tuin en Terras,Zonneschermen,288,54.9,2210,46.1,48,0.27,225.0,75.0,412.5,0.6,0.3,,,0,,0.21,0.7,0.0,type sizeOrHeight width properties
1024,Antiek en Kunst,Antiek | Lampen,7,54.8,17077,336.9,51,0.6,50.0,10.0,90.0,0.3,0.7,,,0,,,,,
1025,Huis en Inrichting,Woonaccessoires | Kisten,1513,54.8,7790,183.6,42,0.31,35.0,15.0,50.0,0.6,0.33,,,0,,0.06,0.81,0.0,height width length material
1026,Kinderen en Baby's,Wipstoeltjes,620,54.8,6116,120.4,51,0.26,30.0,20.0,40.0,0.77,0.2,brand,0.08,4,Chicco; Prenatal; Topmark; Fisher-Price,0.04,0.9,0.0,type brand properties
1027,Verzamelen,Sleutelhangers,941,54.8,10544,130.1,81,0.95,3.6,3.6,8.0,0.83,0.1,,,0,,0.51,0.4,0.0,type
1028,Auto's,BYD,3213,54.7,675,27.1,25,0.0,33249.5,32712.25,34000.0,1.0,0.0,model,0.99,9,Seal U; ATTO 3; Seal; Atto 2; Dolphin,0.39,0.56,0.0,constructionYear mileage warranty model fuel range hybridType batteryChargeTime
1029,Caravans en Kamperen,Bolderkarren,3083,54.7,905,27.0,34,0.3,40.0,25.0,60.0,0.73,0.23,,,0,,0.18,0.74,0.0,caracteristics
1030,Fietsen en Brommers,Fietsen | Oldtimers,2026,54.7,1492,36.3,41,0.18,87.5,47.5,268.75,0.6,0.3,,,0,,,,,frameHeight age brakeType
1031,Kinderen en Baby's,Kinderkleding | Maat 98,583,54.7,8306,139.9,59,0.93,7.5,3.5,11.25,0.57,0.43,brand_kids_clothing,0.29,299,Hema; H&M; Zeeman; Primark; Ralph Lauren,0.18,0.79,0.0,intendedFor clothingType brand_kids_clothing
1032,Kleding | Dames,Hoeden en Petten,624,54.7,6170,87.1,71,0.91,15.0,8.875,30.0,0.6,0.33,clothingBrand,0.05,299,Handgemaakt; Gucci; H&M; Nike; Zara,0.38,0.44,0.0,clothingBrand type size
1033,Cd's en Dvd's,Cd's | Klassiek,1336,54.7,25918,356.1,73,0.96,2.995,2.0,5.0,0.7,0.07,,,0,,0.0,0.91,0.0,type cdSchlagersFormat period cdClassicalComposer cdSchlagersReleaseYear properties
1034,Postzegels en Munten,Aandelen en Waardepapieren,948,54.7,646,16.9,38,0.94,15.0,8.0,50.0,0.67,0.33,,,0,,,,,type period
1035,Boeken,Taal | Engels,230,54.6,7785,118.6,66,0.93,8.0,5.0,15.0,0.77,0.23,,,0,,0.08,0.41,0.0,type yearOriginal
1036,Verzamelen,"Speelkaarten, Jokers en Kwartetten",2818,54.6,4224,64.1,66,0.91,7.5,3.725,12.5,0.77,0.2,,,0,,0.21,0.69,0.0,type
1037,Hobby en Vrije tijd,Taarten en Cupcakes maken,2860,54.6,4362,61.6,71,0.88,5.0,3.75,8.5,0.77,0.17,,,0,,0.64,0.28,0.0,type intendedFor
1038,Kleding | Heren,Badmode en Zwemkleding,1778,54.6,3742,33.6,111,0.93,10.0,5.125,33.75,0.77,0.23,brand_mens_clothing,0.16,299,O'Neill; Brunotti; Adidas; Nike; Calvin Klein,,,,clothingType brand_mens_clothing size color
1039,Postzegels en Munten,Postzegels | Nederlandse Antillen en Aruba,1800,54.6,4970,87.4,57,0.98,2.0,1.25,4.4,0.77,0.23,,,0,,0.0,0.0,0.0,
1040,Antiek en Kunst,Antiek | Klokken,6,54.5,14554,308.3,47,0.51,417.5,98.75,912.5,0.47,0.47,,,0,,,,,
1041,Boeken,Boekenweekgeschenken,1877,54.5,1818,38.9,47,0.96,3.5,2.0,4.75,0.73,0.27,,,0,,0.18,0.49,0.0,yearOriginal
1042,Huis en Inrichting,Tafels | Statafels,3119,54.5,2852,66.7,43,0.19,50.0,15.0,125.0,0.67,0.23,,,0,,0.14,0.76,0.0,caracteristics
1043,Telecommunicatie,Wearable-accessoires,3043,54.5,342,7.6,45,0.91,25.0,15.0,38.75,0.73,0.23,,,0,,0.48,0.45,0.003,kind
1044,Cd's en Dvd's,Cd's | Nederlandstalig,1337,54.5,19599,235.4,83,0.96,5.0,3.875,6.475,0.77,0.1,,,0,,0.0,0.88,0.0,genre cdSchlagersFormat cdSchlagersReleaseYear properties
1045,Kleding | Heren,Trouwkleding en Trouwaccessoires,2629,54.5,220,2.4,91,0.81,49.75,27.25,106.25,0.87,0.13,brand_mens_clothing,0.03,299,Tommy Hilfiger; Hugo Boss; Jack & Jones; Suitsupply; Nike,0.27,0.52,0.0,type brand_mens_clothing color
1046,Postzegels en Munten,Postzegels | Nederlands-Indië en Nieuw-Guinea,1801,54.5,2122,35.9,59,0.98,2.0,0.875,11.495000000000001,0.83,0.17,,,0,,0.0,0.0,0.0,region
1047,Computers en Software,Besturingssoftware,359,54.4,376,6.0,63,0.83,35.0,20.625,337.5,0.77,0.13,,,0,,0.38,0.4,0.003,platform
1048,Cd's en Dvd's,Vinyl | Overige Vinyl,1384,54.4,9683,189.0,51,0.94,14.975,,,0.2,0.73,,,0,,0.0,0.89,0.0,vinylEditionType cdSchlagersReleaseYear size propertiesVinylPop
1049,Boeken,Humor,1620,54.3,4280,61.6,70,0.88,5.0,3.125,10.0,0.8,0.2,,,0,,0.07,0.57,0.0,type yearOriginal
1050,Witgoed en Apparatuur,Blenders,3181,54.3,1972,40.6,49,0.61,20.0,12.5,40.0,0.8,0.13,,,0,,0.31,0.59,0.006,type
1051,Kinderen en Baby's,Speelgoed | Knuffels en Pluche,610,54.3,57031,859.0,66,0.85,12.5,10.0,45.0,0.57,0.3,brandToys,0.17,20,Ty; Disney; Happy Horse; Albert Heijn; Nintendo,0.23,0.69,0.0,type characterToys brandToys sizeToys colorToys propertiesPlushToys
1052,Kinderen en Baby's,Speelgoed | Babyspeelgoed,1491,54.3,24880,440.3,57,0.56,20.0,10.625,28.75,0.77,0.17,,,0,,0.11,0.83,0.0,type properties
1053,Kinderen en Baby's,Kinderkamer | Stapelbedden en Hoogslapers,2774,54.3,1621,43.9,37,0.12,200.0,87.5,258.75,0.63,0.33,,,0,,0.04,0.9,0.0,type
1054,Telecommunicatie,Datacommunicatie en VoIP,1454,54.3,335,6.4,52,0.84,75.0,30.0,162.5,0.57,0.4,,,0,,0.32,0.6,0.0,type
1055,Verzamelen,Spaarpotten,2817,54.3,3792,56.0,68,0.84,14.25,5.0,19.375,0.67,0.27,,,0,,0.14,0.74,0.0,theme material
1056,Auto-onderdelen,Trekhaken,3062,54.3,2239,34.1,66,0.34,140.5,68.75,200.25,0.9,0.1,,,0,,0.18,0.31,0.0,
1057,Doe-het-zelf en Verbouw,Overige Doe-het-zelf en Verbouw,262,54.2,14994,306.0,49,0.45,138.8,64.1,750.8,0.53,0.1,,,0,,0.36,0.46,0.0,
1058,Huis en Inrichting,Woonaccessoires | Dienbladen,2767,54.2,5350,93.6,57,0.67,9.5,5.0,20.0,0.8,0.2,,,0,,0.16,0.69,0.0,dienblaadenType material shape dienblaadenEig
1059,Sport en Fitness,Hartslagmeters,795,54.2,335,6.6,51,0.84,30.0,12.5,74.975,0.57,0.33,brand,0.35,4,Polar; Garmin; Sigma; Suunto,0.3,0.58,0.0,brand properties
1060,Hobby en Vrije tijd,Modelauto's | Overige schalen,2749,54.2,37144,618.3,60,0.91,12.0,11.99,40.0,0.63,0.23,,,0,,0.48,0.46,0.0,type
1061,Cd's en Dvd's,Dvd's | Komedie,1108,54.2,13925,176.0,79,0.97,2.25,1.25,2.5,0.7,0.27,,,0,,0.0,0.88,0.0,genre viewingAge properties bluRaySpokenLanguage bluRaySubtitles
1062,Cd's en Dvd's,Cd's | Instrumentaal,2716,54.2,2770,36.9,75,0.98,6.35,3.0,8.0,0.87,0.13,,,0,,0.0,0.84,0.0,cdSchlagersFormat cdSchlagersReleaseYear cdInstrumentalGenre properties
1063,Tuin en Terras,Bloembakken en Plantenbakken,1852,54.2,9045,160.4,56,0.34,50.0,27.5,155.0,0.53,0.03,,,0,,0.25,0.62,0.0,material height length shape suitable_flowerboxes
1064,Tuin en Terras,Schuttingen,251,54.1,2635,46.3,57,0.29,102.0,74.9875,132.5,0.63,0.1,,,0,,0.49,0.38,0.0,material height length
1065,Tuin en Terras,Vijvers,283,54.1,1734,41.7,42,0.38,80.0,50.0,250.0,0.63,0.1,,,0,,0.33,0.52,0.0,
1066,Computers en Software,Audio-software,373,54.0,214,4.3,50,0.65,60.0,17.5,185.0,0.83,0.13,,,0,,0.61,0.27,0.0,suitableFor
1067,Huis en Inrichting,Badkamer | Badkamermeubels,1509,54.0,6889,190.3,36,0.29,50.0,15.0,112.5,0.43,0.13,,,0,,0.39,0.53,0.0,type height width depth
1068,Watersport en Boten,Golfsurfen,1961,54.0,1275,22.9,56,0.42,182.5,87.5,312.5,0.7,0.23,,,0,,0.1,0.84,0.0,type properties
1069,Antiek en Kunst,Antiek | Servies los,12,53.9,22901,413.7,55,0.82,23.5,8.0,27.5,0.5,0.4,,,0,,,,,
1070,Boeken,Oorlog en Militair,2119,53.9,19611,310.7,63,0.95,7.225,2.5,14.6875,0.67,0.33,,,0,,0.06,0.47,0.0,subject period yearOriginal
1071,Doe-het-zelf en Verbouw,Bouwverlichting,1185,53.9,2658,53.7,49,0.49,30.0,20.0,127.5,0.6,0.33,,,0,,0.24,0.63,0.0,type power properties
1072,Spelcomputers en Games,Games | Sony PlayStation Vita,2890,53.9,1271,23.4,54,0.76,20.0,10.5,30.0,0.67,0.33,,,0,,0.07,0.89,0.0,genre numberOfPlayers ageGroup multiplayerPossibilities
1073,Fietsen en Brommers,Brommers | Honda,1432,53.9,383,12.4,31,0.4,2175.0,687.5,4062.5,0.63,0.23,model,0.3,4,MT; MTX; MB; MBX,0.08,0.75,0.0,constructionYear mileage model engineDisplacement maximum speed numberOfGears
1074,Kinderen en Baby's,Overige Kinderen en Baby's,606,53.9,11803,197.1,60,0.56,32.5,17.5,71.25,0.63,0.23,,,0,,0.24,0.68,0.0,
1075,Kleding | Dames,Sokken en Kousen,1678,53.9,2009,34.4,58,0.94,4.75,3.2375,10.0,0.7,0.23,clothingBrand,0.07,299,Handgemaakt; Hema; Hunkemöller; Primark; Nike,0.8,0.12,0.0,clothingType size clothingBrand color
1076,Motoren,Motoren | Yamaha,710,53.9,4250,118.3,36,0.03,7500.0,6599.0,12750.0,0.9,0.1,,,0,,,,,constructionYear mileage motorcycleType enginePower numberOfCilinders engineDisplacement licenseMotorbikes warranty
1077,Boeken,Natuur,208,53.8,9893,163.6,60,0.93,8.25,6.45,13.125,0.7,0.3,,,0,,0.12,0.49,0.0,subject yearOriginal
1078,Doe-het-zelf en Verbouw,Laskappen,3197,53.8,182,6.0,30,0.68,39.99,18.75,260.0,0.6,0.4,,,0,,0.31,0.54,0.0,filter
1079,Verzamelen,Sportartikelen en Voetbal,945,53.8,40162,549.6,73,0.95,17.5,11.5,197.5,0.53,0.43,,,0,,0.31,0.61,0.0,type clubOrSport
1080,Hobby en Vrije tijd,Modelbouw | Figuren en Diorama's,2751,53.8,3205,42.0,76,0.89,9.5,7.0,10.0,0.8,0.2,,,0,,0.65,0.28,0.0,type scale
1081,Postzegels en Munten,Bankbiljetten | Amerika,1790,53.8,2262,31.6,72,0.98,11.0,3.6875,23.75,0.8,0.17,,,0,,,,,type region
1082,Tuin en Terras,Tuinbanken,3004,53.8,3789,84.3,45,0.2,150.0,68.75,350.0,0.6,0.3,,,0,,0.19,0.71,0.0,material properties
1083,Auto's,DS,2933,53.7,547,23.3,23,0.0,15292.5,9487.5,25421.25,1.0,0.0,model,0.98,5,DS 3; DS 7; DS 4; DS 5; DS 9,0.01,0.94,0.0,constructionYear mileage warranty model fuel range hybridType batteryChargeTime
1084,Huis en Inrichting,Haarden,2950,53.7,6924,157.3,44,0.25,125.0,65.0,400.0,0.53,0.4,,,0,,0.1,0.79,0.0,type type2
1085,Sport en Fitness,Tafeltennis,812,53.7,666,14.6,46,0.53,50.0,22.5,192.5,0.6,0.27,,,0,,0.3,0.6,0.0,type properties
1086,Zakelijke goederen,Machines en Bouw | Onderdelen,1695,53.7,1441,51.4,28,0.22,1800.0,400.0,8750.0,0.6,0.23,,,0,,,,,
1087,Tuin en Terras,Tuinbeelden,1861,53.7,5469,87.9,62,0.44,64.975,23.8675,209.0,0.5,0.3,,,0,,0.54,0.34,0.0,type material
1088,Tuin en Terras,Waterpompen,2973,53.7,2933,52.4,56,0.46,50.0,21.0,187.5,0.47,0.53,,,0,,0.25,0.62,0.0,propulsion type
1089,Verzamelen,Poppenhuizen en Toebehoren,1627,53.6,8020,143.1,56,0.83,10.0,4.5,20.0,0.7,0.3,,,0,,0.28,0.56,0.0,type
1090,Watersport en Boten,Hengelsport | Witvissen,2822,53.6,2601,68.0,38,0.6,15.0,12.0,35.0,0.73,0.2,,,0,,0.4,0.49,0.0,type
1091,Tuin en Terras,Tuinstoelen,3001,53.6,11679,214.9,54,0.15,67.25,50.0,80.0,0.6,0.17,,,0,,0.08,0.85,0.0,material properties
1092,Dieren en Toebehoren,Vogels | Hokken en Kooien,1358,53.5,4967,140.7,35,0.33,50.0,42.5,71.25,0.43,0.23,,,0,,0.18,0.56,0.0,type material
1093,Fietsen en Brommers,Fietsen | Tandems,466,53.5,774,16.7,46,0.23,200.0,82.5,438.75,0.77,0.23,,,0,,0.04,0.9,0.0,numberOfGears frontFrameHeight frameHeight brakeType properties
1094,Cd's en Dvd's,Cd's | Overige Cd's,1349,53.5,13181,159.0,83,0.95,7.225,2.7424999999999997,12.5,0.73,0.27,,,0,,0.0,0.86,0.0,cdSchlagersFormat cdSchlagersReleaseYear properties
1095,Dieren en Toebehoren,Stalling en Weidegang,420,53.4,3906,83.1,47,,710.0,,,0.27,0.17,,,0,,,,,capacity type
1096,Dieren en Toebehoren,"Honden | Poolhonden, Keeshonden en Oertypen",2726,53.4,277,9.0,31,,705.0,400.0,1650.0,0.6,0.03,,,0,,,,,gender breed aanbiederType aantalHonden herkomstHonden gechiptHonden geregistreerdHonden leeftijdHonden
1097,Kinderen en Baby's,Kinderkleding | Maat 128,588,53.4,11692,184.4,63,0.91,6.99,3.75,12.0,0.57,0.4,brand_kids_clothing,0.26,299,Vingino; H&M; Z8; Nike; Hema,0.15,0.82,0.0,intendedFor clothingType brand_kids_clothing
1098,Kleding | Dames,Pyjama's,3204,53.4,2371,38.0,62,0.92,10.0,3.5,12.5,0.73,0.27,clothingBrand,0.16,299,Hunkemöller; Primark; Hema; H&M; Disney,0.37,0.46,0.0,clothingBrand size
1099,Tuin en Terras,Tegels en Klinkers,280,53.4,17996,429.1,42,0.36,25.0,17.5,33.75,0.7,0.03,,,0,,0.36,0.56,0.0,type material totalSurface properties
1100,Auto's,Dodge,108,53.3,638,23.6,27,0.0,49990.0,24745.0,73895.0,0.97,0.0,model,0.87,18,RAM 1500; Challenger; Charger; Journey; Caliber,0.18,0.61,0.0,constructionYear mileage warranty model fuel range hybridType batteryChargeTime
1101,Huis en Inrichting,Woonaccessoires | Tekstborden en Spreuken,2873,53.3,3734,66.3,56,0.86,9.975,7.8625,22.99,0.6,0.37,,,0,,0.6,0.3,0.0,tekstbordenType tekstbordenBreedte tekstbordenHoogte tekstbordenMat tekstbordenEig
1102,Muziek en Instrumenten,Standaards,774,53.3,1922,50.4,38,0.54,20.0,14.375,46.25,0.67,0.23,,,0,,0.19,0.73,0.0,kind intendedFor
1103,Verzamelen,Smurfen,2816,53.3,2416,52.1,46,0.92,5.0,3.5,7.5,0.57,0.4,,,0,,0.06,0.83,0.0,type smurf
1104,Auto diversen,Dakkoffers,52,53.2,3949,72.9,54,0.21,100.0,30.0,287.5,0.7,0.07,,,0,,0.12,0.79,0.0,
1105,Dieren en Toebehoren,Pony's,417,53.2,710,19.9,36,,2125.0,912.5,4312.5,0.5,0.13,,,0,,,,,gender level withers type age properties
1106,Fietsen en Brommers,Fietsaccessoires | Fietsmanden,1918,53.2,1634,41.9,39,0.46,19.95,12.5,40.0,0.8,0.13,,,0,,0.18,0.73,0.0,type properties
1107,Fietsen en Brommers,Overige Fietsen en Brommers,463,53.2,1257,32.7,38,0.33,350.0,44.5,1750.0,0.7,0.2,,,0,,0.17,0.74,0.0,
1108,Verzamelen,Foto's en Prenten,910,53.2,12056,155.1,78,0.95,5.0,2.0,12.5,0.67,0.33,,,0,,0.07,0.84,0.0,type subject period
1109,Verzamelen,"Porselein, Kristal en Bestek",934,53.2,5672,82.6,69,0.85,2.25,2.0,27.4625,0.73,0.27,,,0,,0.11,0.83,0.0,type material properties
1110,Tuin en Terras,Pizzaovens,2961,53.2,582,14.6,40,0.44,90.0,35.0,350.0,0.77,0.13,,,0,,0.45,0.49,0.0,
1111,Antiek en Kunst,Antiek | Kleden en Textiel,2118,53.1,3282,61.3,54,0.78,25.0,9.0,70.0,0.47,0.33,,,0,,,,,
1112,Boeken,Kinderboeken | Kleuters,1465,53.1,15775,274.9,57,0.91,15.0,3.75,18.5,0.37,0.63,,,0,,0.08,0.55,0.0,type age intendedFor yearOriginal properties
1113,Doe-het-zelf en Verbouw,Glas en Ramen,249,53.1,8955,160.9,56,0.26,87.5,18.75,293.75,0.53,0.3,,,0,,0.27,0.62,0.0,type height width properties
1114,Telecommunicatie,Antennes en Masten,821,53.1,969,20.1,48,0.61,40.0,10.0,115.0,0.5,0.3,,,0,,0.36,0.5,0.003,type
1115,Watersport en Boten,Zeilen en Zeiltoebehoren,998,53.1,1381,22.9,60,0.46,297.5,82.5,456.25,0.6,0.37,,,0,,0.12,0.78,0.0,type sailArea boatLength
1116,Boeken,Thrillers,236,53.0,51657,964.9,54,0.92,5.25,2.625,9.7475,0.63,0.3,,,0,,0.05,0.51,0.0,origin yearOriginal
1117,Fietsen en Brommers,Brommers | Oldtimers,681,53.0,733,27.1,27,0.21,1700.0,850.0,2687.5,0.47,0.43,brand,0.22,4,Batavus; Sparta; Yamaha; Puch,,,,constructionYear brand engineDisplacement maximum speed numberOfGears
1118,Huis en Inrichting,Complete inboedels,510,53.0,2753,79.0,35,0.18,142.5,22.25,637.5,0.57,0.37,,,0,,,,,
1119,Kinderen en Baby's,Speelgoed | Buiten | Voertuigen en Loopfietsen,2781,53.0,12005,218.7,55,0.25,27.5,20.0,57.5,0.93,0.07,,,0,,0.09,0.86,0.0,type
1120,Kleding | Heren,Ondergoed,1675,53.0,2214,37.6,59,0.94,15.0,10.0,18.5,0.57,0.27,brand_mens_clothing,0.09,299,Calvin Klein; Australian; Björn Borg; Puma; Jack & Jones,,,,clothingType brand_mens_clothing color
1121,Postzegels en Munten,Postzegels | Europa | Zwitserland,1810,53.0,5357,63.9,84,0.95,0.6000000000000001,0.16249999999999998,2.0375,0.83,0.13,,,0,,0.0,0.0,0.0,
1122,Auto diversen,Handleidingen en Instructieboekjes,61,52.9,10513,124.9,84,0.94,17.5,15.0,868.0,0.63,0.33,,,0,,,,,
1123,Boeken,Geschiedenis | Vaderland,211,52.9,14204,220.6,64,0.95,6.95,4.95,12.475,0.7,0.3,,,0,,0.06,0.44,0.0,period yearOriginal
1124,Witgoed en Apparatuur,Wekkers,1458,52.9,1910,38.3,50,0.77,15.0,6.0,45.0,0.7,0.3,,,0,,0.21,0.68,0.003,kind
1125,Kinderen en Baby's,Speelgoed | Kinderpuzzels,615,52.9,14440,227.0,64,0.75,7.0,5.0,10.0,0.8,0.17,,,0,,0.15,0.77,0.0,minimumAge numberOfPieces properties
1126,Verzamelen,Automaten | Overige,1268,52.9,1876,38.7,48,0.38,325.0,97.5,990.0,0.67,0.2,,,0,,0.16,0.66,0.0,
1127,Cd's en Dvd's,Dvd's | Tekenfilms en Animatie,1110,52.9,11180,215.9,52,0.97,3.49,1.75,7.495,0.5,0.4,,,0,,0.0,0.84,0.0,kind type viewingAge properties bluRaySpokenLanguage bluRaySubtitles
1128,Doe-het-zelf en Verbouw,Kratten en Dozen,256,52.8,5223,150.6,35,0.32,25.0,3.55,92.5,0.67,0.07,,,0,,0.15,0.68,0.0,type length height width properties
1129,Dieren en Toebehoren,Hondenmanden,3088,52.8,4510,101.1,45,0.37,24.99,20.0,50.0,0.8,0.07,,,0,,0.24,0.59,0.0,material
1130,Dieren en Toebehoren,Knaagdieren,408,52.8,1304,52.1,25,,20.0,19.0,21.25,0.57,0.07,,,0,,,,,gender kind properties
1131,Muziek en Instrumenten,Blaasinstrumenten | Trombones,1767,52.8,129,4.0,32,0.53,287.0,85.0,1053.75,0.77,0.07,,,0,,0.06,0.82,0.0,type properties
1132,Verzamelen,Blikken,899,52.8,14202,218.3,65,0.91,6.95,5.0,12.5,0.63,0.33,brand,0.12,6,Douwe Egberts; Verkade; Droste; Van Nelle; Pickwick,0.04,0.84,0.0,intendedFor brand
1133,Cd's en Dvd's,Dvd's | Kinderen en Jeugd,602,52.8,17806,264.3,67,0.95,3.375,1.875,7.0875,0.6,0.3,,,0,,0.0,0.9,0.0,type genre viewingAge properties bluRaySpokenLanguage bluRaySubtitles
1134,Cd's en Dvd's,Cd's | Religie en Gospel,2120,52.8,2519,46.0,55,0.96,4.75,4.5,6.0,0.63,0.37,,,0,,0.0,0.91,0.0,genre cdSchlagersFormat cdSchlagersReleaseYear gospelInstrument properties
1135,Tuin en Terras,Tuintafels,3002,52.8,7230,148.7,49,0.17,75.0,32.5,185.0,0.53,0.27,,,0,,0.12,0.8,0.0,shape material
1136,Tuin en Terras,Tuinhuizen,277,52.8,1384,28.9,48,0.3,350.0,150.0,2225.0,0.63,0.23,,,0,,0.27,0.62,0.0,type material length width numberOfWindows properties
1137,"Audio, Tv en Foto",Fotografie | Fotopapier,1721,52.7,336,7.9,43,0.77,12.0,5.0,35.0,0.77,0.2,brandPhotoPaper,0.42,19,Canon; HP; Fujifilm; Epson; Kodak,0.67,0.26,0.009,brandPhotoPaper typePhotoPaper finishPhotoPaper formatPhotoPaper propertiesPhotoPaper
1138,Dieren en Toebehoren,Hondenbenches,3092,52.7,5919,146.3,40,0.18,30.0,21.25,75.0,0.8,0.13,,,0,,0.09,0.75,0.0,
1139,Dieren en Toebehoren,Dierenvoeding,399,52.7,5846,145.0,40,0.51,27.5,15.625,43.75,0.57,0.2,,,0,,,,,intendedFor
1140,Zakelijke goederen,Agrarisch | Werktuigen,1692,52.7,4357,90.3,48,0.26,3675.0,1458.75,11125.0,0.7,0.0,,,0,,,,,type application
1141,Computers en Software,Capture cards,3086,52.6,191,3.7,51,0.76,75.0,50.0,100.0,0.77,0.2,,,0,,0.17,0.74,0.0,
1142,Kinderen en Baby's,Kinderkleding | Kinder-kledingpakketten,3135,52.6,8077,164.9,49,0.77,1.0,1.0,36.25,0.73,0.17,,,0,,0.1,0.8,0.0,size
1143,Kinderen en Baby's,Kinderkamer | Beddengoed,2772,52.6,5625,73.6,76,0.76,12.5,6.5,24.75,0.67,0.33,brandChildBedding,0.17,20,Aerosleep; Hema; IKEA; Jollein; Prénatal,0.28,0.65,0.0,type suitableForChildBedding color intendedFor brandChildBedding featuresChildBedding
1144,Sport en Fitness,Rugby,804,52.6,194,4.9,40,0.85,19.95,15.0,45.0,0.9,0.1,,,0,,0.37,0.56,0.0,type
1145,Verzamelen,Spoorwegen en Tramwegen,944,52.6,4880,92.7,53,0.94,8.95,6.0,25.0,0.53,0.47,,,0,,0.08,0.8,0.0,kind type
1146,Boeken,Encyclopedieën,209,52.5,3293,56.1,59,0.74,12.0,5.0,40.0,0.7,0.27,,,0,,0.05,0.53,0.0,type subject yearOriginal
1147,Kinderen en Baby's,Badjes en Verzorging,578,52.5,10446,201.0,52,0.35,18.75,11.25,57.5,0.83,0.1,brand,0.17,5,Bébé-jou; Prenatal; Hema; Nijntje; Sangenic,0.12,0.82,0.0,type brand properties
1148,Kinderen en Baby's,Kinderkleding | Kinder-zwemkleding,3134,52.5,4774,45.7,104,0.85,4.5,2.75,6.375,0.73,0.27,brand_kids_clothing,0.15,299,Hema; Disney; H&M; Paw Patrol; Decathlon,0.33,0.61,0.0,type size intendedFor brand_kids_clothing caracteristics
1149,Sport en Fitness,IJshockey,2140,52.5,739,12.3,60,0.76,35.0,20.0,117.5,0.6,0.23,,,0,,0.16,0.75,0.0,type sizeOfSkates
1150,Verzamelen,Ansichtkaarten | Themakaarten,1818,52.5,31138,403.0,77,0.98,2.125,0.475,5.0,0.7,0.3,,,0,,0.0,0.0,0.0,period theme
1151,Verzamelen,Elektronische Apparatuur,904,52.5,1237,22.3,56,0.7,50.0,10.0,158.0,0.37,0.53,,,0,,,,,type
1152,Antiek en Kunst,Antiek | Emaille,1100,52.4,9572,211.1,45,0.82,18.0,15.0,23.25,0.5,0.37,,,0,,,,,
1153,Spelcomputers en Games,Games | Atari,1729,52.4,577,10.6,55,0.88,20.0,19.0,60.0,0.67,0.33,,,0,,0.05,0.86,0.0,intendedFor genre numberOfPlayers ageGroup multiplayerPossibilities
1154,Hobby en Vrije tijd,Gezelschapsspellen | Bordspellen,1233,52.4,53670,976.0,55,0.83,14.48,10.0,28.75,0.57,0.2,,,0,,0.21,0.73,0.0,numberOfPlayers properties
1155,Cd's en Dvd's,Cd's | Filmmuziek en Soundtracks,1333,52.4,3594,48.9,74,0.93,6.5,3.8725,14.25,0.73,0.27,,,0,,0.0,0.9,0.0,soundtrackType cdSchlagersFormat cdSchlagersReleaseYear properties
1156,Postzegels en Munten,Postzegels | Amerika,1812,52.4,8976,173.0,52,0.96,0.05,0.04,0.1825,0.6,0.4,,,0,,0.0,0.0,0.0,region
1157,Auto diversen,Onderhoudsmiddelen,2644,52.3,3286,53.7,61,0.76,12.5,8.5,33.75,0.8,0.1,,,0,,,,,
1158,Auto diversen,Autohoezen,3067,52.3,648,13.3,49,0.7,27.5,16.875,62.5,0.73,0.23,,,0,,0.44,0.46,0.0,kind
1159,Computers en Software,USB Sticks,1418,52.3,606,13.7,44,0.86,15.0,10.0,40.0,0.77,0.23,,,0,,0.6,0.35,0.002,capacity
1160,Dieren en Toebehoren,Hondenkleding,3090,52.3,1562,25.6,61,0.84,12.5,10.0,20.0,0.7,0.27,dogClothingBrand,0.09,20,Trixie; Flamingo; Hurtta; Beeztees; Hunter,0.53,0.37,0.0,kind dogClothingSize dogClothingBrand dogClothingProperties
1161,Huis en Inrichting,Woonaccessoires | Etagères,2866,52.3,3080,59.1,52,0.54,20.0,7.25,50.0,0.7,0.27,,,0,,0.15,0.68,0.0,etageresType etageresMateriaal etageresEigenschappen
1162,Hobby en Vrije tijd,Modelbouw | Overige,2753,52.2,1692,29.4,57,0.81,25.0,18.744999999999997,230.0,0.53,0.4,,,0,,0.42,0.49,0.0,scale
1163,Cd's en Dvd's,Dvd's | Thrillers en Misdaad,1111,52.2,21829,225.1,97,0.96,3.5,2.0,12.5,0.63,0.37,,,0,,0.0,0.91,0.0,genre viewingAge properties bluRaySpokenLanguage bluRaySubtitles
1164,Boeken,Kinderboeken | Jeugd | 13 jaar en ouder,1885,52.1,13106,179.3,73,0.9,7.5,5.5,10.0,0.73,0.2,,,0,,0.07,0.48,0.0,type yearOriginal
1165,Computers en Software,Computerkoelers,3018,52.1,1255,25.9,49,0.78,20.0,12.475,40.0,0.63,0.37,,,0,,0.31,0.63,0.004,type
1166,Dieren en Toebehoren,Pluimvee | Toebehoren,400,52.1,2454,53.0,46,0.46,650.0,352.5,975.0,0.17,0.1,,,0,,0.38,0.41,0.0,type
1167,Huis en Inrichting,Schoonmaakartikelen,1261,52.1,5985,120.1,50,0.59,16.75,10.0,30.0,0.73,0.1,,,0,,,,,type
1168,Telecommunicatie,Telefooncentrales,850,52.1,396,3.1,126,0.93,75.0,29.4975,162.5,0.73,0.27,,,0,,0.12,0.7,0.003,type
1169,Cd's en Dvd's,Vinyl | Verzamelalbums,1382,52.1,4448,67.4,66,0.91,8.0,7.75,10.0,0.57,0.4,,,0,,0.0,0.86,0.0,genre vinylEditionType cdSchlagersReleaseYear size propertiesVinylPop
1170,Cd's en Dvd's,Cd's | Latin en Salsa,1748,52.1,1627,22.1,73,0.97,4.0,2.5,8.245000000000001,0.97,0.03,,,0,,0.0,0.89,0.0,cdSchlagersFormat cdSchlagersReleaseYear latinGenre properties
1171,Postzegels en Munten,Munten | Europa | Euromunten,1394,52.1,11649,164.3,71,0.95,3.975,2.5,4.825,0.6,0.3,,,0,,,,,type faceValue country properties
1172,Doe-het-zelf en Verbouw,IJzerwaren en Bevestigingsmiddelen,2621,52.0,8725,135.0,65,0.62,27.0,9.5,61.25,0.53,0.33,,,0,,0.53,0.35,0.0,type length properties
1173,Caravans en Kamperen,Tenten,318,52.0,9085,121.0,75,0.31,550.0,93.75,1350.0,0.73,0.2,,,0,,0.1,0.78,0.0,numberOfSleepingPlaces
1174,Cd's en Dvd's,Blu-ray,1745,52.0,31557,499.4,63,0.97,15.0,,,0.17,0.83,,,0,,0.0,0.73,0.0,genre bluRayFormat bluRayType viewingAge bluRaySpokenLanguage bluRaySubtitles properties
1175,Postzegels en Munten,Penningen en Medailles,1799,52.0,9911,126.1,79,0.97,20.0,10.75,25.0,0.43,0.57,,,0,,,,,material region
1176,Tuin en Terras,"Grind, Keien en Split",1860,52.0,2943,71.6,41,0.23,47.5,33.75,912.5,0.4,0.17,,,0,,0.23,0.65,0.0,type color material
1177,Fietsen en Brommers,Fietsaccessoires | Fietsgereedschap,3109,51.9,651,16.3,40,0.6,30.0,15.0,40.0,0.67,0.27,,,0,,0.33,0.59,0.0,type
1178,Verzamelen,Koninklijk Huis en Royalty,916,51.9,4689,64.1,73,0.91,4.5,3.0,12.5,0.67,0.33,,,0,,0.12,0.77,0.0,type region
1179,Tuin en Terras,Verticuteermachines,2986,51.9,458,13.4,34,0.26,75.0,35.0,100.0,0.8,0.1,,,0,,0.17,0.71,0.0,propulsion
1180,"Audio, Tv en Foto",Diaprojectors,2666,51.8,1336,27.1,49,0.63,42.5,26.25,82.5,0.43,0.43,,,0,,0.05,0.77,0.022,properties
1181,Auto's,Lada,2155,51.8,14,1.0,14,0.0,4450.0,3250.0,7350.0,0.86,0.0,model,0.86,7,Niva; 2105; Kalina; Samara; 110,0.0,0.36,0.0,constructionYear mileage warranty model fuel range hybridType batteryChargeTime
1182,Kinderen en Baby's,Babykleding | Maat 50,568,51.8,2244,33.7,67,0.91,3.475,1.5,7.75,0.67,0.33,brand_kids_clothing,0.25,299,Hema; Zeeman; Prenatal; H&M; Noppies,0.28,0.69,0.0,intendedFor clothingType brand_kids_clothing
1183,Hobby en Vrije tijd,Gezelschapsspellen | Kaartspellen,2743,51.8,17575,273.4,64,0.83,10.0,5.0,20.0,0.7,0.17,,,0,,0.3,0.64,0.0,numberOfPlayers
1184,Postzegels en Munten,Postzegels | Azië,936,51.8,17049,344.0,50,0.98,0.3,0.1,0.425,0.57,0.4,,,0,,0.0,0.0,0.0,region
1185,Dieren en Toebehoren,Honden | Windhonden,2728,51.7,8,0.4,19,,450.0,450.0,1250.0,0.75,0.0,,,0,,,,,gender breed aanbiederType aantalHonden herkomstHonden gechiptHonden geregistreerdHonden leeftijdHonden
1186,Auto's,Polestar,2934,51.6,334,17.0,20,0.0,39899.0,29524.75,49649.0,0.97,0.0,model,0.99,4,Polestar 2; Polestar 4; Polestar 3; Polestar 1,0.13,0.83,0.0,constructionYear mileage warranty model fuel range hybridType batteryChargeTime
1187,Kinderen en Baby's,Babykleding | Maat 56,569,51.6,3230,48.0,67,0.91,5.0,1.95,25.0,0.5,0.5,brand_kids_clothing,0.3,299,Hema; Noppies; Prenatal; Feetje; Dirkje,0.25,0.73,0.0,intendedFor clothingType brand_kids_clothing
1188,Spelcomputers en Games,Spelcomputers | Nintendo Switch 2,3246,51.5,11,1.6,7,0.45,400.0,400.0,587.5,0.64,0.36,model,0.45,3,Switch Original; Switch OLED; Switch 2019 Upgrade,0.36,0.55,0.0,model controllers properties
1189,Motoren,Motoren | Piaggio,2884,51.5,616,17.4,35,0.13,4250.0,3075.0,6125.0,0.83,0.07,,,0,,,,,constructionYear mileage motorcycleType enginePower engineDisplacement numberOfCilinders licenseMotorbikes warranty
1190,Telecommunicatie,Vaste telefoons | Handsets en Draadloos,851,51.5,2901,45.3,64,0.79,22.5,14.375,41.25,0.53,0.47,,,0,,0.16,0.71,0.003,numberOfHandsets properties
1191,Tuin en Terras,Tuinslangen,1865,51.5,2464,52.7,47,0.49,25.0,15.0,47.5,0.67,0.27,,,0,,0.33,0.54,0.0,type
1192,Muziek en Instrumenten,Strijkinstrumenten | Violen en Altviolen,1371,51.4,498,10.7,46,0.6,79.0,25.0,615.0,0.47,0.5,,,0,,0.07,0.84,0.0,type size properties
1193,"Audio, Tv en Foto",Fotografie | Fotolijsten,1483,51.3,3581,63.7,56,0.7,12.5,5.0,20.0,0.6,0.33,,,0,,0.28,0.57,0.0,typePhotoFrame materialPhotoFrame colorPhotoFrame featuresPhotoFrame
1194,Huis en Inrichting,Lampen | Lampenkappen,1945,51.3,6502,131.9,49,0.5,19.75,15.0,31.25,0.63,0.3,,,0,,0.15,0.7,0.0,lampenkType heightLampShade shape lampenkDiameter color lampenkMat
1195,Kinderen en Baby's,Speelgoed | Buiten | Actiespeelgoed,2878,51.3,6411,84.7,76,0.56,25.0,8.75,38.75,0.8,0.2,,,0,,0.15,0.76,0.0,
1196,Telecommunicatie,Mobiele telefoons | Siemens,842,51.3,36,0.1,252,0.92,35.0,25.0,50.0,0.53,0.4,model,0.42,3,Klassiek of Candybar; Schuifmodel; Inklapmodel,0.03,0.69,0.083,subscription simlock model
1197,Boeken,Historische romans,1883,51.2,3742,44.9,83,0.93,14.995000000000001,5.0,21.24,0.63,0.33,,,0,,0.06,0.49,0.0,yearOriginal
1198,Cd's en Dvd's,Dvd's | Cabaret en Sketches,2720,51.2,2694,42.4,63,0.91,4.49,2.5625,18.75,0.6,0.4,,,0,,0.0,0.88,0.0,type cabaretArtist viewingAge properties bluRaySpokenLanguage bluRaySubtitles
1199,Tuin en Terras,Picknicktafels,3003,51.2,1647,34.3,48,0.23,247.5,57.5,485.0,0.6,0.1,,,0,,0.25,0.66,0.0,shape material properties
1200,Auto diversen,Autosport-onderdelen,1651,51.1,2833,60.0,47,0.35,195.0,110.0,275.0,0.53,0.43,,,0,,0.11,0.66,0.0,
1201,Computers en Software,Barebones,3016,51.1,37,0.7,52,0.7,85.0,20.0,200.0,0.83,0.13,,,0,,0.16,0.68,0.054,
1202,Muziek en Instrumenten,Bladmuziek,731,51.1,18097,275.4,66,0.99,11.25,6.5875,17.0,0.47,0.53,,,0,,0.04,0.89,0.0,kind genre intendedFor
1203,Sport en Fitness,Yoga en Pilates,3155,51.1,1395,22.9,61,0.64,25.0,11.0,32.5,0.77,0.2,,,0,,0.34,0.58,0.0,type
1204,Sport en Fitness,Handboogschieten,2139,51.1,375,8.1,46,0.57,175.0,62.5,400.0,0.67,0.3,,,0,,0.15,0.78,0.0,type
1205,Boeken,Detectives,207,51.0,7209,104.6,69,0.91,12.5,5.0,40.0,0.63,0.33,,,0,,0.03,0.33,0.0,yearOriginal properties
1206,Doe-het-zelf en Verbouw,Motoren,1350,50.9,1574,25.7,61,0.46,100.0,25.0,1000.0,0.57,0.3,,,0,,0.15,0.64,0.0,type rpm
1207,Fietsen en Brommers,Fietsaccessoires | Bagagedragers,3108,50.9,2231,52.7,42,0.53,15.0,14.0,40.0,0.83,0.17,,,0,,0.18,0.72,0.0,
1208,Huis en Inrichting,Woonaccessoires | Klokken,523,50.9,9109,186.0,49,0.48,25.0,18.75,38.75,0.53,0.37,klokkMerk,0.06,20,Karlsson; IKEA; AMS; Seiko; Hermle,0.16,0.7,0.0,type klokkWeergave klokkMerk klokkKleur klokkStijl klokkEig
1209,Verzamelen,Lord of the Rings,917,50.9,846,10.9,78,0.83,30.0,12.5,100.0,0.7,0.27,,,0,,0.24,0.67,0.0,type
1210,Cd's en Dvd's,VHS | Kinderen en Jeugd,1125,50.9,3759,31.4,120,0.94,3.0,3.0,3.99,0.73,0.27,,,0,,0.0,0.92,0.0,type vhsFormat viewingAge vhsProperties bluRaySpokenLanguage
1211,Tuin en Terras,Zwembaden,819,50.9,6413,49.1,130,0.26,150.0,71.25,262.5,0.63,0.27,,,0,,0.2,0.72,0.0,type height length width shape
1212,Doe-het-zelf en Verbouw,Platen en Panelen,263,50.8,5855,124.1,47,0.24,30.0,15.0,1218.0,0.67,0.07,,,0,,0.47,0.41,0.0,material thickness
1213,Dieren en Toebehoren,Knaagdieren en Konijnen | Toebehoren,1932,50.8,2755,53.3,52,0.46,60.0,,,0.4,0.2,,,0,,0.21,0.57,0.0,type
1214,Antiek en Kunst,Antiek | Boeken en Bijbels,3,50.7,12020,174.1,69,0.93,19.975,17.575,31.25,0.47,0.5,,,0,,,,,
1215,Kinderen en Baby's,Speelgoed | Buiten | Rolschaatsen,617,50.7,3316,40.0,83,0.56,21.25,13.712499999999999,32.5,0.83,0.17,,,0,,0.07,0.88,0.0,size intendedFor caracteristics
1216,Tuin en Terras,Planten | Fruitbomen,2948,50.7,1083,21.4,51,0.28,37.5,10.25,75.0,0.7,0.13,,,0,,,,,species_fruit_trees height_fruit_trees light_fruit_trees flowering_fruit_trees extra_fruit_trees
1217,Witgoed en Apparatuur,Juicers,3183,50.6,1726,31.1,55,0.57,25.0,15.0,60.0,0.67,0.27,,,0,,0.14,0.77,0.0,type kind
1218,"Audio, Tv en Foto",Schotelantennes,1118,50.5,1469,28.0,52,0.46,32.5,17.4975,56.25,0.63,0.3,brand,0.04,5,Dreambox; Philips; Humax; Samsung; Topfield,0.13,0.77,0.002,type brand
1219,Boeken,"Essays, Columns en Interviews",1880,50.5,1261,24.9,51,0.96,4.5,2.25,5.375,0.67,0.33,,,0,,0.08,0.56,0.0,numberOfAuthors yearOriginal
1220,Kinderen en Baby's,Babykleding | Maat 62,570,50.5,5683,96.4,59,0.93,7.5,5.0,22.5,0.43,0.57,brand_kids_clothing,0.27,299,Hema; Prenatal; H&M; Feetje; Noppies,0.21,0.76,0.0,intendedFor clothingType brand_kids_clothing
1221,Verzamelen,Religie,1821,50.4,4068,59.1,69,0.9,9.5,4.5,16.0,0.57,0.43,,,0,,0.11,0.75,0.0,religion type
1222,Postzegels en Munten,Munten | België,2928,50.4,1405,24.9,57,0.95,15.0,4.625,40.0,0.5,0.5,,,0,,,,,type yearOriginal material properties
1223,Tuin en Terras,Gaas en Draad,1855,50.4,1270,24.6,52,0.33,57.45,41.9875,78.7125,0.63,0.3,,,0,,0.49,0.38,0.0,type length
1224,Boeken,Romans,224,50.3,85002,1480.0,57,0.94,7.5,5.0,15.0,0.57,0.3,,,0,,0.06,0.45,0.0,origin yearOriginal
1225,Doe-het-zelf en Verbouw,Aggregaten,241,50.3,941,15.3,62,0.32,1595.0,150.0,3125.0,0.77,0.23,,,0,,0.48,0.46,0.0,type power properties
1226,Fietsen en Brommers,Scooters | Aprilia,2737,50.3,284,8.4,34,0.3,1850.0,887.5,2212.5,0.57,0.37,model,0.45,3,SR 50; Mojito of Habana; Area 51,0.04,0.82,0.0,constructionYear mileage model maximum speed fuel engineDisplacement
1227,Verzamelen,Automaten | Gokkasten en Fruitautomaten,1625,50.3,954,24.9,38,0.43,362.5,162.5,528.75,0.43,0.4,,,0,,0.05,0.85,0.0,coinType properties
1228,Watersport en Boten,Suppen,3163,50.3,709,10.9,65,0.45,110.0,85.0,250.0,0.83,0.13,,,0,,0.29,0.62,0.0,type
1229,Cd's en Dvd's,Cassettebandjes,1715,50.3,11425,146.9,78,0.96,4.5,0.49,10.0,0.57,0.4,,,0,,0.0,0.85,0.0,type genre numberOfTapes properties
1230,Postzegels en Munten,Postzegels | Europa | Overig,938,50.3,19773,294.9,67,0.92,0.75,0.45,1.5,0.63,0.3,,,0,,0.0,0.0,0.0,country
1231,Tuin en Terras,Ligbedden,3005,50.3,3914,56.6,69,0.18,75.0,25.0,300.0,0.6,0.27,,,0,,0.11,0.81,0.0,material properties
1232,Tuin en Terras,Bestrijdingsmiddelen,2957,50.3,741,12.3,60,0.64,50.0,10.0,147.0,0.57,0.33,,,0,,0.56,0.3,0.0,soort
1233,Auto diversen,Automatten,3070,50.2,2788,50.6,55,0.59,25.0,20.0,50.0,0.63,0.37,,,0,,0.26,0.64,0.0,
1234,Hobby en Vrije tijd,Denksport en Puzzels,1969,50.2,55991,1103.3,51,0.74,10.0,7.5,23.5,0.6,0.27,,,0,,0.16,0.8,0.0,type numberOfPieces
1235,Antiek en Kunst,Antiek | Meubels | Stoelen en Banken,1505,50.1,20123,405.0,50,0.2,150.0,62.5,443.75,0.57,0.4,,,0,,,,,
1236,Huis en Inrichting,Woonaccessoires | Spiegels,529,50.1,21313,483.1,44,0.3,25.0,10.0,57.5,0.67,0.27,,,0,,0.13,0.77,0.0,width height shape
1237,Huis en Inrichting,Woonaccessoires | Krantenbakken en Lectuurbakken,2868,50.1,2754,53.4,52,0.49,25.0,11.25,53.75,0.53,0.37,,,0,,0.06,0.81,0.0,krantenbakType krantenbakMateriaal krantenbakStijl krantenbakEigenschappen
1238,Watersport en Boten,Hengelsport | Vliegvissen,2825,50.1,706,14.4,49,0.82,20.0,15.0,154.0,0.67,0.27,,,0,,0.36,0.53,0.0,type
1239,Dieren en Toebehoren,Paarden,411,50.0,1256,34.0,37,,5375.0,3550.0,7875.0,0.53,0.1,,,0,,,,,gender level withers age type properties
1240,Telecommunicatie,Mobiele telefoons | LG,1632,50.0,71,1.3,55,0.92,30.0,10.0,50.0,0.57,0.37,model,0.23,3,Klassiek of Candybar; Schuifmodel; Inklapmodel,0.1,0.73,0.042,subscription simlock model color cameraResolution operatingSystem properties
1241,Verzamelen,Stickers,1823,50.0,47027,441.9,106,0.76,3.0,2.5,8.25,0.83,0.17,,,0,,0.09,0.85,0.0,type
1242,Cd's en Dvd's,Vinyl | Filmmuziek en Soundtracks,1373,50.0,2588,33.0,78,0.86,10.0,8.0,20.0,0.7,0.3,,,0,,0.0,0.9,0.0,soundtrackType vinylEditionType cdSchlagersReleaseYear size propertiesVinylPop
1243,Huis en Inrichting,Woonaccessoires | Stolpen,2874,49.9,2389,48.0,50,0.49,27.5,13.375,56.25,0.6,0.33,,,0,,0.12,0.7,0.0,stolpenMat stolpenDiameter stolpenEig
1244,Motoren,Motoren | Oldtimers,703,49.9,403,9.6,42,0.05,3500.0,2149.0,7900.0,0.93,0.03,,,0,,,,,constructionYear mileage motorcycleType enginePower engineDisplacement numberOfCilinders licenseMotorbikes warranty
1245,Verzamelen,Supermarktacties,2820,49.9,5196,218.3,24,0.83,8.8,,,0.37,0.3,,,0,,,,,supermarket
1246,Hobby en Vrije tijd,Cursusmateriaal,1231,49.9,706,11.6,61,0.72,25.0,9.95,38.75,0.73,0.13,,,0,,0.35,0.47,0.0,type medium
1247,Tuin en Terras,Windwijzers en Windmolens,2982,49.9,194,4.1,47,0.6,74.95,15.0,94.95,0.8,0.13,,,0,,0.55,0.31,0.0,
1248,Diversen,Rommelmarktspullen,1345,49.8,5114,163.0,31,0.66,13.0,5.125,425.0,0.6,0.17,,,0,,0.43,0.23,0.0,
1249,Muziek en Instrumenten,Strijkinstrumenten | Overige,1775,49.8,38,0.9,44,0.71,59.0,20.0,300.0,0.73,0.23,,,0,,0.16,0.76,0.0,
1250,Tuin en Terras,Tuinhekken en Hekwerk,2968,49.8,4595,85.9,54,0.24,100.0,37.5,218.75,0.47,0.3,,,0,,0.31,0.57,0.0,type material properties
1251,Tuin en Terras,Zand,1848,49.8,1832,56.1,33,0.25,160.0,,,0.37,0.03,,,0,,0.26,0.53,0.0,type
1252,Doe-het-zelf en Verbouw,Steigers,269,49.7,3852,78.4,49,0.33,1525.0,312.5,2400.0,0.33,0.27,,,0,,0.15,0.65,0.0,type height
1253,Kinderen en Baby's,Speelgoed | Buiten | Speeltoestellen,607,49.7,7989,144.7,55,0.22,50.0,27.5,65.0,0.53,0.37,,,0,,0.15,0.8,0.0,type properties
1254,Cd's en Dvd's,Vinyl | Reggae,3249,49.7,17,2.4,7,1.0,16.494999999999997,8.8725,38.7475,0.71,0.29,,,0,,0.0,0.59,0.0,vinylEditionType cdSchlagersReleaseYear size propertiesVinylPop
1255,Doe-het-zelf en Verbouw,Weegschalen,285,49.6,830,12.1,68,0.52,45.0,25.0,90.0,0.67,0.3,,,0,,0.1,0.75,0.0,type maximumWeight
1256,Muziek en Instrumenten,"Versterkers | Keyboard, Monitor en PA",768,49.6,1057,22.0,48,0.31,150.0,85.0,987.5,0.63,0.33,,,0,,0.04,0.89,0.0,type power
1257,Tuin en Terras,Tuinhaarden,2966,49.6,1809,38.4,47,0.22,110.0,50.0,281.25,0.63,0.3,,,0,,0.25,0.63,0.0,
1258,Dieren en Toebehoren,"Honden | Retrievers, Spaniëls en Waterhonden",403,49.5,233,9.9,24,,2650.0,1700.0,2850.0,0.5,0.03,,,0,,,,,gender breed aanbiederType aantalHonden herkomstHonden gechiptHonden geregistreerdHonden leeftijdHonden
1259,Kinderen en Baby's,Speelgoed | Vtech,2778,49.5,7117,124.4,57,0.48,16.5,6.0,30.0,0.83,0.17,,,0,,0.03,0.88,0.0,minimumAge
1260,Cd's en Dvd's,Cd's | Country en Western,1681,49.5,5135,59.9,86,0.96,4.995,3.6875,8.4875,0.6,0.4,,,0,,0.0,0.9,0.0,cdSchlagersFormat cdSchlagersReleaseYear cdCountryGenre properties
1261,Boeken,Tijdschriften en Kranten,237,49.4,20788,337.7,62,0.87,12.5,8.0,27.5,0.5,0.33,,,0,,0.07,0.38,0.0,type yearOriginal
1262,Caravans en Kamperen,Luchtbedden,3079,49.4,1759,30.1,58,0.55,20.0,10.0,30.0,0.83,0.13,,,0,,0.23,0.66,0.0,type caracteristics
1263,Kinderen en Baby's,Speelgoed | Voetbaltafels,3140,49.4,966,21.9,44,0.22,50.0,35.0,150.0,0.73,0.23,,,0,,0.11,0.83,0.0,
1264,Verzamelen,Harry Potter,913,49.4,2753,43.0,64,0.85,10.0,7.125,32.5,0.67,0.27,,,0,,0.3,0.6,0.0,type
1265,Tuin en Terras,Vogelhuisjes en Vogelbaden,2981,49.4,1484,27.6,54,0.63,19.99,10.99,75.0,0.8,0.03,,,0,,0.61,0.26,0.0,
1266,Verzamelen,Film en Tv,1392,49.3,5336,74.7,71,0.89,9.975,7.95,106.25,0.53,0.43,,,0,,0.29,0.58,0.0,kind type
1267,Verzamelen,Geboortekaartjes en Visitekaartjes,911,49.3,2290,41.4,55,0.94,15.0,,,0.03,0.97,,,0,,,,,type period
1268,Cd's en Dvd's,Cd's | Meditatie en Spiritualiteit,2121,49.3,689,12.0,57,0.97,5.0,3.0,8.975,0.83,0.17,,,0,,0.0,0.83,0.0,cdSchlagersFormat cdSchlagersReleaseYear cdMeditationGenre properties
1269,Dieren en Toebehoren,Paarden en Pony's | Trailers en Aanhangwagens,414,49.2,573,20.4,28,0.11,3400.0,1672.5,6997.0,0.67,0.1,,,0,,0.24,0.72,0.0,type material
1270,Verzamelen,"Rookartikelen, Aanstekers en Luciferdoosjes",896,49.2,17054,366.1,47,0.89,8.07,0.25,57.5,0.47,0.5,,,0,,0.11,0.81,0.0,type
1271,Cd's en Dvd's,Dvd's | Drama,1451,49.2,16948,215.1,79,0.97,2.5,2.125,3.7375,0.53,0.47,,,0,,0.0,0.85,0.0,genre viewingAge properties bluRaySpokenLanguage bluRaySubtitles
1272,Postzegels en Munten,Postzegels | Eerstedagenveloppen,937,49.2,8650,144.9,60,0.93,15.0,6.7,43.75,0.17,0.77,,,0,,0.0,0.0,0.0,region
1273,Tuin en Terras,Overkappingen,2901,49.1,1739,37.4,46,0.32,550.0,198.75,812.5,0.53,0.1,,,0,,0.39,0.52,0.0,type
1274,Motoren,Accessoires | Sloten,1896,49.0,722,13.3,54,0.67,25.0,20.0,40.0,0.8,0.2,,,0,,0.24,0.62,0.0,
1275,Cd's en Dvd's,Vinyl | Dance en House,1372,49.0,4252,92.6,46,0.84,7.5,1.49,12.5,0.4,0.57,,,0,,0.0,0.85,0.0,genre vinylEditionType cdSchlagersReleaseYear size propertiesVinylPop
1276,"Audio, Tv en Foto",Fotografie | Accu's en Batterijen,1360,48.9,1066,15.0,71,,40.0,24.994999999999997,100.0,0.6,0.4,brandBattery,0.22,12,Canon; Nikon; Jupio; Panasonic; Fujifilm,0.58,0.36,0.001,typeBattery brandBattery featuresBattery compatibleBrandBattery
1277,Boeken,Taal | Overige Talen,232,48.9,2255,32.7,69,0.91,7.75,5.0,20.0,0.73,0.2,,,0,,0.12,0.54,0.0,type yearOriginal
1278,Computers en Software,Optische drives,350,48.9,679,11.9,57,0.89,15.0,10.0,25.0,0.63,0.33,,,0,,0.12,0.82,0.004,kind compatibility suitableFor
1279,Antiek en Kunst,Antiek | Wandborden en Tegels,1104,48.8,16780,279.1,60,0.78,18.75,10.0,36.25,0.5,0.47,,,0,,,,,
1280,Antiek en Kunst,Antiek | Naaimachines,1101,48.8,2229,44.0,51,0.28,75.0,45.0,120.0,0.6,0.33,,,0,,,,,
1281,Doe-het-zelf en Verbouw,Schaafmachines,3104,48.8,683,15.1,45,0.55,207.0,51.875,341.25,0.47,0.37,,,0,,0.1,0.77,0.0,propulsion
1282,Doe-het-zelf en Verbouw,Gehoorbeschermers,3198,48.8,297,5.6,53,0.82,22.5,10.0,49.962500000000006,0.87,0.1,,,0,,0.54,0.4,0.0,caracteristics
1283,Fietsen en Brommers,Brommers | Puch,683,48.8,290,9.7,30,0.33,800.0,412.5,1525.0,0.53,0.37,model,0.42,2,Maxi; Macho,0.01,0.84,0.0,constructionYear mileage model engineDisplacement maximum speed numberOfGears
1284,Motoren,Motoren | Peugeot,3229,48.8,19,0.7,27,0.0,2000.0,147.0,6250.0,1.0,0.0,,,0,,,,,constructionYear mileage motorcycleType enginePower numberOfCilinders engineDisplacement licenseMotorbikes warranty
1285,Auto's,SsangYong,2151,48.7,31,0.7,43,0.0,4745.0,3499.5,13449.5,0.97,0.03,model,0.97,11,Rexton; Korando; Actyon; Tivoli; Kyron,0.0,0.84,0.0,constructionYear mileage warranty model fuel range hybridType batteryChargeTime
1286,Doe-het-zelf en Verbouw,Betonmolens,3102,48.7,427,14.6,29,0.27,95.0,52.25,193.75,0.7,0.23,,,0,,0.13,0.7,0.0,
1287,Tuin en Terras,Zwembad-toebehoren,1711,48.7,7410,91.3,81,0.48,4490.0,3495.0,6990.0,0.67,0.27,,,0,,0.38,0.53,0.0,type
1288,Diversen,Cadeauverpakkingen,3187,48.6,6,0.1,42,0.67,450.0,104.5,612.5,0.67,0.0,,,0,,0.83,0.17,0.0,type
1289,Zakelijke goederen,Kantoor en Winkelinrichting | Kassa's en Betaalsystemen,2603,48.6,224,4.3,52,0.62,160.0,75.0,450.0,0.77,0.23,,,0,,,,,
1290,Witgoed en Apparatuur,Gourmetstellen,1981,48.5,1944,35.9,54,0.53,20.0,15.0,25.0,0.77,0.23,,,0,,0.42,0.49,0.001,numberOfPersons
1291,Verzamelen,"Tijdschriften, Kranten en Knipsels",947,48.5,6595,89.7,74,0.95,6.0,5.0,7.5,0.5,0.47,,,0,,,,,type region period
1292,Antiek en Kunst,Antiek | Meubels | Kasten,5,48.4,13436,351.6,38,0.18,125.0,100.0,187.5,0.43,0.47,,,0,,,,,
1293,Diversen,Cadeaupapier,3186,48.4,941,16.6,57,0.84,18.0,9.5,35.0,0.7,0.2,,,0,,0.72,0.15,0.0,
1294,Witgoed en Apparatuur,Frituurpannen,541,48.4,975,20.3,48,0.5,22.5,10.0,35.0,0.77,0.2,,,0,,0.29,0.63,0.002,volume properties
1295,Muziek en Instrumenten,Blaasinstrumenten | Hoorns,1765,48.4,79,2.0,40,0.56,125.0,42.5,400.0,0.77,0.13,,,0,,0.03,0.86,0.0,type properties
1296,Verzamelen,Telefoonkaarten,946,48.4,2515,44.4,57,0.96,3.25,0.8125,6.25,0.57,0.43,,,0,,,,,region
1297,Dieren en Toebehoren,"Honden | Bulldogs, Pinschers en Molossers",1924,48.3,280,8.3,34,,1500.0,495.0,2000.0,0.47,0.07,,,0,,,,,gender breed aanbiederType aantalHonden herkomstHonden gechiptHonden geregistreerdHonden leeftijdHonden
1298,"Sieraden, Tassen en Uiterlijk",Uiterlijk | Mondverzorging,1834,48.3,1524,31.0,49,0.78,14.0,8.0,35.0,0.6,0.3,,,0,,0.72,0.22,0.0,type
1299,Motoren,Motoren | BMW,692,48.2,3473,98.1,35,0.03,14490.0,6475.0,21124.5,0.97,0.0,,,0,,,,,constructionYear mileage motorcycleType enginePower numberOfCilinders engineDisplacement licenseMotorbikes warranty
1300,Tuin en Terras,Overige Tuin en Terras,274,48.2,4764,91.1,52,0.35,145.0,22.5,1981.25,0.47,0.2,,,0,,0.3,0.55,0.0,
1301,Doe-het-zelf en Verbouw,Metselstenen,2624,48.1,2685,62.4,43,0.25,99.95,50.0,212.5,0.33,0.3,,,0,,0.39,0.48,0.0,type
1302,Kinderen en Baby's,Kinderkamer | Tafels en Stoelen,2775,48.1,5893,115.0,51,0.14,25.0,7.125,36.0,0.77,0.17,,,0,,0.03,0.9,0.0,type
1303,Verzamelen,Flippo's,908,48.1,1895,45.0,42,0.9,2.0,0.75,13.75,0.4,0.33,,,0,,,,,type series properties
1304,Tuin en Terras,Gasbarbecues,2959,48.1,4516,64.9,70,0.25,67.5,32.5,185.0,0.63,0.27,,,0,,0.15,0.8,0.0,
1305,Auto's,Ford Usa,113,48.0,261,11.6,23,0.0,39000.0,19750.0,64950.0,0.87,0.03,model,0.91,16,F-150; Mustang; F-350; Bronco; F-250,0.05,0.72,0.0,constructionYear mileage warranty model fuel range hybridType batteryChargeTime
1306,Fietsen en Brommers,Fietsaccessoires | Fietsenrekken,3115,48.0,2575,59.0,44,0.39,30.0,15.0,90.0,0.57,0.4,,,0,,0.16,0.73,0.0,
1307,Doe-het-zelf en Verbouw,Metalen,260,47.9,5456,122.9,44,0.29,92.5,22.6875,262.5,0.4,0.13,,,0,,0.2,0.58,0.0,material
1308,Diversen,Kalenders,3192,47.9,1068,18.0,59,0.86,15.0,7.5,50.0,0.67,0.3,,,0,,0.41,0.37,0.0,period
1309,Kinderen en Baby's,Speelgoed | Buiten | Springkussens,3132,47.9,752,11.6,65,0.36,125.0,75.0,775.0,0.97,0.03,,,0,,0.18,0.72,0.0,
1310,Fietsen en Brommers,Brommers | Schadebrommers,684,47.8,57,2.4,23,0.28,650.0,250.0,1800.0,0.77,0.1,brand,0.19,13,Honda; Vespa; Peugeot; Batavus; Derbi,,,,brand engineDisplacement maximum speed numberOfGears
1311,Witgoed en Apparatuur,Slowcookers,3174,47.8,669,14.9,45,0.5,30.0,17.375,52.5,0.7,0.3,,,0,,0.38,0.55,0.001,caracteristics
1312,Motoren,Motoren | Royal Enfield,2940,47.8,201,8.3,24,,7990.0,5999.99,9299.0,1.0,0.0,,,0,,,,,constructionYear mileage motorcycleType enginePower engineDisplacement licenseMotorbikes numberOfCilinders warranty
1313,Cd's en Dvd's,Cd's | Franstalig,3085,47.8,1233,12.1,102,0.97,4.0,3.0,5.75,0.97,0.03,,,0,,0.0,0.89,0.0,cdSchlagersFormat cdSchlagersReleaseYear cdFrenchGenre properties
1314,Tuin en Terras,Houtskoolbarbecues,1441,47.8,4261,62.9,68,0.31,185.0,100.0,377.5,0.6,0.3,,,0,,0.34,0.58,0.0,properties
1315,Tuin en Terras,Brievenbussen,1443,47.8,1147,33.3,34,0.59,20.0,10.0,35.0,0.5,0.37,,,0,,0.37,0.52,0.0,type material properties
1316,Boeken,Sprookjes en Fabels,2687,47.7,5634,100.0,56,0.9,6.0,5.0,16.875,0.53,0.47,,,0,,0.06,0.42,0.0,
1317,Hobby en Vrije tijd,Spinnewielen en Spinnen,2859,47.7,432,9.3,47,0.5,50.0,14.375,82.5,0.6,0.23,,,0,,0.23,0.56,0.009,type
1318,Boeken,Kinderboeken | Jeugd | 10 tot 12 jaar,1884,47.6,32179,483.1,67,0.88,7.5,5.0,11.25,0.57,0.2,,,0,,0.06,0.55,0.0,type yearOriginal
1319,Kinderen en Baby's,Speelgoed | Buiten | Los speelgoed,2779,47.6,3556,50.9,70,0.5,22.5,10.0,56.2375,0.8,0.17,,,0,,0.21,0.66,0.0,
1320,Motoren,Motoren | CFMOTO,3228,47.6,369,19.9,19,0.01,7999.0,7391.5,9442.25,1.0,0.0,,,0,,,,,constructionYear mileage motorcycleType enginePower numberOfCilinders engineDisplacement licenseMotorbikes warranty
1321,Muziek en Instrumenten,Blaasinstrumenten | Mondharmonica's,1714,47.6,541,8.3,65,0.86,22.5,11.875,40.0,0.6,0.4,,,0,,0.11,0.78,0.0,kind type properties
1322,Postzegels en Munten,Munten en Bankbiljetten | Toebehoren,1797,47.6,1051,15.6,67,0.89,25.0,5.75,135.0,0.5,0.5,,,0,,,,,type
1323,Tuin en Terras,Kweekspullen,2900,47.6,1402,26.6,53,0.48,50.0,20.0,150.0,0.43,0.43,,,0,,0.27,0.6,0.0,type
1324,Tuin en Terras,Handzagen,2997,47.6,303,8.9,34,0.51,37.5,10.0,174.25,0.57,0.43,,,0,,0.17,0.74,0.0,type
1325,Zakelijke goederen,Agrarisch | Tractoren,1092,47.5,1989,54.9,36,0.22,13635.0,9008.75,16933.75,0.67,0.1,brand,0.54,12,Fendt; John Deere; Case IH; Ford; Deutz - Fahr,0.09,0.67,0.0,runningHours brand enginePower
1326,Dieren en Toebehoren,Transportboxen,3050,47.4,2589,56.0,46,0.38,20.0,10.0,27.5,0.8,0.2,,,0,,0.16,0.65,0.0,
1327,Boeken,Taal | Spaans,233,47.3,588,10.7,55,0.91,6.0,4.5,13.75,0.83,0.17,,,0,,0.1,0.5,0.0,type yearOriginal
1328,Diversen,Schoolborden,3044,47.3,992,26.3,38,0.26,25.0,15.0,45.0,0.83,0.1,,,0,,0.08,0.71,0.0,type caracteristics
1329,Hobby en Vrije tijd,"Vergrootglazen, Loepen en Loeplampen",2861,47.3,722,12.6,57,0.69,25.0,10.0,45.0,0.7,0.3,,,0,,0.23,0.63,0.0,type
1330,Cd's en Dvd's,Cd's | Wereldmuziek,1343,47.3,3833,43.0,89,0.9,4.75,2.8675,6.0,0.6,0.4,,,0,,0.0,0.85,0.0,cdWorldGenre cdSchlagersFormat cdSchlagersReleaseYear properties
1331,Cd's en Dvd's,Dvd's | Sport en Fitness,810,47.3,1251,15.7,80,0.94,3.75,2.5,10.0,0.77,0.2,,,0,,0.0,0.73,0.0,dvdSportType type viewingAge properties bluRaySpokenLanguage bluRaySubtitles
1332,Tuin en Terras,Bloempotten,1442,47.3,14755,242.9,61,0.53,15.0,10.0,21.5,0.63,0.27,,,0,,0.14,0.72,0.0,material height crossSection shape suitable_flowerpots
1333,Tuin en Terras,Vuurschalen,2963,47.3,326,7.4,44,0.36,40.0,15.0,90.0,0.83,0.17,,,0,,0.39,0.48,0.0,
1334,"Audio, Tv en Foto",Vintage Televisies,1121,47.2,337,8.1,41,0.4,122.5,53.0,256.25,0.4,0.6,brand,0.53,11,Philips; Sony; Samsung; Aristona; Panasonic,0.03,0.79,0.077,screenSize brand
1335,Computers en Software,Beschrijfbare discs,1415,47.1,1111,20.3,55,0.83,8.25,3.125,15.0,0.7,0.23,,,0,,0.77,0.18,0.0,type properties
1336,Huis en Inrichting,Woonaccessoires | Kamerschermen,2867,47.1,1967,41.6,47,0.22,45.0,20.0,70.0,0.53,0.47,,,0,,0.13,0.72,0.0,
1337,Witgoed en Apparatuur,Fonduesets,3171,47.1,1134,19.0,60,0.67,17.5,10.0,35.0,0.73,0.27,,,0,,0.49,0.43,0.0,type warmth
1338,Telecommunicatie,Mobiele telefoons | Hoesjes en Frontjes | Overige merken,2808,47.1,1464,24.3,60,0.85,6.25,5.0,14.9875,0.73,0.27,,,0,,0.59,0.35,0.001,type
1339,Hobby en Vrije tijd,Stickers en Plaatjes,2757,47.1,11883,173.7,68,0.95,1.0,0.45,13.75,0.53,0.37,,,0,,0.37,0.56,0.0,type
1340,Postzegels en Munten,Bankbiljetten | België,2926,47.1,182,2.7,67,0.94,24.0,5.0,50.0,0.8,0.2,,,0,,,,,type yearOriginal
1341,Diversen,Agenda's,1967,47.0,782,17.1,46,0.86,11.0,5.0,24.315,0.7,0.23,,,0,,0.48,0.33,0.0,
1342,Witgoed en Apparatuur,Contactgrills,3184,47.0,761,15.1,50,0.55,22.5,15.0,79.75,0.87,0.07,,,0,,0.29,0.64,0.003,caracteristics
1343,Motoren,Motoren | Hyosung,2883,47.0,5,0.3,18,0.0,1625.0,1237.5,2650.0,0.8,0.0,,,0,,,,,constructionYear mileage motorcycleType enginePower engineDisplacement numberOfCilinders licenseMotorbikes warranty
1344,Dieren en Toebehoren,Kattenmanden,3099,46.9,1847,41.1,45,0.46,15.0,8.75,40.0,0.8,0.17,,,0,,0.33,0.53,0.0,material
1345,Fietsen en Brommers,Fietsen | Driewielers,456,46.8,2891,45.4,64,0.17,25.0,15.0,50.0,0.87,0.13,,,0,,0.04,0.89,0.0,brakeType properties
1346,Muziek en Instrumenten,Theaterbelichting,2631,46.8,623,10.7,58,0.42,75.0,55.0,562.5,0.77,0.2,,,0,,0.08,0.84,0.0,
1347,Watersport en Boten,Catamarans,981,46.8,31,0.6,54,0.13,2747.5,1306.25,7025.0,0.77,0.17,brandCatamaran,0.68,13,Nacra; Dart; Goodall; Hobie; Prindle,0.0,0.97,0.0,brandCatamaran modelCatamaran lengthMotorboatsYachts widthMotorboats draftMotorboats fuelCatamaran constructionYearMotorboats standingHeightMotorboats
1348,Cd's en Dvd's,Vinyl | Wereldmuziek,1383,46.8,3714,65.6,57,0.84,6.25,1.9975,16.25,0.37,0.6,,,0,,0.0,0.89,0.0,cdWorldGenre vinylEditionType cdSchlagersReleaseYear size propertiesVinylPop
1349,Tuin en Terras,Droogmolens en Wasrekken,2899,46.8,1317,33.9,39,0.37,15.0,5.0,25.0,0.9,0.07,,,0,,0.26,0.62,0.0,type
1350,Tuin en Terras,Veegmachines,2996,46.8,532,12.3,43,0.33,150.0,40.0,581.25,0.73,0.23,,,0,,0.2,0.69,0.0,
1351,Diversen,Typemachines,1355,46.7,1499,28.9,52,0.45,50.0,30.0,60.0,0.47,0.47,,,0,,0.03,0.65,0.0,
1352,Kinderen en Baby's,Speelgoed | Buiten | Trampolines,2780,46.7,4851,94.6,51,0.18,87.5,50.0,137.5,0.47,0.3,,,0,,0.12,0.81,0.0,
1353,Telecommunicatie,Mobiele telefoons | Software,1958,46.7,7,0.1,49,0.43,94.97,31.7425,292.5,0.86,0.0,,,0,,0.43,0.29,0.143,type suitableFor
1354,Tuin en Terras,Deurmatten,1853,46.7,569,12.3,46,0.56,20.0,14.375,40.625,0.73,0.17,,,0,,0.49,0.38,0.0,material properties suitableFor
1355,Caravans en Kamperen,Regenkleding,3076,46.6,1636,29.3,56,0.81,10.0,5.0,23.75,0.6,0.37,,,0,,0.32,0.57,0.0,kind intendedFor
1356,Motoren,Motoren | Harley-Davidson,695,46.6,2250,59.4,38,0.03,14725.0,11476.0,17654.25,0.87,0.13,,,0,,,,,constructionYear mileage motorcycleType enginePower numberOfCilinders engineDisplacement licenseMotorbikes warranty
1357,"Audio, Tv en Foto",Mp3-spelers | Accessoires | Overige merken,1452,46.5,32,1.6,20,0.81,25.0,12.0,100.0,0.63,0.33,,,0,,0.38,0.5,0.0,type
1358,Computers en Software,Laptopstandaarden,3029,46.5,1174,18.0,65,0.68,16.25,15.0,30.0,0.83,0.17,,,0,,0.25,0.68,0.001,suitableFor
1359,Motoren,Motoren | Triumph,709,46.5,1286,29.4,44,0.01,7997.0,4999.0,9990.0,0.93,0.0,,,0,,,,,constructionYear mileage motorcycleType enginePower numberOfCilinders engineDisplacement licenseMotorbikes warranty
1360,Sport en Fitness,Volleybal,1783,46.5,357,5.1,69,0.73,38.0,14.875,55.0,0.63,0.33,,,0,,0.22,0.7,0.0,type
1361,Cd's en Dvd's,Vinyl | Country en Western,1682,46.5,4518,57.0,79,0.88,10.0,5.0,17.5,0.43,0.57,,,0,,0.0,0.93,0.0,vinylEditionType cdSchlagersReleaseYear size cdCountryGenre propertiesVinylPop
1362,Auto's,Maserati,128,46.4,242,8.6,28,0.01,48950.0,28450.0,69950.0,0.9,0.0,model,0.89,10,Quattroporte; Levante; Ghibli; Granturismo; Grecale,0.03,0.78,0.0,constructionYear mileage warranty model fuel range hybridType batteryChargeTime
1363,Boeken,Chicklit,1878,46.4,3151,48.4,65,0.87,5.0,2.0,10.0,0.63,0.33,,,0,,0.07,0.57,0.0,
1364,Computers en Software,Laptophoezen,3030,46.4,618,11.1,55,0.83,10.0,6.5,37.5,0.83,0.1,,,0,,0.38,0.55,0.0,laptopsize
1365,Witgoed en Apparatuur,Grillplaten,3173,46.4,1301,25.3,51,0.51,25.0,15.0,38.75,0.67,0.33,,,0,,0.34,0.57,0.001,type caracteristics
1366,Postzegels en Munten,Bankbiljetten | Europa | Niet-Eurobiljetten,1788,46.4,6156,72.9,84,0.99,9.475,2.875,23.125,0.47,0.5,,,0,,,,,type country
1367,Zakelijke goederen,Bedrijfs Onroerend goed,1087,46.3,966,11.6,83,,674.5,271.0,1281.25,0.6,0.0,,,0,,,,,surface landUse offeringType
1368,Fietsen en Brommers,Brommers | Peugeot,2124,46.2,340,13.0,26,0.3,450.0,175.0,675.0,0.5,0.43,model,0.06,1,Fox,0.05,0.86,0.0,constructionYear mileage model engineDisplacement maximum speed numberOfGears
1369,Cd's en Dvd's,Dvd's | Religie en Gospel,2122,46.2,480,7.0,69,0.96,3.75,2.6875,4.375,0.87,0.1,,,0,,0.0,0.81,0.0,viewingAge properties bluRaySpokenLanguage bluRaySubtitles
1370,Doe-het-zelf en Verbouw,Gereedschap | Accu's,3252,46.1,45,6.4,7,,45.0,17.5,217.5,0.57,0.4,,,0,,0.18,0.53,0.0,
1371,Zakelijke goederen,Machines en Bouw | Overig,1697,46.1,800,18.0,44,0.22,972.5,350.0,1661.25,0.67,0.2,,,0,,,,,
1372,Cd's en Dvd's,Cd's | Reggae en Ska,2715,46.1,2092,23.7,88,0.97,4.99,3.49,10.0,0.63,0.33,,,0,,0.0,0.94,0.0,cdReggaeGenre cdSchlagersFormat cdSchlagersReleaseYear properties
1373,Postzegels en Munten,Brieven en Enveloppen | Buitenland,2796,46.1,2382,28.4,84,0.86,25.0,,,0.1,0.83,,,0,,,,,type
1374,Muziek en Instrumenten,Blaasinstrumenten | Hobo's,1764,46.0,15,0.4,35,0.67,1027.5,87.5,1868.75,0.53,0.33,,,0,,0.07,0.93,0.0,properties
1375,Postzegels en Munten,Brieven en Enveloppen | Nederland,2795,46.0,5302,98.6,54,0.98,1.25,0.775,12.75,0.2,0.8,,,0,,,,,type
1376,Tuin en Terras,Planten | Tuinplanten,1851,46.0,16428,300.9,55,0.3,20.0,4.025,25.0,0.7,0.17,,,0,,,,,kind species_flowers lightRequirements floweringPeriod
1377,Verzamelen,Vingerhoedjes,1825,45.9,1258,24.0,52,0.95,2.5,1.0,7.125,0.53,0.43,,,0,,0.29,0.62,0.0,region material properties
1378,Postzegels en Munten,Munten | Afrika,1793,45.9,1739,28.9,60,0.99,15.0,0.49,37.0,0.4,0.6,,,0,,,,,type country properties
1379,Tuin en Terras,Tuinvazen,2978,45.9,1039,19.7,53,0.39,87.5,30.0,175.0,0.6,0.17,,,0,,0.23,0.56,0.0,
1380,Auto diversen,Autostallingen en Garages,58,45.8,564,8.6,66,,175.0,125.0,22000.0,0.77,0.0,,,0,,,,,
1381,Auto's,Geely,3242,45.8,138,7.1,19,0.0,35899.0,30590.0,36921.75,1.0,0.0,model,1,3,Starray EM-i; E5; E2,0.51,0.39,0.0,constructionYear mileage warranty model fuel range hybridType batteryChargeTime
1382,Doe-het-zelf en Verbouw,Thuisbatterijen,3251,45.8,3,0.4,7,,987.5,,,0.67,0.33,,,0,,0.33,0.33,0.0,batteryCapacity
1383,Kinderen en Baby's,"Babykleding | Mutsen, Sjaals en Wanten",1673,45.8,1046,17.4,60,0.9,3.25,2.5,9.375,0.53,0.43,brand_kids_clothing,0.22,299,Hema; H&M; Handgemaakt; Noppies; Prenatal,0.37,0.58,0.0,type intendedFor size brand_kids_clothing
1384,Postzegels en Munten,Munten | Azië,1795,45.8,4865,70.1,69,0.98,8.25,1.0675,166.25,0.43,0.53,,,0,,,,,type region properties
1385,Diversen,Levensmiddelen,1968,45.7,5079,131.1,39,0.59,12.5,4.0,20.0,0.6,0.17,,,0,,,,,
1386,Sport en Fitness,Vliegeren,815,45.7,427,7.7,55,0.69,17.5,10.0,100.0,0.83,0.17,,,0,,0.3,0.62,0.0,type kind
1387,Diversen,Vlaggen en Wimpels,1704,45.6,2735,49.9,55,0.81,5.0,5.0,5.0,0.6,0.37,,,0,,0.45,0.33,0.0,
1388,Diversen,Wandelstokken,3207,45.6,814,20.3,40,0.65,20.0,13.75,30.0,0.57,0.43,,,0,,0.17,0.52,0.0,caracteristics
1389,Fietsen en Brommers,Fietsaccessoires | Fietspompen,3113,45.6,1038,21.9,47,0.63,10.0,4.0,20.0,0.83,0.1,,,0,,0.23,0.69,0.0,caracteristics
1390,Sport en Fitness,Bidons,3158,45.5,2142,31.0,69,0.85,20.0,8.0,27.5,0.5,0.5,,,0,,0.49,0.44,0.0,
1391,Zakelijke goederen,"Machines en Bouw | Liften, Steigers en Ladders",2105,45.5,1328,41.6,32,0.13,6875.0,2200.0,17600.0,0.8,0.13,,,0,,,,,
1392,Hobby en Vrije tijd,Feestartikelen | Verhuur,1971,45.5,11040,134.7,82,0.32,135.0,60.0,395.0,0.5,0.17,,,0,,0.22,0.65,0.0,partyTypeOrTheme
1393,Cd's en Dvd's,Vinyl | Nederlandstalig,1377,45.5,19541,264.9,74,0.91,2.5,2.5,6.0,0.37,0.6,,,0,,0.0,0.92,0.0,genre vinylEditionType cdSchlagersReleaseYear size propertiesVinylPop
1394,Tuin en Terras,Kassen,2999,45.5,548,13.3,41,0.35,200.0,90.0,1900.0,0.47,0.27,,,0,,0.28,0.6,0.0,type materialFrame materialPanels
1395,Boeken,Kinderboeken | Baby's en Peuters,1464,45.4,11228,179.9,62,0.87,10.0,5.5,18.5,0.43,0.5,,,0,,0.09,0.52,0.0,age yearOriginal properties
1396,Kinderen en Baby's,Speelgoed | Fisher-Price,608,45.4,3934,65.9,60,0.67,13.75,8.125,30.0,0.5,0.47,,,0,,0.06,0.85,0.0,type properties
1397,Sport en Fitness,Zweefvliegen en Paragliding,818,45.4,205,2.9,72,0.63,1100.0,300.0,2800.0,0.8,0.07,,,0,,0.09,0.81,0.0,type properties
1398,Watersport en Boten,Batterijen en Accu's,3253,45.4,14,2.0,7,,147.5,56.5,173.0,0.71,0.21,,,0,,0.43,0.43,0.0,
1399,Tuin en Terras,Planten | Bomen,279,45.4,6585,138.7,47,0.26,25.0,,,0.53,0.13,,,0,,,,,trees height light_trees flowering_trees extra_trees
1400,Kinderen en Baby's,Speelgoed | Speeltafels,3145,45.3,1627,33.9,48,0.23,30.0,13.75,45.0,0.73,0.23,,,0,,0.06,0.84,0.0,
1401,Motoren,Motoren | Ducati,694,45.3,1325,38.3,35,0.03,16870.0,5230.0,31615.0,0.93,0.0,,,0,,,,,constructionYear mileage motorcycleType enginePower numberOfCilinders engineDisplacement licenseMotorbikes warranty
1402,Motoren,Motoren | Husqvarna,2882,45.3,249,8.1,31,0.03,5944.5,3609.25,9948.75,1.0,0.0,,,0,,,,,constructionYear mileage motorcycleType enginePower engineDisplacement numberOfCilinders licenseMotorbikes warranty
1403,Motoren,Motoren | Cagiva,2648,45.2,11,0.3,38,0.09,2500.0,1950.0,4000.0,1.0,0.0,,,0,,,,,constructionYear mileage motorcycleType enginePower engineDisplacement numberOfCilinders licenseMotorbikes warranty
1404,Sport en Fitness,Korfbal,1385,45.2,282,3.4,82,0.71,40.0,22.5,65.0,0.7,0.3,,,0,,0.11,0.81,0.0,type
1405,Cd's en Dvd's,Dvd's | Actie,1107,45.2,20581,262.4,78,0.96,3.495,1.0,5.7475000000000005,0.27,0.63,,,0,,0.0,0.89,0.0,genre viewingAge properties bluRaySpokenLanguage bluRaySubtitles
1406,Caravans en Kamperen,Tentaccessoires,290,45.1,1812,26.9,67,0.52,30.0,20.0,101.25,0.67,0.3,,,0,,0.22,0.61,0.0,
1407,Dieren en Toebehoren,Rijtuigen en Koetsen,419,45.0,334,6.0,56,,375.0,175.0,950.0,0.63,0.33,,,0,,0.08,0.7,0.0,type suitableFor properties
1408,Kinderen en Baby's,Speelgoed | Speelkleden,3142,45.0,2730,44.7,61,0.44,20.0,9.5,25.0,0.8,0.17,,,0,,0.08,0.81,0.0,
1409,Tuin en Terras,Tuinschermen,2970,45.0,750,14.1,53,0.26,75.0,21.25,100.0,0.57,0.27,,,0,,0.5,0.4,0.0,material height width
1410,Watersport en Boten,Sloepen,1407,44.9,1940,35.1,55,0.15,17500.0,13950.0,35999.0,0.9,0.03,brandSloops,0.36,31,Corsiva; Maxima; Oud Huijzer; Primeur; Antaris,0.23,0.7,0.0,sloopType brandSloops lengthMotorboatsYachts widthMotorboats fuel draftMotorboats enginePowerMotorboatsYachts material
1411,Dieren en Toebehoren,Kattenvoerbakken en Drinkbakken,3095,44.7,1268,26.6,48,0.62,17.5,10.0,85.0,0.67,0.27,,,0,,0.29,0.58,0.0,caracteristics
1412,Kleding | Dames,Kledingrekken,3148,44.7,1968,59.1,33,0.26,20.0,7.75,46.25,0.7,0.23,,,0,,0.11,0.76,0.0,caracteristics
1413,Telecommunicatie,Mobiele telefoons | Batterijen en Accu's,1683,44.7,500,5.9,85,0.85,22.5,14.9975,31.25,0.77,0.23,,,0,,0.65,0.27,0.004,suitableFor properties
1414,"Sieraden, Tassen en Uiterlijk",Tassen | Sporttassen,3151,44.7,1106,16.7,66,0.76,20.0,12.875,31.25,0.63,0.33,,,0,,0.32,0.6,0.0,targetAudience
1415,Computers en Software,Office-software,3039,44.6,162,3.4,47,0.79,14.9,8.995000000000001,22.5,0.87,0.1,,,0,,0.54,0.25,0.0,suitableFor program
1416,Boeken,Woordenboeken,238,44.5,8262,117.6,70,0.86,10.0,5.5,35.0,0.4,0.57,,,0,,0.06,0.58,0.0,language publisher yearOriginal
1417,Boeken,Catalogussen en Folders,206,44.5,4025,60.6,66,0.95,7.5,1.0,16.0,0.43,0.4,,,0,,0.08,0.52,0.0,yearOriginal type
1418,Verzamelen,Glas en Borrelglaasjes,912,44.5,12066,186.3,65,0.75,11.0,8.25,21.0,0.53,0.47,,,0,,0.22,0.69,0.0,type
1419,Antiek en Kunst,Antiek | Schoolplaten,2662,44.4,3136,59.6,53,0.53,24.75,17.875,47.5,0.37,0.5,,,0,,,,,theme
1420,Auto's,Ferrari,110,44.3,134,5.7,23,0.0,239500.0,139500.0,314500.0,0.93,0.0,model,0.81,35,California; 488; GTC4Lusso; Roma; 599,0.0,0.87,0.0,constructionYear mileage warranty model fuel range hybridType batteryChargeTime
1421,Fietsen en Brommers,Brommers | Zundapp,687,44.3,224,9.4,24,0.28,2975.0,1200.0,4999.0,0.53,0.43,model,0.16,3,KS50; CS50; GTS50,0.03,0.83,0.0,constructionYear mileage model engineDisplacement maximum speed numberOfGears
1422,Kinderen en Baby's,Kinderkleding | Petten en Hoeden,2776,44.3,867,11.6,75,0.93,5.0,3.0,8.45,0.7,0.3,brand_kids_clothing,0.16,299,H&M; Disney; Hema; Marvel; Pokémon,0.3,0.62,0.0,intendedFor size type brand_kids_clothing
1423,Zakelijke goederen,Horeca | Keukenapparatuur,1090,44.3,2193,34.4,64,0.36,2741.25,687.5,9500.0,0.57,0.3,,,0,,0.0,0.61,0.0,cateringKitchenEquipment
1424,Diversen,Schrijfwaren,1705,44.2,2759,49.6,56,0.83,8.0,4.887499999999999,14.375,0.53,0.4,,,0,,0.45,0.36,0.0,
1425,Huis en Inrichting,Kasten | Schoenenrekken,3117,44.2,2240,59.7,38,0.31,19.994999999999997,10.0,26.25,0.7,0.2,,,0,,0.14,0.76,0.0,
1426,Dieren en Toebehoren,Paarden en Pony's | Verzorgingsproducten,2729,44.1,1733,29.6,59,0.72,25.0,15.0,95.0,0.43,0.43,horseGroomingBrand,0.09,20,Heiniger; Horka; Epplejeck; Sectolin; Harry's Horse,0.41,0.38,0.0,horseGroomingType horseGroomingBrand
1427,Telecommunicatie,Carkits,825,44.0,80,1.7,47,0.89,20.0,7.5,32.5,0.6,0.3,,,0,,0.35,0.53,0.0,kind type suitableFor
1428,Verzamelen,Disney,1270,44.0,17379,282.4,62,0.83,5.0,2.5,5.0,0.3,0.57,,,0,,0.28,0.63,0.0,type figure
1429,Huis en Inrichting,Krukjes,3203,43.9,5955,134.1,44,0.34,25.0,14.375,42.5,0.53,0.3,,,0,,0.09,0.81,0.0,material caracteristics
1430,Doe-het-zelf en Verbouw,Palletwagens en Pompwagens,2851,43.8,406,5.3,77,0.45,1100.0,500.0,1500.0,0.9,0.03,,,0,,0.29,0.53,0.0,
1431,Caravans en Kamperen,Slaapmatten,3082,43.8,952,13.6,70,0.55,30.0,24.9925,100.0,0.7,0.2,,,0,,0.14,0.75,0.0,type
1432,Dieren en Toebehoren,Runderen,422,43.8,298,8.4,35,,1724.5,1100.0,3387.5,0.23,0.27,,,0,,,,,gender age
1433,Verzamelen,"Muziek, Artiesten en Beroemdheden",926,43.8,16054,163.9,98,0.96,8.0,5.0,59.99,0.47,0.53,,,0,,0.35,0.57,0.0,type properties
1434,Zakelijke goederen,Kantoor en Winkelinrichting | Kantoormeubilair en Inrichting,1690,43.8,522,10.4,50,0.29,335.0,75.0,962.5,0.63,0.27,,,0,,0.0,0.71,0.0,type area
1435,"Sieraden, Tassen en Uiterlijk",Tassen | Schooltassen,1839,43.8,1760,16.1,109,0.77,12.0,6.75,22.5,0.7,0.3,,,0,,0.25,0.66,0.0,type length height color properties
1436,Dieren en Toebehoren,Lama's en Alpaca's,3244,43.7,2,0.3,7,,1750.0,,,0.5,0.5,,,0,,,,,species gender age
1437,Tuin en Terras,Tuinwanddecoratie,275,43.7,4080,77.9,52,0.63,10.0,7.975,33.75,0.63,0.17,,,0,,0.46,0.35,0.0,
1438,Postzegels en Munten,Munten | Europa | Niet-Euromunten,925,43.6,18513,247.7,75,0.98,3.1,0.615,8.962499999999999,0.37,0.6,,,0,,,,,type country properties
1439,Auto's,Mercury,131,43.5,8,0.4,19,0.0,6250.0,3612.5,16124.75,1.0,0.0,model,0.38,6,Capri; Grand Marquis; Mariner; Milan; Mountaineer,0.0,0.5,0.0,constructionYear mileage warranty model fuel range hybridType batteryChargeTime
1440,Doe-het-zelf en Verbouw,Zeil en Folie,1876,43.5,1124,26.6,42,0.44,22.5,15.0,33.75,0.57,0.23,,,0,,0.53,0.32,0.0,type totalSurface
1441,Computers en Software,Noodvoedingen (UPS),2841,43.5,362,5.4,67,0.57,77.5,42.5,230.0,0.7,0.2,,,0,,0.25,0.61,0.017,
1442,Dieren en Toebehoren,Honden | Setters en Staande honden,2727,43.5,21,1.0,21,,1100.0,806.25,1487.5,0.48,0.05,,,0,,,,,gender breed aanbiederType aantalHonden herkomstHonden gechiptHonden geregistreerdHonden leeftijdHonden
1443,Zakelijke goederen,"Machines en Bouw | Tuin, Park en Bosbouw",1966,43.5,734,28.1,26,0.14,2750.0,637.5,11500.0,0.33,0.1,,,0,,,,,type
1444,Kleding | Dames,Kledinghangers,3147,43.4,2570,45.6,56,0.65,10.0,4.5,15.0,0.57,0.23,,,0,,0.12,0.78,0.0,material suitableFor
1445,Auto's,Bentley,2148,43.2,156,5.4,29,0.0,56225.0,36298.75,141837.5,0.93,0.0,model,0.97,10,Continental; Flying Spur; Continental GTC; Bentayga; Arnage,0.0,0.91,0.0,constructionYear mileage warranty model fuel range hybridType batteryChargeTime
1446,Caravans en Kamperen,Slaapzakken,1923,43.2,2393,34.9,69,0.65,23.75,10.0,121.25,0.53,0.43,,,0,,0.12,0.77,0.0,
1447,Dieren en Toebehoren,Katten en Kittens | Dekkaters,1929,43.1,428,6.3,68,,250.0,50.0,350.0,0.7,0.1,,,0,,,,,age
1448,Sport en Fitness,Bowlen,790,43.1,223,5.6,40,0.63,26.0,10.0,40.0,0.67,0.33,,,0,,0.18,0.66,0.0,type
1449,Zakelijke goederen,Machines en Bouw | Pompen en Compressoren,2114,43.1,409,10.9,38,0.33,750.0,300.0,6937.5,0.6,0.23,,,0,,,,,
1450,Computers en Software,Pocketprinters,3033,43.0,71,1.6,45,0.73,25.0,15.0,63.75,0.8,0.2,,,0,,0.38,0.52,0.0,
1451,Diversen,Overige Diversen,440,42.8,886,20.9,42,0.4,370.0,187.5,3200.0,0.4,0.3,,,0,,0.32,0.52,0.0,
1452,Muziek en Instrumenten,Snaarinstrumenten | Mandolines,1772,42.8,60,1.9,32,0.52,595.0,125.0,750.0,0.63,0.37,,,0,,0.08,0.88,0.0,
1453,"Sieraden, Tassen en Uiterlijk",Enkelbandjes en Enkelkettinkjes,2137,42.8,543,5.7,95,0.93,5.99,2.0,15.0,0.93,0.07,,,0,,0.55,0.33,0.0,material properties
1454,"Sieraden, Tassen en Uiterlijk",Paraplu's,3150,42.7,874,13.9,63,0.69,15.0,5.0,25.0,0.77,0.17,,,0,,0.38,0.54,0.0,color caracteristics
1455,Motoren,Motoren | Mash,2941,42.6,14,0.1,98,,3049.0,2358.75,7621.75,0.93,0.07,,,0,,,,,constructionYear mileage motorcycleType enginePower engineDisplacement licenseMotorbikes numberOfCilinders warranty
1456,Postzegels en Munten,Postzegels | Europa | Rusland,1808,42.6,1770,35.6,50,0.98,1.0,1.0,1.475,0.43,0.57,,,0,,0.0,0.0,0.0,
1457,Postzegels en Munten,Postzegels | Europa | Italië,2794,42.6,1732,19.9,87,0.95,0.275,0.12,7.5,0.73,0.27,,,0,,0.0,0.0,0.0,
1458,Auto's,Leapmotor,3226,42.3,127,4.6,28,0.0,29116.0,18449.0,32745.0,1.0,0.0,model,0.96,5,T03; B10; C10; B03X; B05,0.58,0.24,0.0,constructionYear mileage warranty model fuel range hybridType batteryChargeTime
1459,Kleding | Heren,Pyjama's,3205,42.3,283,6.0,47,0.92,10.0,7.5,15.0,0.67,0.3,brand_mens_clothing,0.17,299,Hema; C&A; Zeeman; H&M; Polo Ralph Lauren,0.44,0.31,0.0,size brand_mens_clothing
1460,Computers en Software,Serverkasten,3012,42.1,340,8.1,42,0.41,87.5,35.0,381.25,0.57,0.43,,,0,,0.24,0.54,0.0,frontdoor backdoor
1461,Muziek en Instrumenten,Orgels,761,42.0,683,14.9,46,0.24,380.0,224.975,2750.0,0.47,0.33,,,0,,0.04,0.88,0.0,type numberOfKeyboards
1462,Cd's en Dvd's,Vinyl | Latin en Salsa,1762,42.0,602,7.1,84,0.92,6.0,4.0,25.0,0.77,0.23,,,0,,0.0,0.7,0.0,vinylEditionType cdSchlagersReleaseYear size latinGenre propertiesVinylPop
1463,Tuin en Terras,Regentonnen,1859,42.0,1973,44.4,44,0.25,15.0,5.75,87.5,0.73,0.1,,,0,,0.19,0.66,0.0,material volume properties
1464,Auto's,Lamborghini,122,41.9,77,4.0,19,0.0,278725.0,203748.0,352360.0,0.97,0.0,model,0.96,10,Urus; Huracan; Gallardo; Aventador; Countach,0.03,0.83,0.0,constructionYear mileage warranty model fuel range hybridType batteryChargeTime
1465,Muziek en Instrumenten,Snaarinstrumenten | Banjo's,1770,41.9,79,1.4,55,0.46,275.0,100.0,650.0,0.77,0.2,,,0,,0.06,0.81,0.0,type
1466,Diversen,Schoolbenodigdheden,1456,41.8,4121,54.0,76,0.82,5.0,2.75,20.0,0.57,0.4,,,0,,0.44,0.41,0.0,
1467,Postzegels en Munten,Postzegels | Europa | Hongarije,1806,41.8,1412,11.1,127,0.98,1.5,0.405,5.0,0.83,0.13,,,0,,0.0,0.0,0.0,
1468,Dieren en Toebehoren,Kattenspeelgoed,3098,41.7,730,14.6,50,0.68,9.0,4.1875,15.75,0.77,0.17,,,0,,0.35,0.48,0.0,kind
1469,Antiek en Kunst,Antiek | Meubels | Bedden,1504,41.6,1129,24.1,47,0.19,77.5,50.0,196.25,0.47,0.43,,,0,,,,,
1470,Zakelijke goederen,Kantoor en Winkelinrichting | Kantoorartikelen,441,41.6,221,3.6,62,0.53,37.5,25.0,69.99249999999999,0.73,0.23,,,0,,0.0,0.48,0.0,type
1471,Diversen,Wenskaarten,3191,41.5,1068,20.0,53,0.87,10.5,2.425,45.0,0.53,0.4,,,0,,0.63,0.17,0.0,
1472,Kinderen en Baby's,Speelgoed | Hobbelfiguren,3143,41.5,3046,47.7,64,0.27,30.0,10.0,77.5,0.63,0.2,,,0,,0.07,0.84,0.0,
1473,Computers en Software,Antivirus- en Beveiligingssoftware,371,41.4,106,2.7,39,0.84,11.995000000000001,9.962499999999999,32.5,0.8,0.17,,,0,,0.8,0.13,0.0,suitableFor
1474,Diversen,Notitieboeken,3189,41.4,1205,16.1,75,0.88,5.0,1.5,13.25,0.7,0.3,,,0,,0.65,0.18,0.0,size caracteristics
1475,Motoren,Accessoires | Stickers,1897,41.4,2296,25.9,89,0.99,7.745,5.7425,34.9925,0.63,0.2,,,0,,,,,
1476,Computers en Software,Netwerkkaarten,3015,41.3,942,15.0,63,0.84,10.0,6.95,20.0,0.63,0.37,,,0,,0.21,0.63,0.001,kind
1477,Hobby en Vrije tijd,Spaarzegeltjes,1230,41.3,961,25.3,38,0.78,5.25,0.55,7.8675,0.33,0.4,,,0,,,,,type kind
1478,Doe-het-zelf en Verbouw,Dakpannen en Dakbedekking,270,41.2,7602,161.1,47,0.27,11.85,3.97,38.6425,0.67,0.17,,,0,,0.35,0.52,0.0,type material color totalSurface
1479,Muziek en Instrumenten,Strijkinstrumenten | Contrabassen,1774,41.2,58,1.1,51,0.38,925.0,500.0,1875.0,0.8,0.07,,,0,,0.22,0.69,0.0,size properties
1480,Telecommunicatie,Pda's,340,41.2,106,1.6,67,0.89,25.0,7.0,82.5,0.43,0.53,brand,0.3,6,Palm; Mio; Compaq; Acer; Dell,0.1,0.77,0.009,operatingSystem brand properties
1481,Fietsen en Brommers,Brommers | Solex,2625,41.1,197,5.1,38,0.36,435.0,210.0,525.0,0.43,0.4,model,0.34,4,3800; Oto; 2200 (Koffertje); 5000,0.05,0.86,0.0,constructionYear model maximum speed
1482,Witgoed en Apparatuur,Wafelijzers,3172,41.1,762,15.4,49,0.68,10.0,5.0,17.5,0.77,0.23,,,0,,0.3,0.61,0.0,caracteristics
1483,Kinderen en Baby's,Speelgoed | Badspeelgoed,3144,41.1,968,9.6,101,0.67,5.0,3.25,10.0,0.83,0.17,brandBathToy,0.28,20,Intex; Swimtrainer; Puddle Jumper; Nabaiji; Swim Essentials,0.2,0.69,0.0,typeBathToy brandBathToy featuresBathToy
1484,Watersport en Boten,Kajaks,3164,41.1,773,9.4,82,0.26,225.0,93.5,456.25,0.73,0.2,,,0,,0.17,0.77,0.0,numberOfPersons caracteristics
1485,Auto diversen,Carkits,51,41.0,591,6.7,88,0.76,27.5,15.0,72.5,0.67,0.3,,,0,,0.32,0.55,0.0,
1486,Fietsen en Brommers,Fietsaccessoires | Buggydragers,3110,41.0,165,3.4,48,0.47,75.0,15.0,137.5,0.7,0.2,,,0,,0.11,0.81,0.0,
1487,Sport en Fitness,Ballet,1780,41.0,547,6.7,81,0.82,20.0,5.5,37.5,0.7,0.3,,,0,,0.3,0.62,0.0,type
1488,Dieren en Toebehoren,Hondenspeelgoed,3091,40.9,1222,18.7,65,0.69,8.0,5.0,12.5,0.7,0.13,dogToyBrand,0.18,15,Trixie; Kong; Beeztees; Chuckit; Nina Ottosson,0.4,0.43,0.0,dogToyType dogToyBrand
1489,Fietsen en Brommers,Fietsen | Ligfietsen,458,40.9,186,3.9,48,0.17,300.0,80.0,1250.0,0.63,0.33,brand,0.2,4,Giant; Challenge; Sinner; Flevobike,0.02,0.88,0.0,brand steering brakeType properties
1490,Muziek en Instrumenten,Blaasinstrumenten | Tuba's,1768,40.9,122,4.6,27,0.41,395.0,150.0,2500.0,0.5,0.4,,,0,,0.04,0.92,0.0,type properties
1491,Tuin en Terras,Bewateringscomputers,2971,40.9,315,3.9,82,0.77,30.0,20.0,143.75,0.73,0.23,,,0,,0.38,0.52,0.0,properties
1492,Verzamelen,Boekenleggers,1820,40.8,1167,13.6,86,0.92,7.5,2.375,14.375,0.7,0.3,,,0,,0.39,0.51,0.0,subject
1493,Auto's,Cadillac,98,40.7,119,4.1,29,0.0,10445.0,6812.5,32480.0,0.9,0.07,model,0.66,15,CTS; Coupe de Ville; Escalade; SRX; Eldorado,0.04,0.55,0.0,constructionYear mileage warranty model fuel range hybridType batteryChargeTime
1494,Computers en Software,Muismatten,3035,40.7,512,7.9,65,0.81,15.0,6.5,45.0,0.7,0.3,,,0,,0.38,0.55,0.0,caracteristics
1495,Auto diversen,Hondenrekken,3048,40.6,805,9.4,85,0.33,75.0,35.0,92.25,0.8,0.17,,,0,,0.09,0.81,0.0,
1496,Kinderen en Baby's,Babykleding | Baby-zwemkleding,3128,40.6,2053,19.3,106,0.8,8.0,3.25,10.0,0.6,0.33,brand_kids_clothing,0.12,299,Hema; H&M; Prenatal; Disney; Decathlon,0.3,0.64,0.0,type size brand_kids_clothing intendedFor caracteristics
1497,Watersport en Boten,Speedboten,994,40.6,1018,11.1,91,0.19,4550.0,2887.5,13250.0,0.8,0.13,brandMotorboatsYachts,0.21,29,Bayliner; Sea Ray; Beekman; Quicksilver; Regal,0.06,0.86,0.0,brandMotorboatsYachts lengthMotorboatsYachts fuel widthMotorboats enginePowerMotorboatsYachts draftMotorboats power engineType
1498,Cd's en Dvd's,Vinyl | Elektronisch,3248,40.6,23,3.3,7,0.74,16.25,8.875,57.212500000000006,0.57,0.39,,,0,,0.0,0.52,0.0,vinylEditionType cdSchlagersReleaseYear size propertiesVinylPop
1499,Tuin en Terras,Bielzen en Borders,1849,40.6,1308,29.1,45,0.29,27.5,6.475,101.25,0.47,0.1,,,0,,0.43,0.45,0.0,type material height length width
1500,Tuin en Terras,Tuinpoorten,2969,40.6,1075,15.7,68,0.23,200.0,95.5,481.25,0.5,0.23,,,0,,0.46,0.38,0.0,type material height width
1501,Tuin en Terras,Tuinstekers,2979,40.6,599,9.3,65,0.74,14.875,6.0625,38.375,0.8,0.13,,,0,,0.64,0.25,0.0,
1502,Tuin en Terras,Takkenscharen,2993,40.6,232,4.0,58,0.53,30.0,20.0,71.25,0.8,0.2,,,0,,0.31,0.57,0.0,branchWidth properties
1503,Verzamelen,Scouting,1822,40.5,849,12.4,68,0.96,14.25,4.875,25.0,0.53,0.37,,,0,,0.23,0.64,0.0,type
1504,Dieren en Toebehoren,Insecten en Spinnen,2732,40.4,1658,30.4,54,,29.0,4.5,112.5,0.4,0.07,,,0,,,,,kind
1505,Verzamelen,Ansichtkaarten | Dieren,2635,40.3,2153,20.3,106,0.95,7.5,2.75,23.75,0.53,0.43,,,0,,0.0,0.0,0.0,period species
1506,Zakelijke goederen,Machines en Bouw | Lastechniek,2115,40.3,78,1.7,46,0.37,450.0,212.5,1212.5,0.8,0.13,,,0,,,,,
1507,Dieren en Toebehoren,Vogels | Duiven,1665,40.2,1593,59.0,27,,10.0,,,0.3,0.3,,,0,,,,,kind gender
1508,Auto's,Omoda,3241,40.0,47,2.4,19,0.0,45422.5,33165.0,48854.75,1.0,0.0,model,1,2,9; 5,0.6,0.28,0.0,constructionYear mileage warranty model fuel range hybridType batteryChargeTime
1509,Auto's,Infiniti,2659,40.0,38,1.6,24,0.0,11500.0,8950.0,14450.0,0.93,0.0,model,0.95,12,FX-serie; Q30; G-serie; Q50; EX-serie,0.0,0.82,0.0,constructionYear mileage warranty model fuel range hybridType batteryChargeTime
1510,Auto's,Dongfeng,3227,40.0,21,0.9,24,0.0,21900.0,19972.5,24499.0,1.0,0.0,model,1,11,BOX; 007; AX7; E70 Pro; HUGE,0.29,0.33,0.0,constructionYear mileage warranty model fuel range hybridType batteryChargeTime
1511,Auto's,DFSK,3239,40.0,10,1.3,8,0.0,32945.0,22587.5,33945.0,1.0,0.0,model,0.8,1,E5,0.0,1.0,0.0,constructionYear mileage warranty model fuel range hybridType batteryChargeTime
1512,Auto's,NIO,3214,40.0,6,0.3,21,0.0,38749.5,31336.25,46987.5,1.0,0.0,model,0.83,5,ET5; EL6; EL7; EL8; ET7,0.0,0.5,0.0,constructionYear mileage warranty model fuel range hybridType batteryChargeTime
1513,Auto's,Chery,3243,40.0,6,0.7,8,0.0,37890.0,29890.0,40165.0,1.0,0.0,model,1,4,Tiggo 8; Tiggo 4; Tiggo 7; Tiggo 9,1.0,0.0,0.0,constructionYear mileage warranty model fuel range hybridType batteryChargeTime
1514,Auto's,Vinfast,3216,40.0,1,0.1,7,0.0,31900.0,,,1.0,0.0,model,1,4,VF8; VF6; VF7; VF9,0.0,1.0,0.0,constructionYear mileage warranty model fuel range hybridType batteryChargeTime
1515,Fietsen en Brommers,Handleidingen en Instructieboekjes,2125,40.0,1608,20.6,78,0.95,19.5,10.0,865.0,0.3,0.7,,,0,,0.12,0.72,0.0,
1516,Cd's en Dvd's,"VHS | Documentaire, Tv en Muziek",1124,39.9,738,12.9,57,0.88,5.0,4.375,7.625,0.47,0.47,,,0,,0.0,0.87,0.0,kind vhsFormat viewingAge vhsProperties bluRaySpokenLanguage
1517,Dieren en Toebehoren,Vissen | Aquariumvissen,424,39.8,7540,195.0,39,,7.0,1.6225,11.875,0.5,0.2,,,0,,,,,type kind properties
1518,Kinderen en Baby's,Babykleding | Petten en Hoeden,2777,39.7,632,6.6,96,0.84,4.0,1.975,32.495000000000005,0.73,0.27,brand_kids_clothing,0.18,299,H&M; Hema; Disney; Zeeman; Prenatal,0.28,0.65,0.0,intendedFor size type brand_kids_clothing
1519,Auto's,Alpine,2936,39.6,74,3.3,23,0.0,44050.0,37500.0,70800.0,1.0,0.0,model,0.64,2,A290; A110,0.42,0.36,0.0,constructionYear mileage warranty model fuel range hybridType batteryChargeTime
1520,Cd's en Dvd's,Vinyl | Kinderen en Jeugd,2721,39.6,876,11.1,79,0.93,8.95,5.0,9.5,0.57,0.4,,,0,,0.0,0.92,0.0,vinylEditionType type cdSchlagersReleaseYear size propertiesVinylPop age
1521,Auto's,ZEEKR,3224,39.5,43,1.6,27,0.0,50975.0,39899.0,57250.0,1.0,0.0,model,0.98,4,001; 7X; X; 7GT,0.02,0.98,0.0,constructionYear mileage warranty model fuel range hybridType batteryChargeTime
1522,Motoren,Motoren | Moto Guzzi,701,39.5,353,12.7,28,0.01,9949.0,3945.0,12899.0,0.93,0.07,,,0,,,,,constructionYear mileage motorcycleType enginePower numberOfCilinders engineDisplacement licenseMotorbikes warranty
1523,Postzegels en Munten,Postzegels | Europa | Spanje,1809,39.5,1413,18.9,75,0.85,0.5,0.275,6.75,0.7,0.27,,,0,,0.0,0.0,0.0,
1524,Zakelijke goederen,Kantoor en Winkelinrichting | Apparatuur en Telecommunicatie,1389,39.4,75,1.7,44,0.37,297.5,137.5,1025.0,0.7,0.23,,,0,,0.0,0.69,0.0,type
1525,"Sieraden, Tassen en Uiterlijk",Kindersieraden,2138,39.4,1030,13.0,79,0.87,2.5,1.0,5.0,0.63,0.3,,,0,,0.5,0.37,0.0,type color
1526,Tuin en Terras,Zonnewijzers,2980,39.4,118,2.4,49,0.48,109.5,24.25,158.75,0.67,0.33,,,0,,0.3,0.5,0.0,
1527,Auto's,Abarth,2932,39.3,104,3.3,32,0.0,21900.0,17220.0,26567.5,1.0,0.0,model,0.7,6,595; 500; 600e; 500C; 500e,0.01,0.85,0.0,constructionYear mileage warranty model fuel range hybridType batteryChargeTime
1528,Doe-het-zelf en Verbouw,Isolatie en Afdichting,1870,39.3,4916,137.6,36,0.34,9.245000000000001,5.0,28.125,0.53,0.3,,,0,,0.59,0.3,0.0,material thickness totalSurface type
1529,Witgoed en Apparatuur,Broodroosters,1980,39.3,1086,21.4,51,0.6,15.0,8.3625,82.25,0.63,0.33,,,0,,0.23,0.69,0.01,properties
1530,Telecommunicatie,Telefoonhouders,3046,39.2,1190,16.4,72,0.82,10.0,8.425,15.0,0.63,0.3,,,0,,0.47,0.43,0.0,intendedFor
1531,Verzamelen,Bidprentjes en Rouwkaarten,2813,39.2,4260,53.0,80,0.99,4.5,3.75,5.25,0.3,0.7,,,0,,,,,type
1532,Tuin en Terras,Terrasdelen en Vlonders,2967,39.2,2185,44.1,49,0.33,20.0,,,0.6,0.1,,,0,,0.39,0.47,0.0,material
1533,Zakelijke goederen,Machines en Bouw | Houtbewerking,2117,39.1,583,8.0,73,0.37,1550.0,475.0,6375.0,0.73,0.1,,,0,,,,,
1534,Zakelijke goederen,"Kantoor en Winkelinrichting | Magazijn, Stelling en Opslag",1700,39.0,1273,13.7,93,0.41,450.0,39.0,949.5,0.57,0.17,,,0,,,,,
1535,Zakelijke goederen,Machines en Bouw | Aggregaten,2113,39.0,426,9.9,43,0.35,4950.0,2337.5,9350.0,0.77,0.13,,,0,,,,,
1536,Diversen,Papierwaren,3190,38.9,1372,23.9,58,0.72,9.0,5.0,20.0,0.63,0.23,,,0,,0.56,0.25,0.0,
1537,Kinderen en Baby's,Babymode-accessoires,3137,38.9,999,15.9,63,0.73,5.0,1.5,20.0,0.77,0.2,brand_kids_clothing,0.08,299,Handgemaakt; Hema; Disney; Prenatal; Nijntje,0.34,0.59,0.0,brand_kids_clothing
1538,Sport en Fitness,Hoelahoeps,3159,38.9,401,9.4,43,0.54,15.0,10.0,20.0,0.7,0.17,,,0,,0.23,0.72,0.0,type caracteristics
1539,Auto's,Rover,147,38.8,50,1.4,35,0.0,8000.0,1812.25,18700.0,0.9,0.07,model,0.46,8,75; 45; 200-Serie; 100-Serie; 400-Serie,0.0,0.44,0.0,constructionYear mileage warranty model fuel range hybridType batteryChargeTime
1540,Auto's,Hummer,2149,38.8,22,0.7,31,0.0,19972.5,13495.0,42950.0,0.91,0.05,model,0.91,3,H2; H3; H1,0.0,0.59,0.0,constructionYear mileage warranty model fuel range hybridType batteryChargeTime
1541,Dieren en Toebehoren,"Honden | Beagles, Bassets en Lopende honden",2725,38.8,22,0.6,38,,1100.0,587.5,1358.75,0.41,0.09,,,0,,,,,gender breed aanbiederType aantalHonden herkomstHonden gechiptHonden geregistreerdHonden leeftijdHonden
1542,Auto's,Aston Martin,2153,38.7,76,2.4,31,0.0,99700.0,58480.0,174897.5,0.93,0.0,model,0.97,15,DB9; V8 Vantage; V12 Vanquish; DBS; DBX,0.0,0.89,0.0,constructionYear mileage warranty model fuel range hybridType batteryChargeTime
1543,Motoren,Motoren | Overige merken,704,38.7,1419,40.7,35,0.04,,,,0.67,0.03,,,0,,,,,constructionYear mileage motorcycleType enginePower numberOfCilinders engineDisplacement licenseMotorbikes warranty
1544,Motoren,Motoren | Benelli,3222,38.7,189,4.7,40,0.02,6397.0,4997.5,7999.0,0.97,0.03,,,0,,,,,constructionYear mileage motorcycleType enginePower numberOfCilinders engineDisplacement licenseMotorbikes warranty
1545,Motoren,Motoren | Moto Morini,3232,38.5,6,0.3,21,0.0,6494.5,5467.5,7510.0,1.0,0.0,,,0,,,,,constructionYear mileage motorcycleType enginePower numberOfCilinders engineDisplacement licenseMotorbikes warranty
1546,Diversen,Loopkrukken,3202,38.4,322,13.4,24,0.45,20.0,16.0,35.0,0.53,0.37,,,0,,0.09,0.64,0.0,caracteristics
1547,Hobby en Vrije tijd,Pottenbakken,2858,38.4,408,8.9,46,0.4,245.0,46.5,917.5,0.47,0.37,,,0,,0.22,0.62,0.0,
1548,Auto's,Aixam,2152,38.3,21,0.7,29,0.05,6200.0,3250.0,9950.0,0.9,0.1,,,0,,0.1,0.1,0.0,constructionYear mileage warranty fuel range hybridType batteryChargeTime batteryFastChargeTime
1549,Kinderen en Baby's,Speelgoed | Speeltenten,3141,38.3,1253,20.6,61,0.29,25.0,15.0,40.0,0.8,0.2,,,0,,0.1,0.81,0.0,
1550,Auto's,Overige Auto's,139,38.2,735,24.4,30,0.01,13950.0,3560.0,25787.5,0.73,0.03,,,0,,0.19,0.49,0.0,constructionYear mileage warranty fuel range hybridType batteryChargeTime batteryFastChargeTime
1551,Auto's,Rolls-Royce,2156,38.2,39,1.1,34,0.0,98450.0,36200.0,175836.25,0.97,0.03,model,0.87,11,Ghost; Phantom; Wraith; Cullinan; Silver Cloud,0.0,0.69,0.0,constructionYear mileage warranty model fuel range hybridType batteryChargeTime
1552,Telecommunicatie,Antwoordapparaten,822,38.2,33,0.1,231,0.73,20.0,13.125,41.2375,0.83,0.13,,,0,,0.15,0.7,0.03,kind properties
1553,Tuin en Terras,Hangmatten,3006,38.2,1900,28.1,68,0.36,25.0,15.475,82.5,0.53,0.43,,,0,,0.23,0.68,0.0,type properties suitableFor
1554,"Audio, Tv en Foto",Projectieschermen,3055,38.1,362,9.6,38,0.3,60.0,35.0,187.5,0.43,0.53,,,0,,0.18,0.71,0.008,caracteristics
1555,Watersport en Boten,Wakeboarden,2636,38.1,280,4.1,68,0.53,95.0,37.5,250.0,0.57,0.4,,,0,,0.14,0.74,0.0,type
1556,Auto's,XPENG,3215,38.0,10,0.3,35,0.0,43999.0,38725.5,49188.5,0.9,0.0,model,0.9,4,G6; G9; P7; P7+,0.1,0.7,0.0,constructionYear mileage warranty model fuel range hybridType batteryChargeTime
1557,Kinderen en Baby's,Speelgoed | Buiten | Speelhuisjes,3011,38.0,1604,33.9,47,0.19,20.0,10.0,62.5,0.63,0.2,,,0,,0.07,0.86,0.0,material
1558,Verzamelen,Suikerzakjes,1824,38.0,2645,34.4,77,0.99,0.75,0.2,1.3,0.23,0.77,,,0,,,,,region
1559,Zakelijke goederen,Kantoor en Winkelinrichting | Winkel en Inventaris,1091,38.0,498,7.1,70,0.3,137.5,70.0,1124.75,0.77,0.13,,,0,,,,,
1560,Cd's en Dvd's,Cd's | Humor en Cabaret,1746,37.9,1051,11.9,89,0.96,6.75,4.5,15.625,0.63,0.37,,,0,,0.0,0.93,0.0,cdSchlagersFormat cdSchlagersReleaseYear properties
1561,Computers en Software,Geheugenkaartlezers,3014,37.8,212,3.6,59,0.86,9.25,4.1875,13.125,0.87,0.13,,,0,,0.36,0.53,0.009,
1562,Dieren en Toebehoren,Pluimvee,1488,37.8,6879,205.0,34,,,,,0.0,0.0,,,0,,,,,kind gender
1563,Witgoed en Apparatuur,Waterkoelers,3176,37.8,187,3.3,57,0.33,100.0,50.0,150.0,0.77,0.23,,,0,,0.09,0.8,0.016,type
1564,Muziek en Instrumenten,Strijkinstrumenten | Cello's,1773,37.8,84,1.6,53,0.23,847.5,275.0,2067.5,0.73,0.23,,,0,,0.08,0.85,0.0,size properties
1565,Sport en Fitness,Badminton,785,37.8,672,10.4,64,0.64,16.25,9.9875,80.0,0.7,0.2,,,0,,0.17,0.72,0.0,type
1566,Auto's,Triumph,156,37.7,78,2.1,36,0.0,18425.0,9050.0,21350.0,0.93,0.03,model,0.71,4,Spitfire; TR6; TR3; TR4,0.0,0.55,0.0,constructionYear mileage warranty model fuel range hybridType batteryChargeTime
1567,Caravans en Kamperen,Windschermen,3078,37.7,594,9.9,60,0.42,29.95,21.25,45.0,0.7,0.23,,,0,,0.32,0.55,0.0,caracteristics
1568,Computers en Software,Educatie- en Cursussoftware,1475,37.5,163,3.1,52,0.87,7.5,1.25,18.0,0.73,0.27,,,0,,0.21,0.75,0.0,type suitableFor
1569,Motoren,Motoren | Zero Motorcycles,3230,37.5,7,0.4,16,0.0,6915.0,4250.0,21330.0,1.0,0.0,,,0,,,,,constructionYear mileage motorcycleType enginePower numberOfCilinders engineDisplacement licenseMotorbikes warranty
1570,Diversen,Pasen,1703,37.4,959,18.0,53,0.85,12.25,7.5,16.625,0.4,0.5,,,0,,0.32,0.48,0.0,
1571,Watersport en Boten,Open zeilboten,990,37.4,214,3.0,71,0.07,1597.5,300.0,6062.5,0.7,0.27,brandOpenSailboats,0.26,20,Laser; Randmeer; Solo; Ottenhome; Bruynzeel,0.02,0.89,0.0,brandOpenSailboats typeOpenSailboats lengthMotorboatsYachts materialOpenSailboats widthMotorboats draftMotorboats fuel enginePowerMotorboatsYachts
1572,Auto-onderdelen,Sidebars,3061,37.4,629,8.6,73,0.39,125.0,46.25,161.25,0.63,0.33,,,0,,0.4,0.34,0.0,
1573,Auto's,Alpina,2937,37.3,55,1.4,38,0.0,59950.0,38950.0,129945.0,0.97,0.0,model,0.87,14,B3; B5; B4; B6; B10,0.0,0.75,0.0,constructionYear mileage warranty model fuel range hybridType batteryChargeTime
1574,Spelcomputers en Games,Spelcomputers | Nintendo Portables | Accessoires,2799,37.2,265,3.7,71,0.84,9.0,2.5625,23.0,0.83,0.17,,,0,,0.34,0.62,0.004,suitable type characteristics
1575,Fietsen en Brommers,Brommers | Kreidler,680,37.2,186,5.6,33,0.35,4125.0,3125.0,6249.25,0.47,0.53,model,0.22,3,Florett RS; Florett RM; Florett RMC,0.05,0.8,0.0,constructionYear mileage model engineDisplacement maximum speed numberOfGears
1576,Verzamelen,Winkelwagenmuntjes,2903,37.2,1320,20.7,64,0.95,2.375,1.0,6.9875,0.47,0.47,,,0,,,,,
1577,Zakelijke goederen,Overige Zakelijke goederen,1093,37.2,575,14.1,41,0.21,900.0,263.4625,4187.5,0.37,0.1,,,0,,,,,
1578,Hobby en Vrije tijd,Kledingapplicaties en Hotfix,2855,37.2,1418,21.0,68,0.92,8.0,3.25,47.475,0.43,0.33,,,0,,0.72,0.22,0.0,type
1579,Witgoed en Apparatuur,Rijstkokers,3178,37.1,453,9.0,50,0.52,15.0,10.0,20.0,0.83,0.1,,,0,,0.25,0.68,0.0,caracteristics
1580,Auto diversen,Autostickers,2646,37.0,1001,11.0,91,0.91,8.469999999999999,4.625,9.7375,0.67,0.3,,,0,,,,,
1581,Dieren en Toebehoren,Hondenriemen,3093,36.9,2291,28.3,81,0.81,10.0,5.0,18.125,0.47,0.37,,,0,,0.54,0.37,0.0,kind
1582,Auto's,McLaren,2935,36.8,33,0.9,38,0.0,244950.0,164060.0,299950.0,1.0,0.0,model,0.67,14,720S; 570S; 600LT; GT; 540C,0.09,0.88,0.0,constructionYear mileage warranty model fuel range hybridType batteryChargeTime
1583,Auto diversen,Kofferbakmatten,3069,36.7,760,12.4,61,0.36,32.5,23.75,66.25,0.63,0.37,,,0,,0.1,0.77,0.0,
1584,Zakelijke goederen,Kantoor en Winkelinrichting | Beveiliging,2604,36.7,51,0.7,71,,150.0,55.0,850.0,0.73,0.2,,,0,,,,,
1585,Auto's,Lincoln,2150,36.6,48,1.3,37,0.0,9990.0,5997.0,23395.0,0.87,0.07,model,0.81,10,Continental; Town Car; Navigator; Mark; Aviator,0.02,0.54,0.0,constructionYear mileage warranty model fuel range hybridType batteryChargeTime
1586,Watersport en Boten,Waterski's,1455,36.6,231,2.9,81,0.39,70.0,33.75,148.75,0.73,0.27,,,0,,0.09,0.8,0.0,type skiLength properties
1587,Auto diversen,Kentekenplaathouders,3064,36.4,193,3.3,59,0.83,17.5,7.75,30.0,0.7,0.23,,,0,,0.27,0.59,0.0,
1588,Doe-het-zelf en Verbouw,Zwenkwielen,2852,36.4,1093,20.1,54,0.63,20.0,15.0,65.0,0.43,0.47,,,0,,0.28,0.55,0.0,
1589,Computers en Software,Presenters,3027,36.4,101,0.7,141,0.81,25.0,15.0,70.0,0.63,0.37,,,0,,0.33,0.65,0.0,suitableFor
1590,Watersport en Boten,Motorboten en Motorjachten,989,36.4,2159,29.7,73,0.19,27500.0,12500.0,55500.0,0.9,0.07,brandMotorboatsYachts,0.12,29,Bayliner; Doerak; Sea Ray; Waterland; Nidelv,0.03,0.86,0.0,materialMotorboatsYachts fuelMotorboatsYachts lengthMotorboatsYachts enginePowerMotorboatsYachts engineTypeMotorboatsYachts boatTypeMotorboats brandMotorboatsYachts constructionYearMotorboats
1591,Muziek en Instrumenten,Blaasinstrumenten | Didgeridoos,2885,36.3,87,1.4,61,0.34,40.0,30.0,150.0,0.8,0.17,,,0,,0.07,0.77,0.0,
1592,Hobby en Vrije tijd,Picknickmanden,2857,36.3,1077,15.1,71,0.57,25.0,11.25,60.0,0.57,0.37,,,0,,0.29,0.63,0.0,type
1593,Auto's,Jaecoo,3240,35.9,76,2.7,28,0.0,36925.0,33713.25,43065.0,1.0,0.0,model,0.49,1,7,0.61,0.22,0.0,constructionYear mileage warranty model fuel range hybridType batteryChargeTime
1594,Muziek en Instrumenten,Snaarinstrumenten | Harpen,2886,35.9,104,1.6,66,0.39,315.0,35.0,2000.0,0.77,0.2,,,0,,0.08,0.87,0.0,
1595,Watersport en Boten,Kano's,986,35.7,871,11.9,73,0.27,120.0,50.0,475.0,0.43,0.47,,,0,,0.08,0.82,0.0,type numberOfPersons properties
1596,Watersport en Boten,Vis- en Consoleboten,1408,35.7,713,14.1,50,0.18,13995.0,9250.0,24950.0,0.9,0.03,brandMotorboatsYachts,0.11,29,Quicksilver; Topcraft; Jeanneau; Alumax; Beekman,0.17,0.74,0.0,brandMotorboatsYachts fuel enginePowerMotorboatsYachts power engineType lengthMotorboatsYachts widthMotorboats draftMotorboats
1597,Postzegels en Munten,Bankbiljetten | Oceanië,1792,35.4,249,3.4,73,0.97,10.0,4.0,24.700000000000003,0.77,0.23,,,0,,,,,type
1598,Tuin en Terras,Buitenkranen,2972,35.4,143,3.0,48,0.68,24.5,12.25,45.0,0.63,0.37,,,0,,0.48,0.36,0.0,
1599,Motoren,Motoren | Beta,3237,35.3,7,1.0,7,0.0,5500.0,4525.0,6620.0,0.71,0.0,,,0,,,,,constructionYear mileage motorcycleType enginePower numberOfCilinders engineDisplacement licenseMotorbikes warranty
1600,Telecommunicatie,Pda's | Toebehoren,1684,35.2,20,0.0,,1.0,5.5,4.2,11.95,0.85,0.15,,,0,,0.7,0.2,0.0,type
1601,Telecommunicatie,ISDN en ADSL,827,35.0,64,1.3,50,0.92,10.0,4.0,50.0,0.63,0.33,,,0,,0.41,0.5,0.016,type
1602,Dieren en Toebehoren,Vogels | Toebehoren,1934,34.9,1371,34.9,39,0.52,10.0,6.25,21.25,0.43,0.3,,,0,,0.39,0.38,0.0,type
1603,Auto diversen,Bagagerekken,3066,34.7,485,5.6,87,0.32,150.0,50.0,412.0,0.73,0.17,,,0,,0.13,0.73,0.0,
1604,Witgoed en Apparatuur,Waterontharders,3169,34.7,400,6.6,61,0.39,110.0,16.5,637.5,0.47,0.47,,,0,,0.46,0.45,0.007,type
1605,Watersport en Boten,Roeiboten,992,34.7,62,0.7,87,0.18,850.0,562.5,1187.25,0.7,0.2,brandRowingBoats,0.13,20,Terhi; Pioner; Uttern; Whaly; Alucraft,0.08,0.87,0.0,typeRowingBoats material lengthMotorboatsYachts widthMotorboats brandRowingBoats draftMotorboats properties
1606,Motoren,Motoren | Buell,2647,34.6,54,1.0,54,0.02,4400.0,3568.75,4980.0,0.8,0.2,,,0,,,,,constructionYear mileage motorcycleType enginePower engineDisplacement numberOfCilinders licenseMotorbikes warranty
1607,Tuin en Terras,Vuurtafels,2965,34.5,355,7.4,48,0.23,150.0,25.0,300.0,0.5,0.5,,,0,,0.26,0.61,0.0,
1608,Verzamelen,Verrassingseieren,2141,34.4,981,8.1,120,0.95,2.5,0.975,4.0,0.6,0.17,,,0,,0.11,0.75,0.0,type
1609,Auto diversen,Velgenbomen,3073,34.3,316,5.6,57,0.34,50.0,18.75,160.0,0.57,0.43,,,0,,0.16,0.68,0.0,
1610,Dieren en Toebehoren,Honden | Dekreuen,1926,34.3,935,4.7,198,,250.0,162.5,262.5,0.33,0.1,,,0,,,,,gender aanbiederType aantalHonden herkomstHonden gechiptHonden geregistreerdHonden leeftijdHonden ontwormdHonden
1611,Dieren en Toebehoren,Overige Dieren,410,34.2,451,12.1,37,,18.475,5.625,150.0,0.5,0.23,,,0,,,,,gender
1612,Motoren,Overige Motoren,723,34.2,54,1.3,42,0.3,4850.0,1224.5,6475.0,0.8,0.03,,,0,,,,,enginePower numberOfCilinders warranty
1613,Tuin en Terras,Planten | Struiken en Hagen,2947,34.2,2862,70.1,41,0.33,8.0,2.375,30.625,0.43,0.07,,,0,,,,,type_shrubs species_shrubs height_shrubs
1614,Diversen,Looprekken,3208,34.0,158,4.1,38,0.32,27.5,20.0,35.0,0.73,0.23,,,0,,0.22,0.54,0.0,caracteristics
1615,Sport en Fitness,Springtouwen,3160,34.0,215,3.1,68,0.77,6.95,3.0,12.5,0.9,0.07,,,0,,0.42,0.5,0.0,caracteristics
1616,Doe-het-zelf en Verbouw,Veiligheidshelmen,3201,33.9,237,4.9,49,0.76,10.0,5.0,27.0,0.7,0.3,,,0,,0.38,0.5,0.0,caracteristics
1617,Witgoed en Apparatuur,Eierkokers,3179,33.9,180,3.9,47,0.69,15.0,9.0,145.0,0.7,0.3,,,0,,0.21,0.64,0.0,
1618,Tuin en Terras,Tuinsproeiers,2974,33.7,1504,17.3,87,0.59,18.5,10.0,45.0,0.53,0.33,,,0,,0.33,0.55,0.0,type
1619,Doe-het-zelf en Verbouw,Bouwliften,273,33.6,94,1.4,66,0.26,1225.0,462.5,2575.0,0.73,0.2,,,0,,0.13,0.74,0.0,type
1620,Caravans en Kamperen,Stacaravans,317,33.6,1216,27.0,45,0.31,23000.0,9500.0,49500.0,0.77,0.1,,,0,,,,,numberOfSleepingPlaces
1621,Motoren,Quads en Trikes,724,33.6,883,23.7,37,0.23,,,,0.63,0.03,,,0,,,,,constructionYear enginePower engineDisplacement numberOfCilinders warranty
1622,Zakelijke goederen,"Agrarisch | Onderdelen | Banden, Velgen en Assen",1691,33.5,1572,21.0,75,0.31,412.5,187.5,1575.0,0.3,0.5,,,0,,,,,
1623,Zakelijke goederen,Kantoor en Winkelinrichting | Onderdelen,1964,33.5,42,0.1,294,0.4,50.0,6.175000000000001,95.0,0.73,0.2,,,0,,,,,
1624,Telecommunicatie,Autoladers,3047,33.4,293,4.0,73,0.87,5.0,2.725,12.3725,0.8,0.2,,,0,,0.47,0.48,0.0,caracteristics
1625,Dieren en Toebehoren,Hondenvoerbakken en Drinkbakken,3089,33.2,1485,27.9,53,0.64,12.5,9.25,27.5,0.4,0.5,,,0,,0.28,0.5,0.0,caracteristics
1626,Doe-het-zelf en Verbouw,Adembescherming,3199,33.1,350,5.0,70,0.75,17.5,15.0,42.5,0.6,0.4,,,0,,0.59,0.26,0.0,kind
1627,Tuin en Terras,Gieters,2975,33.1,542,8.1,67,0.61,12.0,10.0,25.0,0.73,0.2,,,0,,0.15,0.72,0.0,material
1628,Motoren,Motoren | MV Agusta,702,32.8,228,5.3,43,0.03,8990.0,5950.0,19990.0,0.97,0.0,,,0,,,,,constructionYear mileage motorcycleType enginePower numberOfCilinders engineDisplacement licenseMotorbikes warranty
1629,Auto's,Austin,2154,32.5,31,1.4,22,0.0,8625.0,2800.0,22337.5,0.87,0.1,,,0,,0.0,0.45,0.0,constructionYear mileage warranty fuel range hybridType batteryChargeTime batteryFastChargeTime
1630,Auto's,Isuzu,3212,32.5,6,0.3,21,0.0,13472.5,6736.75,17436.25,0.67,0.0,model,0.67,3,D-Max; N-Series; X-Series,0.17,0.5,0.0,constructionYear mileage warranty model fuel range hybridType batteryChargeTime
1631,Sport en Fitness,Handbal,1781,32.5,129,1.1,113,0.73,20.0,12.5,47.5,0.7,0.23,,,0,,0.23,0.67,0.0,type
1632,Auto's,Pontiac,143,32.4,20,1.1,18,0.05,20000.0,9945.0,39850.0,0.7,0.1,model,0.6,10,Firebird; Grand Prix; G3; G5; G6,0.0,0.65,0.0,constructionYear mileage warranty model fuel range hybridType batteryChargeTime
1633,Fietsen en Brommers,Fietsen | Eenwielers,3106,32.3,266,6.4,41,0.27,20.0,10.0,72.5,0.83,0.17,,,0,,0.06,0.88,0.0,brakeType caracteristics
1634,Tuin en Terras,Schaduwdoeken,3008,32.3,599,6.6,91,0.52,25.0,15.0,90.0,0.7,0.23,,,0,,0.51,0.41,0.0,
1635,Tuin en Terras,Onkruidbranders,2995,32.2,639,11.1,57,0.39,22.0,15.0,45.0,0.67,0.33,,,0,,0.2,0.7,0.0,
1636,Kinderen en Baby's,Speelgoed | Buiten | Zandbakken,2782,32.0,1308,27.9,47,0.15,20.0,7.5,35.0,0.53,0.23,,,0,,0.16,0.75,0.0,
1637,Tuin en Terras,Aarde en Mest,1857,31.9,1509,27.1,56,0.33,20.0,3.0,7512.5,0.5,0.07,,,0,,,,,type
1638,Auto's,Buick,97,31.8,26,0.7,36,0.04,13950.0,6450.0,21000.0,0.77,0.04,model,0.58,7,Enclave; Riviera; Skylark; Regal; Encore,0.0,0.42,0.0,constructionYear mileage warranty model fuel range hybridType batteryChargeTime
1639,Auto's,Fisker,2829,31.8,11,0.3,38,0.0,29950.0,27950.0,36497.0,0.91,0.0,model,0.36,2,Karma; Ocean,0.0,0.64,0.0,constructionYear mileage warranty model fuel range hybridType batteryChargeTime
1640,Doe-het-zelf en Verbouw,Bouwketen en Schaftketen,2849,31.7,428,7.1,60,0.23,4500.0,1375.0,19997.5,0.73,0.27,,,0,,0.06,0.75,0.0,
1641,Zakelijke goederen,Machines en Bouw | Industrie en Techniek,1694,31.7,717,9.0,80,0.43,500.0,125.0,6812.5,0.37,0.47,,,0,,,,,
1642,Doe-het-zelf en Verbouw,Plinten en Afwerking,1872,31.6,2035,32.0,64,0.29,10.0,4.99,50.0,0.63,0.17,,,0,,0.62,0.28,0.0,type material length
1643,Motoren,Motoren | Fantic Motor,3233,31.5,6,0.3,21,0.0,9470.0,8199.25,10949.0,1.0,0.0,,,0,,,,,constructionYear mileage motorcycleType enginePower numberOfCilinders engineDisplacement licenseMotorbikes warranty
1644,Zakelijke goederen,Horeca | Meubilair en Inrichting,1689,31.4,381,5.1,74,0.39,249.95,27.5,1150.0,0.5,0.4,,,0,,0.0,0.49,0.0,type
1645,Hobby en Vrije tijd,Ministeck,2126,31.4,844,11.9,71,0.76,15.0,5.0,25.0,0.37,0.57,,,0,,0.11,0.79,0.0,type
1646,Zakelijke goederen,Horeca | Overige,1688,31.2,200,2.4,82,0.42,322.5,89.5,1012.5,0.63,0.23,,,0,,,,,
1647,Diversen,Trapliften,2828,31.0,114,3.4,33,0.2,625.0,186.75,1150.0,0.4,0.43,,,0,,0.06,0.75,0.0,stairShape
1648,Telecommunicatie,Mobiele telefoons | Hoesjes en Frontjes | Nokia,2806,30.8,55,0.4,128,0.95,6.0,3.5,13.7425,0.7,0.3,,,0,,0.49,0.42,0.0,type
1649,Zakelijke goederen,Machines en Bouw | Metaalbewerking,2116,30.8,389,5.1,76,0.29,3550.0,1346.25,5312.5,0.8,0.1,,,0,,,,,
1650,Fietsen en Brommers,Fietsaccessoires | Fietsbellen,3116,30.7,232,3.3,71,0.81,10.0,5.0,19.0,0.77,0.23,,,0,,0.44,0.47,0.0,
1651,Auto's,Voyah,3225,30.6,41,0.6,72,0.0,55085.0,48967.5,56980.0,1.0,0.0,model,0.76,2,Free; Dream,0.63,0.07,0.0,constructionYear mileage warranty model fuel range hybridType batteryChargeTime
1652,Motoren,Motoren | Zijspanmotoren,700,30.4,39,0.9,46,0.0,6500.0,2575.0,9750.0,0.77,0.2,,,0,,,,,constructionYear mileage enginePower numberOfCilinders engineDisplacement licenseMotorbikes warranty motorTransmission
1653,Watersport en Boten,Snorkelen,3162,30.4,1011,6.7,151,0.73,7.5,5.0,15.0,0.7,0.23,,,0,,0.13,0.78,0.0,kind
1654,Dieren en Toebehoren,Kattenhalsbanden en Penningen,3100,30.3,94,1.0,94,0.82,6.25,1.75,23.25,0.83,0.17,,,0,,0.72,0.11,0.0,caracteristics
1655,Auto's,Oldsmobile,136,30.2,8,0.4,19,0.0,26225.0,11837.5,30500.0,1.0,0.0,,,0,,0.0,0.25,0.0,constructionYear mileage warranty fuel range hybridType batteryChargeTime batteryFastChargeTime
1656,Auto's,Bugatti,2938,30.2,2,0.1,14,0.0,24950.0,,,1.0,0.0,model,0.0,4,Chiron; EB110; EB112; Veyron,0.0,0.5,0.0,constructionYear mileage warranty model fuel range hybridType batteryChargeTime
1657,Motoren,Motoren | Indian,3235,30.2,32,2.6,12,0.0,17450.0,296.0,22070.0,0.97,0.0,,,0,,,,,constructionYear mileage motorcycleType enginePower numberOfCilinders engineDisplacement licenseMotorbikes warranty
1658,Auto's,Lotus,127,30.0,25,0.3,88,0.0,32900.0,27900.0,72495.0,0.96,0.04,model,0.88,10,Elise; Eletre; Exige; Super Seven; 2-Eleven,0.0,0.52,0.0,constructionYear mileage warranty model fuel range hybridType batteryChargeTime
1659,Auto's,Aiways,3217,30.0,13,0.1,91,0.0,16950.0,16850.0,18099.5,1.0,0.0,model,0.92,2,U5; U6,0.0,0.92,0.0,constructionYear mileage warranty model fuel range hybridType batteryChargeTime
1660,Auto's,Genesis,3223,30.0,12,0.1,84,0.0,52450.0,49950.0,75412.5,1.0,0.0,model,0.92,2,GV70; GV60,0.5,0.33,0.0,constructionYear mileage warranty model fuel range hybridType batteryChargeTime
1661,Auto's,Hongqi,3221,30.0,7,0.0,,0.0,56950.0,49900.0,69950.0,1.0,0.0,model,1,1,E-HS9,0.0,1.0,0.0,constructionYear mileage warranty model fuel range hybridType batteryChargeTime
1662,Auto's,Seres,3220,30.0,2,0.0,,0.0,16972.5,,,1.0,0.0,model,1,3,Seres 3; Seres 5; Seres 7,0.0,1.0,0.0,constructionYear mileage warranty model fuel range hybridType batteryChargeTime
1663,Auto's,Lucid,3218,30.0,1,0.0,,0.0,79900.0,,,1.0,0.0,model,1,1,Air,0.0,1.0,0.0,constructionYear mileage warranty model fuel range hybridType batteryChargeTime
1664,Watersport en Boten,Overige Watersport en Boten,991,30.0,133,1.6,85,0.29,1150.0,512.5,4812.25,0.73,0.17,,,0,,0.26,0.66,0.0,
1665,Tuin en Terras,Vuurkorven,2964,30.0,2358,35.7,66,0.24,17.5,10.0,51.25,0.53,0.43,,,0,,0.2,0.67,0.0,type
1666,Computers en Software,Laptoptafels,3028,29.9,321,7.6,42,0.4,17.5,10.0,25.0,0.67,0.2,,,0,,0.21,0.68,0.0,suitableFor
1667,Caravans en Kamperen,Overige Caravans en Kamperen,316,29.8,59,1.1,52,0.31,3200.0,613.5,9987.5,0.7,0.27,,,0,,0.08,0.59,0.0,
1668,Hobby en Vrije tijd,Theezakjes,1245,29.4,403,3.3,123,0.91,2.5,0.6,5.625,0.63,0.17,,,0,,,,,type properties
1669,Postzegels en Munten,Brieven en Enveloppen | België,2927,29.2,81,1.3,63,0.9,3.0,1.85,15.0,0.57,0.43,,,0,,,,,type
1670,Watersport en Boten,Kajuitzeilboten en Zeiljachten,985,28.5,720,9.4,76,0.14,11500.0,5000.0,39750.0,0.77,0.23,brandCabinSailboatsYachts,0.39,25,Dehler; Van de Stadt; Friendship; Jeanneau; Beneteau,0.0,0.93,0.0,typeCabinSailboatsYachts brandCabinSailboatsYachts lengthMotorboatsYachts widthMotorboats draftMotorboats fuel enginePowerMotorboatsYachts engineType
1671,Watersport en Boten,Jetski's en Waterscooters,984,28.2,358,4.9,74,0.24,7374.5,3837.5,10245.0,0.93,0.03,,,0,,0.09,0.89,0.0,power fuel
1672,Kinderen en Baby's,Speelgoed | Buiten | Opblaasfiguren,3130,28.0,1744,17.9,98,0.63,7.5,3.5,25.0,0.57,0.33,,,0,,0.38,0.53,0.0,
1673,Zakelijke goederen,Horeca | Food,2103,28.0,190,1.6,121,0.45,1800.0,45.0,14750.0,0.47,0.17,,,0,,,,,type
1674,Doe-het-zelf en Verbouw,Afvalhout,3250,27.9,31,4.4,7,0.19,32.5,13.75,125.0,0.27,0.3,,,0,,,,,volume
1675,Dieren en Toebehoren,Paarden en Pony's | Dekhengsten en Fokmerries,1933,27.8,149,1.4,104,,362.5,156.25,1037.5,0.37,0.1,,,0,,,,,gender
1676,Watersport en Boten,Ligplaatsen,987,27.0,105,1.3,82,,2550.0,387.5,21750.0,0.33,0.0,,,0,,,,,boatStorage storagePeriod
1677,Zakelijke goederen,Partijgoederen en Retail | Partijgoederen,1419,27.0,261,3.7,70,0.46,2500.0,250.0,3000.0,0.33,0.27,,,0,,,,,category
1678,Doe-het-zelf en Verbouw,Tekentafels,271,26.9,455,9.7,47,0.3,25.0,10.0,60.0,0.43,0.47,,,0,,0.05,0.87,0.0,widthDrawingBoard properties
1679,Zakelijke goederen,Agrarisch | Veevoer,2605,26.9,293,3.1,93,0.44,57.5,29.0,268.75,0.47,0.13,,,0,,,,,
1680,Caravans en Kamperen,Luchtpompen,3080,26.8,674,7.4,91,0.66,5.0,5.0,10.0,0.63,0.37,,,0,,0.32,0.59,0.0,kind
1681,Tuin en Terras,Elektrische barbecues,2958,26.5,1169,14.6,80,0.43,20.0,13.125,71.25,0.53,0.43,,,0,,0.37,0.57,0.0,
1682,Caravans en Kamperen,Verhuur,319,26.3,748,3.1,238,,405.0,193.75,13087.5,0.27,0.0,,,0,,,,,
1683,Watersport en Boten,Waterpolo,3161,26.3,11,0.1,77,0.45,19.0,17.0,27.5,0.82,0.18,,,0,,0.09,0.73,0.0,kind
1684,Doe-het-zelf en Verbouw,Containers,2850,26.1,227,3.1,72,0.31,500.0,110.5,1300.0,0.57,0.2,,,0,,,,,
1685,Auto diversen,Auto Inkoop,1641,26.0,92,0.1,644,,240.0,,,0.13,0.17,,,0,,,,,
1686,Caravans en Kamperen,Caravanstallingen,314,26.0,204,1.9,110,,40.0,,,0.23,0.23,,,0,,,,,
1687,Zakelijke goederen,"Agrarisch | Aardappelen, Groenten, Fruit en Vlees",1086,25.9,153,1.7,89,0.39,55.0,6.0,135.0,0.5,0.23,,,0,,,,,
1688,Auto's,GMC,2949,25.5,54,1.0,54,0.0,34500.0,13625.0,74990.0,1.0,0.0,model_gmc,0.17,12,Sierra; Vandura; Savana; Acadia; Canyon,0.2,0.43,0.0,constructionYear mileage warranty model_gmc fuel range hybridType batteryChargeTime
1689,Auto diversen,Raceauto's,102,25.1,31,0.6,54,,12950.0,6250.0,24999.0,0.93,0.0,,,0,,,,,
1690,Auto diversen,Kitcars,120,25.0,11,0.9,13,0.27,7777.0,2950.0,17250.0,0.73,0.27,,,0,,,,,
1691,Telecommunicatie,Faxen,826,24.7,39,0.6,68,0.49,26.25,15.0,40.0,0.53,0.37,,,0,,0.21,0.62,0.0,type
1692,Tuin en Terras,Druppelsystemen,2976,24.7,193,2.4,79,0.67,15.0,6.0,40.0,0.67,0.27,,,0,,0.57,0.34,0.0,
1693,Zakelijke goederen,Machines en Bouw | Onderhoud en Reiniging,1696,24.6,324,5.7,57,0.28,3350.0,2562.5,3987.5,0.43,0.23,,,0,,,,,
1694,Doe-het-zelf en Verbouw,Veiligheidsbrillen,3101,24.2,391,3.1,124,0.51,12.5,4.9975000000000005,52.5,0.87,0.1,,,0,,0.65,0.18,0.0,filter
1695,Zakelijke goederen,"Partijgoederen en Retail | Franchising, Wederverkoop en Distributie",1089,23.7,17,0.1,119,0.41,535.0,31.835,10361.25,0.29,0.41,,,0,,,,,
1696,Muziek en Instrumenten,Snaarinstrumenten | Klavecimbels,1771,23.0,18,0.0,,0.22,650.0,112.49,2112.5,0.5,0.5,,,0,,0.0,1.0,0.0,
1697,Auto's,Donkervoort,109,22.7,4,0.0,,0.0,31449.5,13362.5,196199.75,1.0,0.0,model,0.25,4,D8; D10; F22; S7,0.0,0.75,0.0,constructionYear mileage warranty model fuel range hybridType batteryChargeTime
1698,Watersport en Boten,Peddels,3165,22.7,332,5.6,60,0.37,15.0,12.5,35.0,0.63,0.37,,,0,,0.11,0.78,0.0,kind
1699,Verzamelen,Poesieplaatjes,2902,22.0,653,2.9,229,0.97,6.5,3.25,19.975,0.47,0.53,,,0,,,,,
1700,Zakelijke goederen,Agrarisch | Agrarisch Onroerend goed,2097,22.0,65,0.3,228,0.6,5650.0,3565.0,23250.0,0.4,0.1,,,0,,,,,landUse surface
1701,Muziek en Instrumenten,Draaiorgels,1769,21.7,69,0.4,161,0.49,32.5,9.75,237.5,0.3,0.2,,,0,,0.04,0.83,0.0,
1702,Zakelijke goederen,Partijgoederen en Retail | Verpakking en Verzending,1702,21.4,96,1.3,75,0.46,22.5,1.4,475.0,0.63,0.2,,,0,,,,,
1703,Zakelijke goederen,Kantoor en Winkelinrichting | Computer en IT,372,20.5,12,0.1,84,0.25,375.0,63.25,1812.5,0.42,0.33,,,0,,,,,
1704,Auto's,Maxus,3238,20.2,2,0.0,,0.0,26700.0,,,1.0,0.0,model,0.0,2,eUNIQ 6; MIFA 9,0.0,1.0,0.0,constructionYear mileage warranty model fuel range hybridType batteryChargeTime
1705,Tuin en Terras,Fakkels,2977,19.9,226,3.1,72,0.53,10.0,5.0,23.75,0.73,0.23,,,0,,0.48,0.39,0.0,
1706,Watersport en Boten,Platbodems,2827,18.4,125,0.7,175,0.22,9075.0,5050.0,24000.0,0.77,0.23,,,0,,0.03,0.9,0.0,typeFlatBottomBoats lengthMotorboatsYachts material widthMotorboats draftMotorboats standingHeightMotorboats fuel enginePowerMotorboatsYachts
1707,Zakelijke goederen,Partijgoederen en Retail | Verkoopwagens,1096,17.9,236,4.4,53,0.23,12500.0,7874.5,25000.0,0.77,0.2,,,0,,,,,
1708,Tuin en Terras,Plantenvoeding,2956,16.1,178,2.4,73,0.56,11.25,5.625,22.5,0.57,0.33,,,0,,0.7,0.17,0.0,
1709,Zakelijke goederen,Exploitaties en Overnames,1094,15.3,355,5.9,61,,42500.0,12625.0,110000.0,0.47,0.2,,,0,,,,,
1710,Boeken,E-books,2690,15.0,88,0.7,123,,9.95,7.225,50.0,0.6,0.17,,,0,,,,,subject
1711,Muziek en Instrumenten,Orkestbanden,762,14.6,8,0.1,56,0.62,6.0,,,0.38,0.5,,,0,,0.12,0.62,0.0,medium
1712,Dieren en Toebehoren,Vermiste en Gevonden Dieren,423,12.1,114,1.3,89,,15.0,,,0.17,0.2,,,0,,,,,kind
1713,Zakelijke goederen,Machines en Bouw | Transport,1698,11.4,205,5.4,38,0.23,13250.0,2887.5,23725.0,0.33,0.07,,,0,,,,,
1714,Motoren,Motoren Inkoop,2792,10.6,47,0.6,82,0.06,5500.0,1575.0,60000.0,0.17,0.13,,,0,,,,,
1715,Caravans en Kamperen,Caravan Inkoop,2713,6.0,33,0.3,116,,19000.0,,,0.07,0.07,,,0,,,,,
1716,Caravans en Kamperen,Camper Inkoop,2710,6.0,13,0.0,,,10500.0,,,0.15,0.08,,,0,,,,,
1717,Hobby en Vrije tijd,Kantklossen,2854,6.0,0,0.0,,,,,,0.0,0.0,,,0,,,,,
1718,Cd's en Dvd's,Dvd's | Overige Dvd's,1113,6.0,0,0.0,,,,,,0.0,0.0,,,0,,,,,
1719,Cd's en Dvd's,Cd's | Verzamelalbums,1342,6.0,0,0.0,,,,,,0.0,0.0,,,0,,,,,
1720,Watersport en Boten,Beroepsscheepvaart,1960,5.2,65,0.1,455,0.29,35000.0,7650.0,91250.0,0.27,0.13,,,0,,0.29,0.63,0.0,type power length fuel
