pattern,label,original_price_eur,specs,score,better_than_baseline,kind,brand,source_url,frame_material
"Defy.{0,20}Advanced.{0,3}SL",Giant Defy Advanced SL,,"Hoogste carbonlaag van de Defy (Advanced SL-grade). 2012 (NL): Dura-Ace 10-speed, velrem, P-SLR1 wielen. Vanaf modeljaar 2015 zijn alle carbon Defy's schijfrem (road.cc, juli 2014) — het bouwjaar bepaalt dus het remtype.",,0,bike,Giant,https://web.archive.org/web/20111106032104/http://www.giant-bicycles.com/nl-nl/bikes/model/defy.advanced.sl.0/10547/53482/,carbon
"Defy.{0,20}Advanced",Giant Defy Advanced,,"Hogere carbonlaag dan Composite — niet als comp voor een Defy Composite gebruiken (plan §4). Vanaf modeljaar 2015 is de carbon Defy alleen schijfrem, de aluminium Defy bleef velrem. Advanced Pro valt hier ook onder. Eén patroon voor alle generaties, want het bouwjaar staat zelden in de titel.",,0,bike,Giant,https://road.cc/content/news/123546-giant-launch-all-new-defy-range-disc-brakes,carbon
"Defy.{0,20}Composite.{0,3}1\b",Giant Defy Composite 1,,"2012 (NL): carbon frame (Giant Composite Technology), Shimano Ultegra shifters/derailleurs/remmen/crankset 34/50, Shimano 105 cassette 11-28 10-speed, velrem, Giant P-SL1 wielen.",,0,bike,Giant,https://web.archive.org/web/20111106032110/http://www.giant-bicycles.com/nl-nl/bikes/model/defy.composite.1/10548/53483/,carbon
"Defy.{0,20}Composite.{0,3}2\b",Giant Defy Composite 2,,Instapuitvoering van de carbon Defy Composite. 2012 volgens bikeroar (Amerikaanse spec): SRAM Apex 10-speed. De Nederlandse 2012-spec is niet gearchiveerd en dus niet geverifieerd.,,0,bike,Giant,https://www.bikeroar.com/products/giant/defy-composite-2-2012/specs,carbon
"Defy.{0,20}Composite",Giant Defy Composite (uitvoering onbekend),,"Zelfde frame als de eigen fiets. In 2012 (NL) bestonden Composite 1 en Composite 2; carbon, velrem.",Baseline — eigen fiets (zie mijn_fiets.md),0,bike,Giant,https://web.archive.org/web/20111106032110/http://www.giant-bicycles.com/nl-nl/bikes/model/defy.composite.1/10548/53483/,carbon
"Giant.{0,10}Defy\s*[0-5]\b|Defy.{0,10}Aluxx",Giant Defy 0-5 (aluminium),,"Aluminium (ALUXX SL) Defy. 2012 (NL): Defy 0 Ultegra-shifters/derailleurs met Tiagra-cassette 10-speed, Defy 1 105, Defy 2 Tiagra, Defy 3 Sora 9-speed, Defy 5 Shimano 2300 8-speed; allemaal velrem. Titels met ""Aluxx"" horen hier ook bij: dat is het aluminium frame. Let op: ""Defy Ultegra"" in een titel betekent dus niet vanzelf carbon.",,0,bike,Giant,https://web.archive.org/web/20111106023912/http://www.giant-bicycles.com/nl-nl/bikes/model/defy.0/10549/53485/,aluminium
"Endurace.{0,5}CF.{0,5}SL.{0,20}Disc",Canyon Endurace CF SL(X) Disc,,"Carbon endurance met schijfremmen; de Endurace CF SL Disc kwam in de 2017-lijn (instap: CF SL Disc 8.0, Shimano 105 hydraulisch, £1.799 in het VK). Europrijs niet gevonden, en die verschilt per uitvoering en jaar.",,1,bike,Canyon,https://road.cc/content/tech-news/214047-canyons-2017-road-bikes-now-available-disc-brakes-including-ultimate-and,carbon
"Canyon.{0,10}Endurace",Canyon Endurace (overig),,"Endurance-lijn van Canyon. Bij de introductie van schijfremmen (2017) bleef de aluminium Endurace velrem; zonder ""Disc"" in de titel het remtype dus zelf controleren.",,0,bike,Canyon,https://road.cc/content/tech-news/214047-canyons-2017-road-bikes-now-available-disc-brakes-including-ultimate-and,
"Specialized.{0,15}Roubaix",Specialized Roubaix,,"Carbon endurance. De generatie vanaf 2017 (Future Shock in de balhoofdbuis) is alleen schijfrem, er is geen velremversie; oudere Roubaix wel velrem. Het bouwjaar bepaalt dus het remtype.",,0,bike,Specialized,https://road.cc/content/review/214587-specialized-roubaix-expert-2017,carbon
"Trek.{0,10}Domane",Trek Domane,,Endurance-lijn van Trek. De Domane SLR van 2017 (IsoSpeed voor én achter) kwam zowel met velrem als met schijfrem — remtype controleren in de advertentie.,,0,bike,Trek,https://bikeradar.com/road/news/article/trek-domane-slr-with-front-and-rear-isospeed-launched-46744,
"\bTCR\b.{0,15}Advanced",Giant TCR Advanced,,"""Advanced"" is Giants carbonlaag (zie de Defy-rijen); alle catalogusrijen met bekend materiaal zijn carbon. Advanced Pro en Advanced SL vallen hier ook onder. Catalogus (reference_bike_catalog.csv): 164 uitvoeringen, modeljaren 2010-2027; framemateriaal daar: carbon 159, onbekend 5. Familierij zonder nieuwprijs — de nieuwprijs verschilt per uitvoering en jaar, zie de catalogus.",,0,bike,Giant,https://web.archive.org/web/20130210064721/http://www.giant-bicycles.com:80/nl-nl/bikes/model/tcr.advanced.sl.0.isp/12245/58062/,carbon
"Giant.{0,20}\bTCR\b|\bTCR\b.{0,20}Giant|\bTCR\s*(Composite|Aluxx|SL|[0-3])\b",Giant TCR (overig),,"TCR zonder ""Advanced"" in de titel: dat kan aluminium (TCR 1/2 compact) of carbon (TCR Composite) zijn — materiaal in de advertentie controleren. Catalogus (reference_bike_catalog.csv): 14 uitvoeringen, modeljaren 2010-2019; framemateriaal daar: carbon 7, aluminium 6, onbekend 1. Familierij zonder nieuwprijs — de nieuwprijs verschilt per uitvoering en jaar, zie de catalogus.",,0,bike,Giant,https://web.archive.org/web/20130210064727/http://www.giant-bicycles.com:80/nl-nl/bikes/model/tcr.composite.1/12247/58065/,
\bPropel\b,Giant Propel,,"Aero-racefiets. Catalogus (reference_bike_catalog.csv): 111 uitvoeringen, modeljaren 2014-2027; framemateriaal daar: carbon 107, onbekend 4. Familierij zonder nieuwprijs — de nieuwprijs verschilt per uitvoering en jaar, zie de catalogus.",,0,bike,Giant,https://web.archive.org/web/20160423102434/http://www.giant-bicycles.com/nl-NL/bikes/model/propel.advanced.1/22357/84301/,
"Giant.{0,20}\bContend\b|\bContend\s*(SL|AR|[1-3])\b",Giant Contend,,"Instap-racefiets. Catalogus (reference_bike_catalog.csv): 52 uitvoeringen, modeljaren 2017-2026; framemateriaal daar: aluminium 52. Familierij zonder nieuwprijs — de nieuwprijs verschilt per uitvoering en jaar, zie de catalogus.",,0,bike,Giant,https://web.archive.org/web/20190920082452/https://www.giant-bicycles.com/nl/contend-1-2018,
"Giant.{0,20}\bTCX\b|\bTCX\s*(Advanced|SLR|\d)",Giant TCX,,"Cyclocross. Catalogus (reference_bike_catalog.csv): 11 uitvoeringen, modeljaren 2019-2021; framemateriaal daar: onbekend 11. Familierij zonder nieuwprijs — de nieuwprijs verschilt per uitvoering en jaar, zie de catalogus.",,0,bike,Giant,https://web.archive.org/web/20190721001333/https://www.giant-bicycles.com/nl/bikes-tcx-espoir-26,
\bAvail\b,Giant/Liv Avail,,"Damesmodel (Liv), aluminium en carbon (Advanced) door elkaar. Catalogus (reference_bike_catalog.csv): 22 uitvoeringen, modeljaren 2012-2017; framemateriaal daar: carbon 14, aluminium 6, onbekend 2. Familierij zonder nieuwprijs — de nieuwprijs verschilt per uitvoering en jaar, zie de catalogus.",,0,bike,Giant,https://web.archive.org/web/20160423121900/http://www.giant-bicycles.com/nl-NL/bikes/model/avail.1/18501/75948/,
"Attain.{0,10}GTC",Cube Attain GTC,,"GTC is de carbonuitvoering van de Attain. Catalogus (reference_bike_catalog.csv): 14 uitvoeringen, modeljaren 2016-2021; framemateriaal daar: carbon 14. Familierij zonder nieuwprijs — de nieuwprijs verschilt per uitvoering en jaar, zie de catalogus.",,0,bike,Cube,https://www.bikezona.com/bicicletas/cube-attain-gtc/24186,carbon
\bAttain\b,Cube Attain (overig),,"Zonder GTC meestal de aluminium Attain, maar de catalogus heeft beide — materiaal controleren. Catalogus (reference_bike_catalog.csv): 39 uitvoeringen, modeljaren 2016-2021; framemateriaal daar: aluminium 22, carbon 17. Familierij zonder nieuwprijs — de nieuwprijs verschilt per uitvoering en jaar, zie de catalogus.",,0,bike,Cube,https://www.cube.eu/nl-nl/cube-attain-c-62-race-carbon-n-coalchrome/1131300,
"Nuroad.{0,5}C:?\s?62",Cube Nuroad C:62,,"C:62 is Cubes carbonaanduiding. Catalogus (reference_bike_catalog.csv): 9 uitvoeringen, modeljaar niet vermeld; framemateriaal daar: carbon 9. Familierij zonder nieuwprijs — de nieuwprijs verschilt per uitvoering en jaar, zie de catalogus.",,0,bike,Cube,https://www.cube.eu/nl-nl/cube-nuroad-c-62-ex-surfblue-n-black/1136300,carbon
\bNu\s?road\b,Cube Nuroad (overig),,"Gravelbike; zonder C:62 in de titel aluminium of carbon — controleren. Catalogus (reference_bike_catalog.csv): 17 uitvoeringen, modeljaar niet vermeld; framemateriaal daar: carbon 9, aluminium 8. Familierij zonder nieuwprijs — de nieuwprijs verschilt per uitvoering en jaar, zie de catalogus.",,0,bike,Cube,https://www.cube.eu/nl-nl/cube-nuroad-c-62-ex-surfblue-n-black/1136300,
"Cube.{0,20}\bAgree\b|\bAgree\s*(C:?\s?62|GTC|SL)\b",Cube Agree,,"Catalogus (reference_bike_catalog.csv): 40 uitvoeringen, modeljaren 2012-2021; framemateriaal daar: carbon 33, onbekend 7. Familierij zonder nieuwprijs — de nieuwprijs verschilt per uitvoering en jaar, zie de catalogus.",,0,bike,Cube,https://www.cube.eu/nl-nl/cube-agree-c-62-ex-glacier-n-black/1132100,
\bLitt?ening\b,Cube Litening,,"Catalogus (reference_bike_catalog.csv): 44 uitvoeringen, modeljaren 2012-2021; framemateriaal daar: carbon 36, onbekend 8. Familierij zonder nieuwprijs — de nieuwprijs verschilt per uitvoering en jaar, zie de catalogus.",,0,bike,Cube,https://www.cube.eu/nl-nl/cube-litening-aero-c-68x-orbit-digitalcarbon-n-prizm/1133650,
"Cube.{0,20}\bAxial\b",Cube Axial,,"Damesmodel. Catalogus (reference_bike_catalog.csv): 27 uitvoeringen, modeljaren 2012-2021; framemateriaal daar: carbon 12, aluminium 12, onbekend 3. Familierij zonder nieuwprijs — de nieuwprijs verschilt per uitvoering en jaar, zie de catalogus.",,0,bike,Cube,https://www.bikezona.com/bicicletas/cube-axial-wls/12005,
"Cube.{0,20}\bPel[oe]ton\b",Cube Peloton,,"Catalogus (reference_bike_catalog.csv): 9 uitvoeringen, modeljaren 2012-2015; framemateriaal daar: aluminium 5, onbekend 4. Familierij zonder nieuwprijs — de nieuwprijs verschilt per uitvoering en jaar, zie de catalogus.",,0,bike,Cube,https://www.bikezona.com/bicicletas/cube-peloton/11947,
"Cube.{0,20}\bCross\s*Race\b",Cube Cross Race,,"Cyclocross. Catalogus (reference_bike_catalog.csv): 5 uitvoeringen, modeljaren 2012-2012; framemateriaal daar: carbon 3, onbekend 2. Familierij zonder nieuwprijs — de nieuwprijs verschilt per uitvoering en jaar, zie de catalogus.",,0,bike,Cube,https://www.cube.eu/nl-nl/cube-cross-race-c-62-pro-greenfusion-n-black/1139200,
"Madone\s*2[.,]\d",Trek Madone 2.1-2.5,,"De Madone 2.x is de aluminium (Alpha) Madone. Catalogus (reference_bike_catalog.csv): 12 uitvoeringen, modeljaren 2013-2015; framemateriaal daar: aluminium 12. Familierij zonder nieuwprijs — de nieuwprijs verschilt per uitvoering en jaar, zie de catalogus.",,0,bike,Trek,https://www.trekbikes.com/nl/nl_NL/c/madone-2-1-h2-compact/a/15261/,aluminium
\bMadone\b,Trek Madone (overig),,"Van 3.x/4.x/5.x tot SL/SLR en Gen 8 — generaties lopen sterk uiteen; modeljaar en uitvoering in de advertentie zoeken. Catalogus (reference_bike_catalog.csv): 222 uitvoeringen, modeljaren 2010-2026; framemateriaal daar: carbon 172, onbekend 38, aluminium 12. Familierij zonder nieuwprijs — de nieuwprijs verschilt per uitvoering en jaar, zie de catalogus.",,0,bike,Trek,https://www.trekbikes.com/nl/nl_NL/fietsen/racefietsen/prestatiegerichte-racefietsen/madone/madone-sl/madone-sl-7-gen-8--the-first-50-replica/p/81695/,
"[EÉ]monda.{0,10}\bALR",Trek Émonda ALR,,"ALR is Treks aluminiumaanduiding. Catalogus (reference_bike_catalog.csv): 32 uitvoeringen, modeljaren 2016-2026; framemateriaal daar: aluminium 27, onbekend 5. Familierij zonder nieuwprijs — de nieuwprijs verschilt per uitvoering en jaar, zie de catalogus.",,0,bike,Trek,https://web.archive.org/web/20160416180232/http://www.trekbikes.com/nl/nl_NL/fietsen/racefietsen/performance-racefietsen/%C3%A9monda-alr/%C3%A9monda-alr-4/p/1424000-2016,aluminium
\b[EÉ]monda\b,Trek Émonda (overig),,"S, SL en SLR; uitvoering en remtype in de advertentie controleren. Catalogus (reference_bike_catalog.csv): 215 uitvoeringen, modeljaren 2015-2026; framemateriaal daar: carbon 169, aluminium 27, onbekend 19. Familierij zonder nieuwprijs — de nieuwprijs verschilt per uitvoering en jaar, zie de catalogus.",,0,bike,Trek,https://web.archive.org/web/20160416180232/http://www.trekbikes.com/nl/nl_NL/fietsen/racefietsen/performance-racefietsen/%C3%A9monda-alr/%C3%A9monda-alr-4/p/1424000-2016,
"Trek.{0,20}(\b[12][.,][1-7]\b|\bAlpha\b)",Trek 1-/2-serie (Alpha),,"Oudere instap-racefietsen (1.1, 1.2, 2.1, 2.3 ...); Alpha is Treks aluminiumnaam van die tijd. Catalogus (reference_bike_catalog.csv): 36 uitvoeringen, modeljaren 2011-2017; framemateriaal daar: aluminium 35, onbekend 1. Familierij zonder nieuwprijs — de nieuwprijs verschilt per uitvoering en jaar, zie de catalogus.",,0,bike,Trek,https://web.archive.org/web/20160418190503/http://www.trekbikes.com/nl/nl_NL/fietsen/racefietsen/performance-racefietsen/1-series/1-1/p/1400000-2016,
\bLexa\b,Trek Lexa,,"Damesmodel. Catalogus (reference_bike_catalog.csv): 37 uitvoeringen, modeljaren 2012-2017; framemateriaal daar: aluminium 36, onbekend 1. Familierij zonder nieuwprijs — de nieuwprijs verschilt per uitvoering en jaar, zie de catalogus.",,0,bike,Trek,https://web.archive.org/web/20160419182141/http://www.trekbikes.com/nl/nl_NL/fietsen/racefietsen/endurance-racefietsen/lexa-dames/lexa-dames/p/1400003-2016,
"Trek.{0,20}\bCheckpoint\b|\bCheckpoint\s*(ALR|SLR?)\b",Trek Checkpoint,,"Gravelbike. Catalogus (reference_bike_catalog.csv): 7 uitvoeringen, modeljaar niet vermeld; framemateriaal daar: onbekend 7. Familierij zonder nieuwprijs — de nieuwprijs verschilt per uitvoering en jaar, zie de catalogus.",,0,bike,Trek,https://www.trekbikes.com/nl/nl_NL/fietsen/vakantie-en-toerfietsen/checkpoint/checkpoint-alr/f/F224-2/checkpoint-alr-3-gen-3/49944/,
\bBoone\b,Trek Boone,,"Cyclocross. Catalogus (reference_bike_catalog.csv): 20 uitvoeringen, modeljaren 2015-2026; framemateriaal daar: carbon 17, onbekend 3. Familierij zonder nieuwprijs — de nieuwprijs verschilt per uitvoering en jaar, zie de catalogus.",,0,bike,Trek,https://web.archive.org/web/20160419132332/http://www.trekbikes.com/nl/nl_NL/fietsen/racefietsen/cyclocross-fietsen/boone/boone-5-disc/p/2464000-2016,
Speed\s*Concept,Trek Speed Concept,,"Tijdrit/triathlon. Catalogus (reference_bike_catalog.csv): 57 uitvoeringen, modeljaren 2012-2026; framemateriaal daar: carbon 46, onbekend 8, aluminium 3. Familierij zonder nieuwprijs — de nieuwprijs verschilt per uitvoering en jaar, zie de catalogus.",,0,bike,Trek,https://www.trekbikes.com/nl/nl_NL/fietsen/racefietsen/triatlonfietsen/speed-concept/f/F231/speed-concept-slr-9/86499/,
\bSpeedster\b,Scott Speedster,,"Instap-racefiets; Speedster Gravel valt hier ook onder. Catalogus (reference_bike_catalog.csv): 70 uitvoeringen, modeljaren 2012-2022; framemateriaal daar: aluminium 61, onbekend 9. Familierij zonder nieuwprijs — de nieuwprijs verschilt per uitvoering en jaar, zie de catalogus.",,0,bike,Scott,https://www.bikezona.com/bicicletas/scott-contessa-speedster-15/12164,
\bAddict\b,Scott Addict,,"Catalogus (reference_bike_catalog.csv): 92 uitvoeringen, modeljaren 2012-2023; framemateriaal daar: carbon 73, onbekend 19. Familierij zonder nieuwprijs — de nieuwprijs verschilt per uitvoering en jaar, zie de catalogus.",,0,bike,Scott,https://www.bikezona.com/bicicletas/scott-addict-cx/12140,
\bCR\s?1\b,Scott CR1,,"Catalogus (reference_bike_catalog.csv): 25 uitvoeringen, modeljaren 2012-2016; framemateriaal daar: carbon 17, onbekend 8. Familierij zonder nieuwprijs — de nieuwprijs verschilt per uitvoering en jaar, zie de catalogus.",,0,bike,Scott,https://www.bikezona.com/bicicletas/scott-contessa-cr1-comp/12163,
"Scott.{0,20}\bFoil\b|\bFoil\s*(RC|\d)",Scott Foil,,"Aero-racefiets. Catalogus (reference_bike_catalog.csv): 48 uitvoeringen, modeljaren 2012-2022; framemateriaal daar: carbon 39, onbekend 9. Familierij zonder nieuwprijs — de nieuwprijs verschilt per uitvoering en jaar, zie de catalogus.",,0,bike,Scott,https://www.bikezona.com/bicicletas/scott-contessa-foil/12161,
\bSolace\b,Scott Solace,,"Endurance. Catalogus (reference_bike_catalog.csv): 29 uitvoeringen, modeljaren 2014-2017; framemateriaal daar: carbon 29. Familierij zonder nieuwprijs — de nieuwprijs verschilt per uitvoering en jaar, zie de catalogus.",,0,bike,Scott,https://www.bikezona.com/bicicletas/scott-contessa-solace-15-compact/18602,
\bRomagna\b,Sensa Romagna,,"Catalogus (reference_bike_catalog.csv): 54 uitvoeringen, modeljaar niet vermeld; framemateriaal daar: aluminium 49, onbekend 5. Familierij zonder nieuwprijs — de nieuwprijs verschilt per uitvoering en jaar, zie de catalogus.",,0,bike,Sensa,https://web.archive.org/web/20170909151720/http://www.sensabikes.com:80/bikes/road/793/romagna-comp,
"Sensa.{0,20}\bUmbria\b",Sensa Umbria,,"Catalogus (reference_bike_catalog.csv): 7 uitvoeringen, modeljaar niet vermeld; framemateriaal daar: aluminium 6, onbekend 1. Familierij zonder nieuwprijs — de nieuwprijs verschilt per uitvoering en jaar, zie de catalogus.",,0,bike,Sensa,https://web.archive.org/web/20170909153050/http://www.sensabikes.com:80/bikes/road/800/umbria-21,
\bGiuli(a|Aero)\b,Sensa Giulia,,"Giulia, Giulia Evo, GiuliAero. Catalogus (reference_bike_catalog.csv): 66 uitvoeringen, modeljaar niet vermeld; framemateriaal daar: onbekend 39, carbon 27. Familierij zonder nieuwprijs — de nieuwprijs verschilt per uitvoering en jaar, zie de catalogus.",,0,bike,Sensa,https://web.archive.org/web/20190418220453/https://www.sensabikes.com/bikes/road/466/giulia-evo-blazing-orange,
"Sensa.{0,20}\bEmilia\b",Sensa Emilia,,"Ook als damesmodel (Emilia Lady). Catalogus (reference_bike_catalog.csv): 18 uitvoeringen, modeljaar niet vermeld; framemateriaal daar: aluminium 16, onbekend 2. Familierij zonder nieuwprijs — de nieuwprijs verschilt per uitvoering en jaar, zie de catalogus.",,0,bike,Sensa,https://web.archive.org/web/20211019214638/https://www.sensabikes.com/bikes/road/1090/emilia-disc-105,
"Sensa.{0,20}\b(Trentino|Terentino)\b",Sensa Trentino,,"Verkopers schrijven ook ""Terentino"". Catalogus (reference_bike_catalog.csv): 27 uitvoeringen, modeljaar niet vermeld; framemateriaal daar: aluminium 23, onbekend 4. Familierij zonder nieuwprijs — de nieuwprijs verschilt per uitvoering en jaar, zie de catalogus.",,0,bike,Sensa,https://web.archive.org/web/20170909153757/http://www.sensabikes.com:80/bikes/road/787/trentino-endura-105-disc,
"Sensa.{0,20}\bLombardi(a|je)\b",Sensa Lombardia,,"Catalogus (reference_bike_catalog.csv): 6 uitvoeringen, modeljaar niet vermeld; framemateriaal daar: carbon 5, onbekend 1. Familierij zonder nieuwprijs — de nieuwprijs verschilt per uitvoering en jaar, zie de catalogus.",,0,bike,Sensa,https://web.archive.org/web/20190419001114/https://www.sensabikes.com/bikes/road/525/lombardia-105,
\bNirone\b,Bianchi (Via) Nirone,,"Catalogus (reference_bike_catalog.csv): 9 uitvoeringen, modeljaren 2010-2016; framemateriaal daar: aluminium 7, onbekend 2. Familierij zonder nieuwprijs — de nieuwprijs verschilt per uitvoering en jaar, zie de catalogus.",,0,bike,Bianchi,https://www.bikezona.com/bicicletas/bianchi-via-nirone-ultegra/9722,
"Bianchi.{0,20}\bImpulso\b",Bianchi Impulso,,"Catalogus (reference_bike_catalog.csv): 9 uitvoeringen, modeljaren 2012-2016; framemateriaal daar: aluminium 8, onbekend 1. Familierij zonder nieuwprijs — de nieuwprijs verschilt per uitvoering en jaar, zie de catalogus.",,0,bike,Bianchi,https://www.bikezona.com/bicicletas/bianchi-impulso-ultegra/12939,
"Bianchi.{0,20}\bInfinito\b",Bianchi Infinito,,"Endurance. Catalogus (reference_bike_catalog.csv): 9 uitvoeringen, modeljaren 2010-2014; framemateriaal daar: onbekend 7, carbon 2. Familierij zonder nieuwprijs — de nieuwprijs verschilt per uitvoering en jaar, zie de catalogus.",,0,bike,Bianchi,https://www.bikezona.com/bicicletas/bianchi-infinito-105/9721,
"Bianchi.{0,20}\bOltre\b",Bianchi Oltre,,"Catalogus (reference_bike_catalog.csv): 2 uitvoeringen, modeljaren 2012-2012; framemateriaal daar: onbekend 2. Familierij zonder nieuwprijs — de nieuwprijs verschilt per uitvoering en jaar, zie de catalogus.",,0,bike,Bianchi,https://www.bikezona.com/bicicletas/bianchi-oltre-dura-ace/12933,
"Bianchi.{0,20}\bSempre\b",Bianchi Sempre,,"Catalogus (reference_bike_catalog.csv): 7 uitvoeringen, modeljaren 2012-2014; framemateriaal daar: onbekend 5, carbon 2. Familierij zonder nieuwprijs — de nieuwprijs verschilt per uitvoering en jaar, zie de catalogus.",,0,bike,Bianchi,https://www.bikezona.com/bicicletas/bianchi-sempre-105/12937,
"(Specialized|S-?Works).{0,30}\bTarmac\b|\bTarmac\s*(SL\s?\d|Expert|Comp|Pro|Sport|Elite)\b",Specialized Tarmac,,"S-Works Tarmac valt hier ook onder. Het merk (of een uitvoering) is verplicht in het patroon: ""tarmac"" is ook gewoon Engels voor asfalt. Catalogus (reference_bike_catalog.csv): 85 uitvoeringen, modeljaren 2012-2022; framemateriaal daar: carbon 75, onbekend 10. Familierij zonder nieuwprijs — de nieuwprijs verschilt per uitvoering en jaar, zie de catalogus.",,0,bike,Specialized,https://www.bikezona.com/bicicletas/specialized-s-works-tarmac-sl4-di2/11660,
\bVenge\b,Specialized Venge,,"Aero-racefiets. Catalogus (reference_bike_catalog.csv): 32 uitvoeringen, modeljaren 2012-2020; framemateriaal daar: carbon 28, onbekend 4. Familierij zonder nieuwprijs — de nieuwprijs verschilt per uitvoering en jaar, zie de catalogus.",,0,bike,Specialized,https://www.bikezona.com/bicicletas/specialized-s-works-venge-sram-red/11667,
"Specialized.{0,30}\bAll?ez\b|\bAllez\s*(Sprint|E5|Elite|Sport|Comp|Pro)\b",Specialized Allez,,"Verkopers schrijven ook ""Alez"". Oude Allez-fietsen (jaren 80/90) vallen er ook onder; de catalogus begint in 2012. Catalogus (reference_bike_catalog.csv): 35 uitvoeringen, modeljaren 2012-2021; framemateriaal daar: aluminium 29, onbekend 6. Familierij zonder nieuwprijs — de nieuwprijs verschilt per uitvoering en jaar, zie de catalogus.",,0,bike,Specialized,https://www.bikezona.com/bicicletas/specialized-allez-comp-105-compact/11696,
"Specialized.{0,20}\bDiverge\b|\bDiverge\s*(STR|Comp|Expert|Elite|Sport|E5)\b",Specialized Diverge,,"Gravelbike. Catalogus (reference_bike_catalog.csv): 10 uitvoeringen, modeljaren 2015-2017; framemateriaal daar: aluminium 6, carbon 4. Familierij zonder nieuwprijs — de nieuwprijs verschilt per uitvoering en jaar, zie de catalogus.",,0,bike,Specialized,https://www.bikezona.com/bicicletas/specialized-diverge-sport-a1/20178,
"Specialized.{0,20}\bSecteu[rd]\b",Specialized Secteur,,"Catalogus (reference_bike_catalog.csv): 11 uitvoeringen, modeljaren 2012-2015; framemateriaal daar: aluminium 7, onbekend 4. Familierij zonder nieuwprijs — de nieuwprijs verschilt per uitvoering en jaar, zie de catalogus.",,0,bike,Specialized,https://www.bikezona.com/bicicletas/specialized-secteur-comp-compact/11690,
"Specialized.{0,20}\bDolce\b",Specialized Dolce,,"Damesmodel. Catalogus (reference_bike_catalog.csv): 18 uitvoeringen, modeljaren 2012-2019; framemateriaal daar: aluminium 16, onbekend 2. Familierij zonder nieuwprijs — de nieuwprijs verschilt per uitvoering en jaar, zie de catalogus.",,0,bike,Specialized,https://www.bikezona.com/bicicletas/specialized-dolce-sport-compact/11699,
"Specialized.{0,20}\bAmira\b",Specialized Amira,,"Damesmodel. Catalogus (reference_bike_catalog.csv): 17 uitvoeringen, modeljaren 2012-2018; framemateriaal daar: carbon 12, onbekend 5. Familierij zonder nieuwprijs — de nieuwprijs verschilt per uitvoering en jaar, zie de catalogus.",,0,bike,Specialized,https://www.bikezona.com/bicicletas/specialized-amira-comp-compact/11674,
"Specialized.{0,20}\bRuby\b",Specialized Ruby,,"Damesmodel. Catalogus (reference_bike_catalog.csv): 20 uitvoeringen, modeljaren 2013-2018; framemateriaal daar: carbon 19, onbekend 1. Familierij zonder nieuwprijs — de nieuwprijs verschilt per uitvoering en jaar, zie de catalogus.",,0,bike,Specialized,https://www.bikezona.com/bicicletas/specialized-ruby-elite-compact/14485,
"Specialized.{0,20}\bCrux\b",Specialized Crux,,"Cyclocross/gravel. Catalogus (reference_bike_catalog.csv): 3 uitvoeringen, modeljaren 2012-2012; framemateriaal daar: onbekend 3. Familierij zonder nieuwprijs — de nieuwprijs verschilt per uitvoering en jaar, zie de catalogus.",,0,bike,Specialized,https://www.bikezona.com/bicicletas/specialized-crux-comp-apex/11703,
\bCAAD|\bOptimo\b,Cannondale CAAD / Optimo,,"CAAD staat voor Cannondale Advanced Aluminum Design; alle catalogusrijen met bekend materiaal zijn aluminium. Optimo is de CAAD Optimo. Catalogus (reference_bike_catalog.csv): 69 uitvoeringen, modeljaren 2010-2022; framemateriaal daar: aluminium 58, onbekend 11. Familierij zonder nieuwprijs — de nieuwprijs verschilt per uitvoering en jaar, zie de catalogus.",,0,bike,Cannondale,https://www.bikezona.com/bicicletas/cannondale-caad-8-105-compact/9233,aluminium
Super\s?Six|\bS6\s*EVO\b,Cannondale SuperSix,,"Meestal SuperSix EVO. Catalogus (reference_bike_catalog.csv): 91 uitvoeringen, modeljaren 2012-2023; framemateriaal daar: carbon 84, onbekend 7. Familierij zonder nieuwprijs — de nieuwprijs verschilt per uitvoering en jaar, zie de catalogus.",,0,bike,Cannondale,https://www.bikezona.com/bicicletas/cannondale-supersix-evo-di2/10953,
System\s?Six,Cannondale SystemSix,,"Aero-racefiets. Catalogus (reference_bike_catalog.csv): 15 uitvoeringen, modeljaren 2019-2023; framemateriaal daar: carbon 15. Familierij zonder nieuwprijs — de nieuwprijs verschilt per uitvoering en jaar, zie de catalogus.",,0,bike,Cannondale,https://www.bikezona.com/bicicletas/cannondale-systemsix-carbon-dura-ace/36256,
"Synapse.{0,15}(Carbon|Hi-?Mod)",Cannondale Synapse Carbon,,"Catalogus (reference_bike_catalog.csv): 95 uitvoeringen, modeljaren 2010-2023; framemateriaal daar: carbon 88, onbekend 7. Familierij zonder nieuwprijs — de nieuwprijs verschilt per uitvoering en jaar, zie de catalogus.",,0,bike,Cannondale,https://www.bikezona.com/bicicletas/cannondale-synapse-carbon-105-compact/9227,carbon
\bSynapse\b,Cannondale Synapse (overig),,"Zonder ""Carbon"" in de titel: aluminium (Synapse Alloy) of carbon — controleren. Catalogus (reference_bike_catalog.csv): 118 uitvoeringen, modeljaren 2010-2023; framemateriaal daar: carbon 88, aluminium 21, onbekend 9. Familierij zonder nieuwprijs — de nieuwprijs verschilt per uitvoering en jaar, zie de catalogus.",,0,bike,Cannondale,https://www.bikezona.com/bicicletas/cannondale-synapse-alloy-tiagra-feminine/9252,
"Cannondale.{0,20}\bSlate\b",Cannondale Slate,,"Gravel/road met Lefty-vork. Catalogus (reference_bike_catalog.csv): 4 uitvoeringen, modeljaren 2017-2017; framemateriaal daar: aluminium 4. Familierij zonder nieuwprijs — de nieuwprijs verschilt per uitvoering en jaar, zie de catalogus.",,0,bike,Cannondale,https://www.bikezona.com/bicicletas/cannondale-slate-105/27509,
\bIzalco\b,Focus Izalco,,"Catalogus (reference_bike_catalog.csv): 53 uitvoeringen, modeljaren 2012-2018; framemateriaal daar: carbon 45, onbekend 8. Familierij zonder nieuwprijs — de nieuwprijs verschilt per uitvoering en jaar, zie de catalogus.",,0,bike,Focus,https://www.bikezona.com/bicicletas/focus-izalco-donna-1-0/11493,
"Focus.{0,20}\bCayo\b",Focus Cayo,,"Catalogus (reference_bike_catalog.csv): 47 uitvoeringen, modeljaren 2012-2017; framemateriaal daar: carbon 38, aluminium 9. Familierij zonder nieuwprijs — de nieuwprijs verschilt per uitvoering en jaar, zie de catalogus.",,0,bike,Focus,https://www.bikezona.com/bicicletas/focus-cayo-1-0/11499,
"Focus.{0,20}\bCulebro\b",Focus Culebro,,"Catalogus (reference_bike_catalog.csv): 10 uitvoeringen, modeljaren 2012-2015; framemateriaal daar: aluminium 9, onbekend 1. Familierij zonder nieuwprijs — de nieuwprijs verschilt per uitvoering en jaar, zie de catalogus.",,0,bike,Focus,https://www.bikezona.com/bicicletas/focus-culebro-1-0/11502,
"Focus.{0,20}\bVariado\b",Focus Variado,,"Catalogus (reference_bike_catalog.csv): 3 uitvoeringen, modeljaren 2012-2012; framemateriaal daar: aluminium 3. Familierij zonder nieuwprijs — de nieuwprijs verschilt per uitvoering en jaar, zie de catalogus.",,0,bike,Focus,https://www.bikezona.com/bicicletas/focus-variado-1-0/11503,
"Focus.{0,20}\bMares\b",Focus Mares,,"Cyclocross. Catalogus (reference_bike_catalog.csv): 8 uitvoeringen, modeljaren 2012-2012; framemateriaal daar: aluminium 5, carbon 3. Familierij zonder nieuwprijs — de nieuwprijs verschilt per uitvoering en jaar, zie de catalogus.",,0,bike,Focus,https://www.bikezona.com/bicicletas/focus-mares-ax-1-0/11512,
"Ridley.{0,20}\bFenix\b",Ridley Fenix,,"Endurance. Catalogus (reference_bike_catalog.csv): 5 uitvoeringen, modeljaren 2014-2014; framemateriaal daar: aluminium 3, carbon 2. Familierij zonder nieuwprijs — de nieuwprijs verschilt per uitvoering en jaar, zie de catalogus.",,0,bike,Ridley,https://www.bikezona.com/bicicletas/ridley-fenix-a10/19242,
"Ridley.{0,20}\bNoah\b",Ridley Noah,,"Aero-racefiets. Catalogus (reference_bike_catalog.csv): 5 uitvoeringen, modeljaren 2012-2014; framemateriaal daar: carbon 3, onbekend 2. Familierij zonder nieuwprijs — de nieuwprijs verschilt per uitvoering en jaar, zie de catalogus.",,0,bike,Ridley,https://www.bikezona.com/bicicletas/ridley-noah-1101b/13532,
"Ridley.{0,20}\bHelium\b",Ridley Helium,,"Catalogus (reference_bike_catalog.csv): 2 uitvoeringen, modeljaren 2014-2014; framemateriaal daar: carbon 2. Familierij zonder nieuwprijs — de nieuwprijs verschilt per uitvoering en jaar, zie de catalogus.",,0,bike,Ridley,https://www.bikezona.com/bicicletas/ridley-helium/19247,
"Ridley.{0,20}\bOrion\b",Ridley Orion,,"Catalogus (reference_bike_catalog.csv): 2 uitvoeringen, modeljaren 2014-2014; framemateriaal daar: carbon 2. Familierij zonder nieuwprijs — de nieuwprijs verschilt per uitvoering en jaar, zie de catalogus.",,0,bike,Ridley,https://www.bikezona.com/bicicletas/ridley-orion-c10/19282,
"Canyon.{0,20}\bUltimate\b|\bUltimate\s*(CF|AL)\b",Canyon Ultimate,,"CF is carbon, AL aluminium (Canyons eigen aanduiding) — staat meestal in de titel. Catalogus (reference_bike_catalog.csv): 107 uitvoeringen, modeljaren 2012-2022; framemateriaal daar: onbekend 103, carbon 4. Familierij zonder nieuwprijs — de nieuwprijs verschilt per uitvoering en jaar, zie de catalogus.",,0,bike,Canyon,https://www.bikezona.com/bicicletas/canyon-ultimate-al-8-0/11373,
\bAeroad\b,Canyon Aeroad,,"Aero-racefiets. Catalogus (reference_bike_catalog.csv): 44 uitvoeringen, modeljaren 2012-2022; framemateriaal daar: onbekend 31, carbon 13. Familierij zonder nieuwprijs — de nieuwprijs verschilt per uitvoering en jaar, zie de catalogus.",,0,bike,Canyon,https://www.bikezona.com/bicicletas/canyon-aeroad-cf-8-0/11361,
Road\s?lite,Canyon Roadlite,,"Fitness/racefiets met recht stuur. Catalogus (reference_bike_catalog.csv): 11 uitvoeringen, modeljaren 2012-2016; framemateriaal daar: onbekend 11. Familierij zonder nieuwprijs — de nieuwprijs verschilt per uitvoering en jaar, zie de catalogus.",,0,bike,Canyon,https://www.bikezona.com/bicicletas/canyon-roadlite-6-0/11376,
\bSpeedmax\b,Canyon Speedmax,,"Tijdrit/triathlon. Catalogus (reference_bike_catalog.csv): 7 uitvoeringen, modeljaren 2013-2015; framemateriaal daar: onbekend 7. Familierij zonder nieuwprijs — de nieuwprijs verschilt per uitvoering en jaar, zie de catalogus.",,0,bike,Canyon,https://www.bikezona.com/bicicletas/canyon-speedmax-cf-9-0-ltd/14536,
\bInflite\b,Canyon Inflite,,"Cyclocross. Catalogus (reference_bike_catalog.csv): 6 uitvoeringen, modeljaren 2015-2016; framemateriaal daar: onbekend 6. Familierij zonder nieuwprijs — de nieuwprijs verschilt per uitvoering en jaar, zie de catalogus.",,0,bike,Canyon,https://www.bikezona.com/bicicletas/canyon-inflite-al-8-0/20386,
\bScul[p]?tura\b,Merida Scultura,,"Verkopers schrijven ook ""Sculptura"". Catalogus (reference_bike_catalog.csv): 118 uitvoeringen, modeljaren 2011-2022; framemateriaal daar: onbekend 86, carbon 23, aluminium 9. Familierij zonder nieuwprijs — de nieuwprijs verschilt per uitvoering en jaar, zie de catalogus.",,0,bike,Merida,https://www.bikezona.com/bicicletas/merida-scultura-evo-904-30/10315,
\bReacto\b,Merida Reacto,,"Aero-racefiets. Catalogus (reference_bike_catalog.csv): 82 uitvoeringen, modeljaren 2011-2022; framemateriaal daar: onbekend 69, carbon 13. Familierij zonder nieuwprijs — de nieuwprijs verschilt per uitvoering en jaar, zie de catalogus.",,0,bike,Merida,https://www.bikezona.com/bicicletas/merida-reacto-907-com/10312,
"Merida.{0,20}\bRide\b",Merida Ride,,"Endurance. Catalogus (reference_bike_catalog.csv): 24 uitvoeringen, modeljaren 2011-2017; framemateriaal daar: onbekend 20, carbon 4. Familierij zonder nieuwprijs — de nieuwprijs verschilt per uitvoering en jaar, zie de catalogus.",,0,bike,Merida,https://www.bikezona.com/bicicletas/merida-ride-juliet-91/10305,
"Stevens.{0,20}\bAspin\b",Stevens Aspin,,"Catalogus (reference_bike_catalog.csv): 16 uitvoeringen, modeljaren 2011-2018; framemateriaal daar: aluminium 16. Familierij zonder nieuwprijs — de nieuwprijs verschilt per uitvoering en jaar, zie de catalogus.",,0,bike,Stevens,https://www.bikezona.com/bicicletas/stevens-aspin-ct/10240,
"Stevens.{0,20}\bStelvio\b",Stevens Stelvio,,"Catalogus (reference_bike_catalog.csv): 9 uitvoeringen, modeljaren 2011-2018; framemateriaal daar: aluminium 9. Familierij zonder nieuwprijs — de nieuwprijs verschilt per uitvoering en jaar, zie de catalogus.",,0,bike,Stevens,https://www.bikezona.com/bicicletas/stevens-stelvio/10241,
"Stevens.{0,20}\bSan\s?Remo\b",Stevens San Remo,,"Catalogus (reference_bike_catalog.csv): 7 uitvoeringen, modeljaren 2011-2018; framemateriaal daar: aluminium 7. Familierij zonder nieuwprijs — de nieuwprijs verschilt per uitvoering en jaar, zie de catalogus.",,0,bike,Stevens,https://www.bikezona.com/bicicletas/stevens-san-remo/10242,
"Stevens.{0,20}\bArcalis\b",Stevens Arcalis,,"Catalogus (reference_bike_catalog.csv): 14 uitvoeringen, modeljaren 2015-2018; framemateriaal daar: carbon 14. Familierij zonder nieuwprijs — de nieuwprijs verschilt per uitvoering en jaar, zie de catalogus.",,0,bike,Stevens,https://www.bikezona.com/bicicletas/stevens-arcalis/21889,
"Stevens.{0,20}\bXenon\b",Stevens Xenon,,"Catalogus (reference_bike_catalog.csv): 17 uitvoeringen, modeljaren 2012-2018; framemateriaal daar: carbon 17. Familierij zonder nieuwprijs — de nieuwprijs verschilt per uitvoering en jaar, zie de catalogus.",,0,bike,Stevens,https://www.bikezona.com/bicicletas/stevens-xenon-ct/10822,
"Pinarello.{0,20}\bDogma\b",Pinarello Dogma,,"De catalogus dekt 2012-2019; oudere Dogma-generaties bestaan ook — materiaal niet uit deze rij afleiden. Catalogus (reference_bike_catalog.csv): 99 uitvoeringen, modeljaren 2012-2019; framemateriaal daar: onbekend 67, carbon 32. Familierij zonder nieuwprijs — de nieuwprijs verschilt per uitvoering en jaar, zie de catalogus.",,0,bike,Pinarello,https://www.bikezona.com/bicicletas/pinarello-dogmak-carbon/13469,
"Pinarello.{0,20}\bParis\b",Pinarello Paris,,"Catalogus (reference_bike_catalog.csv): 6 uitvoeringen, modeljaren 2014-2014; framemateriaal daar: carbon 6. Familierij zonder nieuwprijs — de nieuwprijs verschilt per uitvoering en jaar, zie de catalogus.",,0,bike,Pinarello,https://www.bikezona.com/bicicletas/pinarello-paris-think2/18861,
"Pinarello.{0,20}\bGan\b",Pinarello Gan,,"Catalogus (reference_bike_catalog.csv): 72 uitvoeringen, modeljaren 2016-2019; framemateriaal daar: onbekend 65, carbon 7. Familierij zonder nieuwprijs — de nieuwprijs verschilt per uitvoering en jaar, zie de catalogus.",,0,bike,Pinarello,https://www.bikezona.com/bicicletas/pinarello-gan-campagnolo-chorus/26344,
"Pinarello.{0,20}\bPrince\b",Pinarello Prince,,"Catalogus (reference_bike_catalog.csv): 15 uitvoeringen, modeljaren 2015-2019; framemateriaal daar: carbon 8, onbekend 7. Familierij zonder nieuwprijs — de nieuwprijs verschilt per uitvoering en jaar, zie de catalogus.",,0,bike,Pinarello,https://www.bikezona.com/bicicletas/pinarello-prince-athena-11v/22050,
"Pinarello.{0,20}\bRazha\b",Pinarello Razha,,"Catalogus (reference_bike_catalog.csv): 21 uitvoeringen, modeljaren 2015-2019; framemateriaal daar: onbekend 11, carbon 10. Familierij zonder nieuwprijs — de nieuwprijs verschilt per uitvoering en jaar, zie de catalogus.",,0,bike,Pinarello,https://www.bikezona.com/bicicletas/pinarello-razha-105-11v/22082,
"Will?ier.{0,20}\bGTR\b|\bGTR\s*(Team|SL)\b",Wilier GTR,,"Endurance. Catalogus (reference_bike_catalog.csv): 8 uitvoeringen, modeljaren 2014-2016; framemateriaal daar: carbon 8. Familierij zonder nieuwprijs — de nieuwprijs verschilt per uitvoering en jaar, zie de catalogus.",,0,bike,Wilier,https://www.bikezona.com/bicicletas/wilier-gtr/19019,
"Wilier.{0,20}\bMontegrappa\b",Wilier Montegrappa,,"Catalogus (reference_bike_catalog.csv): 4 uitvoeringen, modeljaren 2015-2016; framemateriaal daar: aluminium 4. Familierij zonder nieuwprijs — de nieuwprijs verschilt per uitvoering en jaar, zie de catalogus.",,0,bike,Wilier,https://www.bikezona.com/bicicletas/wilier-montegrappa-disc/26228,
"Wilier.{0,20}\bCento\s?(1|10)",Wilier Cento1 / Cento10,,"Catalogus (reference_bike_catalog.csv): 8 uitvoeringen, modeljaren 2012-2016; framemateriaal daar: carbon 5, onbekend 3. Familierij zonder nieuwprijs — de nieuwprijs verschilt per uitvoering en jaar, zie de catalogus.",,0,bike,Wilier,https://www.bikezona.com/bicicletas/wilier-cento-1/12613,
"Lapierre.{0,20}\bSensium\b",Lapierre Sensium,,"Endurance. Catalogus (reference_bike_catalog.csv): 68 uitvoeringen, modeljaren 2010-2021; framemateriaal daar: carbon 53, aluminium 15. Familierij zonder nieuwprijs — de nieuwprijs verschilt per uitvoering en jaar, zie de catalogus.",,0,bike,Lapierre,https://www.bikezona.com/bicicletas/lapierre-sensium-100/9025,
"Lapierre.{0,20}\bXelius\b",Lapierre Xelius,,"Catalogus (reference_bike_catalog.csv): 58 uitvoeringen, modeljaren 2010-2021; framemateriaal daar: carbon 58. Familierij zonder nieuwprijs — de nieuwprijs verschilt per uitvoering en jaar, zie de catalogus.",,0,bike,Lapierre,https://www.bikezona.com/bicicletas/lapierre-velo-xelius-200/9022,
"Lapierre.{0,20}\bAudacio\b",Lapierre Audacio,,"Catalogus (reference_bike_catalog.csv): 48 uitvoeringen, modeljaren 2010-2018; framemateriaal daar: aluminium 47, carbon 1. Familierij zonder nieuwprijs — de nieuwprijs verschilt per uitvoering en jaar, zie de catalogus.",,0,bike,Lapierre,https://www.bikezona.com/bicicletas/lapierre-audacio-200/9031,
"Lapierre.{0,20}\bAircode\b",Lapierre Aircode,,"Aero-racefiets. Catalogus (reference_bike_catalog.csv): 22 uitvoeringen, modeljaren 2015-2021; framemateriaal daar: carbon 22. Familierij zonder nieuwprijs — de nieuwprijs verschilt per uitvoering en jaar, zie de catalogus.",,0,bike,Lapierre,https://www.bikezona.com/bicicletas/lapierre-aircode-300/21656,
"Orbea.{0,20}\bOrca\b",Orbea Orca,,"Catalogus (reference_bike_catalog.csv): 205 uitvoeringen, modeljaren 2012-2022; framemateriaal daar: carbon 169, onbekend 36. Familierij zonder nieuwprijs — de nieuwprijs verschilt per uitvoering en jaar, zie de catalogus.",,0,bike,Orbea,https://www.bikezona.com/bicicletas/orbea-orca-b105/11017,
"Orbea.{0,20}\bAvant\b",Orbea Avant,,"Endurance. Catalogus (reference_bike_catalog.csv): 112 uitvoeringen, modeljaren 2014-2022; framemateriaal daar: carbon 45, onbekend 37, aluminium 30. Familierij zonder nieuwprijs — de nieuwprijs verschilt per uitvoering en jaar, zie de catalogus.",,0,bike,Orbea,https://www.bikezona.com/bicicletas/orbea-avant-h10/15298,
\bTeam\s?machine\b,BMC Teammachine,,"ALR is aluminium, SLR/SLC carbon. Catalogus (reference_bike_catalog.csv): 76 uitvoeringen, modeljaren 2012-2019; framemateriaal daar: onbekend 38, carbon 34, aluminium 4. Familierij zonder nieuwprijs — de nieuwprijs verschilt per uitvoering en jaar, zie de catalogus.",,0,bike,BMC,https://www.bikezona.com/bicicletas/bmc-teammachine-dura-ace/12297,
\bRoad\s?machine\b,BMC Roadmachine,,"Endurance. Catalogus (reference_bike_catalog.csv): 27 uitvoeringen, modeljaren 2017-2019; framemateriaal daar: onbekend 21, carbon 6. Familierij zonder nieuwprijs — de nieuwprijs verschilt per uitvoering en jaar, zie de catalogus.",,0,bike,BMC,https://www.bikezona.com/bicicletas/bmc-roadmachine-01-dura-ace-di2/30089,
"Rose.{0,20}\bXeon\b",Rose Xeon,,"Aluminium en carbon (CDX/CRS/Team CGF) onder één naam. Catalogus (reference_bike_catalog.csv): 105 uitvoeringen, modeljaren 2012-2017; framemateriaal daar: carbon 54, aluminium 47, onbekend 4. Familierij zonder nieuwprijs — de nieuwprijs verschilt per uitvoering en jaar, zie de catalogus.",,0,bike,Rose,https://www.bikezona.com/bicicletas/rose-xeon-x-lite-3100-di2-double/13761,
"Rose.{0,20}\bX-?Lite\b",Rose X-Lite,,"Catalogus (reference_bike_catalog.csv): 47 uitvoeringen, modeljaren 2012-2017; framemateriaal daar: carbon 42, onbekend 5. Familierij zonder nieuwprijs — de nieuwprijs verschilt per uitvoering en jaar, zie de catalogus.",,0,bike,Rose,https://www.bikezona.com/bicicletas/rose-xeon-x-lite-3100-di2-double/13761,
\bTriban\b,B'Twin Triban,,"Decathlon-huismerk. Catalogus (reference_bike_catalog.csv): 5 uitvoeringen, modeljaren 2014-2017; framemateriaal daar: aluminium 5. Familierij zonder nieuwprijs — de nieuwprijs verschilt per uitvoering en jaar, zie de catalogus.",,0,bike,Btwin,https://www.bikezona.com/bicicletas/btwin-velo-route-triban-300/18740,
"Fuji.{0,20}\bTransonic\b",Fuji Transonic,,"Catalogus (reference_bike_catalog.csv): 16 uitvoeringen, modeljaren 2015-2016; framemateriaal daar: carbon 16. Familierij zonder nieuwprijs — de nieuwprijs verschilt per uitvoering en jaar, zie de catalogus.",,0,bike,Fuji,https://www.bikezona.com/bicicletas/fuji-transonic-1-1/21020,
"Fuji.{0,20}\bRoubaix\b",Fuji Roubaix,,"Let op: niet de Specialized Roubaix. Catalogus (reference_bike_catalog.csv): 12 uitvoeringen, modeljaren 2012-2016; framemateriaal daar: aluminium 9, onbekend 3. Familierij zonder nieuwprijs — de nieuwprijs verschilt per uitvoering en jaar, zie de catalogus.",,0,bike,Fuji,https://www.bikezona.com/bicicletas/fuji-roubaix-1-0/13587,
"Stevens.{0,20}\bComet\b",Stevens Comet,,"Catalogus (reference_bike_catalog.csv): 8 uitvoeringen, modeljaren 2013-2018; framemateriaal daar: carbon 8. Familierij zonder nieuwprijs — de nieuwprijs verschilt per uitvoering en jaar, zie de catalogus.",,0,bike,Stevens,https://www.bikezona.com/bicicletas/stevens-comet-dura-ace-di2/14034,
"Koga.{0,20}\bKimera\b",Koga Kimera,,"Koga's racefietsserie (Kimera Road, Premium, Track); het Kimera Pro-frameset is volgens Koga van high-modulus carbon. Niet alle uitvoeringen zijn nagegaan, dus geen materiaal ingevuld. Geen nieuwprijs.",,0,bike,Koga,https://www.koga.com/nl/kimera-pro-frameset.htm,
"Koga[\s-]*M[iy]{1,2}a?ta",Koga-Miyata (merknaam tot 2010),,"Koga (Heerenveen, opgericht 1974) bouwde fietsen onder de naam Koga-Miyata, uit de samenwerking met het Japanse Miyata; vanaf mei 2010 heet het merk KOGA. ""Koga Miyata"" in een titel zegt dus alleen: van vóór 2010, meestal vintage. Model, materiaal en groep verschillen sterk — geen nieuwprijs.",,0,bike,Koga,https://en.wikipedia.org/wiki/KOGA,
"Champion\s*Mondial|Gazelle.{0,10}Champion",Gazelle Champion Mondial,,"Vintage racefiets, genoemd naar de wereldtitel van Harm Ottenbros (1969). Uitvoeringen A-, AA- en AB-frame; het A-frame (1969-1991) is gebouwd met Reynolds 531-buizen. Materiaal niet ingevuld: niet voor elke uitvoering nagegaan. Geen nieuwprijs.",,0,bike,Gazelle,https://www.vintagefiets.be/en/fietsframe-in-de-kijker-gazelle-champion-mondial-a-frame/,
"\bBH\b.{0,20}\bAero[\s-]?light\b",BH Aerolight,,"Modellijn uit de catalogus (merk + eerste woord van de modelnaam), alleen voor de herkenning; niet los nagezocht. Catalogus (reference_bike_catalog.csv): 4 uitvoeringen, modeljaren 2022-2022; framemateriaal daar: carbon 4. Familierij zonder nieuwprijs — de nieuwprijs verschilt per uitvoering en jaar, zie de catalogus.",,0,bike,BH,https://www.bikezona.com/bicicletas/bh-aerolight-6-0/41487,
"\bBH\b.{0,20}\bAlvia\b",BH Alvia,,"Modellijn uit de catalogus (merk + eerste woord van de modelnaam), alleen voor de herkenning; niet los nagezocht. Catalogus (reference_bike_catalog.csv): 3 uitvoeringen, modeljaren 2012-2014; framemateriaal daar: onbekend 3. Familierij zonder nieuwprijs — de nieuwprijs verschilt per uitvoering en jaar, zie de catalogus.",,0,bike,BH,https://www.bikezona.com/bicicletas/bh-alvia/16506,
"\bBH\b.{0,20}\bCristal\b",BH Cristal,,"Modellijn uit de catalogus (merk + eerste woord van de modelnaam), alleen voor de herkenning; niet los nagezocht. Catalogus (reference_bike_catalog.csv): 6 uitvoeringen, modeljaren 2010-2013; framemateriaal daar: onbekend 4, carbon 2. Familierij zonder nieuwprijs — de nieuwprijs verschilt per uitvoering en jaar, zie de catalogus.",,0,bike,BH,https://www.bikezona.com/bicicletas/bh-cristal-7-7/13932,
"\bBH\b.{0,20}\bFusion\b",BH Fusion,,"Modellijn uit de catalogus (merk + eerste woord van de modelnaam), alleen voor de herkenning; niet los nagezocht. Catalogus (reference_bike_catalog.csv): 3 uitvoeringen, modeljaren 2017-2018; framemateriaal daar: carbon 3. Familierij zonder nieuwprijs — de nieuwprijs verschilt per uitvoering en jaar, zie de catalogus.",,0,bike,BH,https://www.bikezona.com/bicicletas/bh-fusion-105/31815,
"\bBH\b.{0,20}\bG[\s-]?4\b",BH G4,,"Modellijn uit de catalogus (merk + eerste woord van de modelnaam), alleen voor de herkenning; niet los nagezocht. Catalogus (reference_bike_catalog.csv): 2 uitvoeringen, modeljaren 2010-2010; framemateriaal daar: onbekend 2. Familierij zonder nieuwprijs — de nieuwprijs verschilt per uitvoering en jaar, zie de catalogus.",,0,bike,BH,https://www.bikezona.com/bicicletas/bh-g4-ud-8-8/9165,
"\bBH\b.{0,20}\bG[\s-]?5\b",BH G5,,"Modellijn uit de catalogus (merk + eerste woord van de modelnaam), alleen voor de herkenning; niet los nagezocht. Catalogus (reference_bike_catalog.csv): 15 uitvoeringen, modeljaren 2010-2012; framemateriaal daar: onbekend 15. Familierij zonder nieuwprijs — de nieuwprijs verschilt per uitvoering en jaar, zie de catalogus.",,0,bike,BH,https://www.bikezona.com/bicicletas/bh-g5-9-3/11180,
"\bBH\b.{0,20}\bG[\s-]?6\b",BH G6,,"Modellijn uit de catalogus (merk + eerste woord van de modelnaam), alleen voor de herkenning; niet los nagezocht. Catalogus (reference_bike_catalog.csv): 28 uitvoeringen, modeljaren 2013-2017; framemateriaal daar: onbekend 14, carbon 14. Familierij zonder nieuwprijs — de nieuwprijs verschilt per uitvoering en jaar, zie de catalogus.",,0,bike,BH,https://www.bikezona.com/bicicletas/bh-g6-pro-dura-ace-di2/27172,
"\bBH\b.{0,20}\bG[\s-]?7\b",BH G7,,"Modellijn uit de catalogus (merk + eerste woord van de modelnaam), alleen voor de herkenning; niet los nagezocht. Catalogus (reference_bike_catalog.csv): 13 uitvoeringen, modeljaren 2016-2018; framemateriaal daar: carbon 13. Familierij zonder nieuwprijs — de nieuwprijs verschilt per uitvoering en jaar, zie de catalogus.",,0,bike,BH,https://www.bikezona.com/bicicletas/bh-g7-disc-dura-ace-di2/31793,
"\bBH\b.{0,20}\bG[\s-]?8\b",BH G8,,"Modellijn uit de catalogus (merk + eerste woord van de modelnaam), alleen voor de herkenning; niet los nagezocht. Catalogus (reference_bike_catalog.csv): 4 uitvoeringen, modeljaren 2021-2021; framemateriaal daar: carbon 4. Familierij zonder nieuwprijs — de nieuwprijs verschilt per uitvoering en jaar, zie de catalogus.",,0,bike,BH,https://www.bikezona.com/bicicletas/bh-g8-disc-6-0/39877,
"\bBH\b.{0,20}\bPrisma\b",BH Prisma,,"Modellijn uit de catalogus (merk + eerste woord van de modelnaam), alleen voor de herkenning; niet los nagezocht. Catalogus (reference_bike_catalog.csv): 16 uitvoeringen, modeljaren 2012-2015; framemateriaal daar: onbekend 13, carbon 3. Familierij zonder nieuwprijs — de nieuwprijs verschilt per uitvoering en jaar, zie de catalogus.",,0,bike,BH,https://www.bikezona.com/bicicletas/bh-prisma-105/20699,
"\bBH\b.{0,20}\bQuartz\b",BH Quartz,,"Modellijn uit de catalogus (merk + eerste woord van de modelnaam), alleen voor de herkenning; niet los nagezocht. Catalogus (reference_bike_catalog.csv): 42 uitvoeringen, modeljaren 2014-2022; framemateriaal daar: carbon 39, aluminium 2, onbekend 1. Familierij zonder nieuwprijs — de nieuwprijs verschilt per uitvoering en jaar, zie de catalogus.",,0,bike,BH,https://www.bikezona.com/bicicletas/bh-quartz-1-0/41501,
"\bBH\b.{0,20}\bRC[\s-]?1\b",BH RC1,,"Modellijn uit de catalogus (merk + eerste woord van de modelnaam), alleen voor de herkenning; niet los nagezocht. Catalogus (reference_bike_catalog.csv): 4 uitvoeringen, modeljaren 2012-2012; framemateriaal daar: onbekend 4. Familierij zonder nieuwprijs — de nieuwprijs verschilt per uitvoering en jaar, zie de catalogus.",,0,bike,BH,https://www.bikezona.com/bicicletas/bh-rc1-8-6/11184,
"\bBH\b.{0,20}\bRS[\s-]?1\b",BH RS1,,"Modellijn uit de catalogus (merk + eerste woord van de modelnaam), alleen voor de herkenning; niet los nagezocht. Catalogus (reference_bike_catalog.csv): 10 uitvoeringen, modeljaren 2021-2022; framemateriaal daar: onbekend 10. Familierij zonder nieuwprijs — de nieuwprijs verschilt per uitvoering en jaar, zie de catalogus.",,0,bike,BH,https://www.bikezona.com/bicicletas/bh-rs1-3-0/41496,
"\bBH\b.{0,20}\bRX[\s-]?1\b",BH RX1,,"Modellijn uit de catalogus (merk + eerste woord van de modelnaam), alleen voor de herkenning; niet los nagezocht. Catalogus (reference_bike_catalog.csv): 2 uitvoeringen, modeljaren 2012-2012; framemateriaal daar: onbekend 2. Familierij zonder nieuwprijs — de nieuwprijs verschilt per uitvoering en jaar, zie de catalogus.",,0,bike,BH,https://www.bikezona.com/bicicletas/bh-rx1-105/11195,
"\bBH\b.{0,20}\bSL[\s-]?1\b",BH SL1,,"Modellijn uit de catalogus (merk + eerste woord van de modelnaam), alleen voor de herkenning; niet los nagezocht. Catalogus (reference_bike_catalog.csv): 3 uitvoeringen, modeljaren 2022-2022; framemateriaal daar: onbekend 2, carbon 1. Familierij zonder nieuwprijs — de nieuwprijs verschilt per uitvoering en jaar, zie de catalogus.",,0,bike,BH,https://www.bikezona.com/bicicletas/bh-sl1-2-0/41499,
"\bBH\b.{0,20}\bSpeedrom\b",BH Speedrom,,"Modellijn uit de catalogus (merk + eerste woord van de modelnaam), alleen voor de herkenning; niet los nagezocht. Catalogus (reference_bike_catalog.csv): 5 uitvoeringen, modeljaren 2010-2012; framemateriaal daar: onbekend 5. Familierij zonder nieuwprijs — de nieuwprijs verschilt per uitvoering en jaar, zie de catalogus.",,0,bike,BH,https://www.bikezona.com/bicicletas/bh-speedrom-7-0/11190,
"\bBH\b.{0,20}\bSphene\b",BH Sphene,,"Modellijn uit de catalogus (merk + eerste woord van de modelnaam), alleen voor de herkenning; niet los nagezocht. Catalogus (reference_bike_catalog.csv): 18 uitvoeringen, modeljaren 2014-2017; framemateriaal daar: aluminium 11, onbekend 6, carbon 1. Familierij zonder nieuwprijs — de nieuwprijs verschilt per uitvoering en jaar, zie de catalogus.",,0,bike,BH,https://www.bikezona.com/bicicletas/bh-sphene-claris/27287,
"\bBH\b.{0,20}\bUltra[\s-]?light\b",BH Ultralight,,"Modellijn uit de catalogus (merk + eerste woord van de modelnaam), alleen voor de herkenning; niet los nagezocht. Catalogus (reference_bike_catalog.csv): 52 uitvoeringen, modeljaren 2012-2022; framemateriaal daar: carbon 30, onbekend 22. Familierij zonder nieuwprijs — de nieuwprijs verschilt per uitvoering en jaar, zie de catalogus.",,0,bike,BH,https://www.bikezona.com/bicicletas/bh-ultralight-evo-8-0/41491,
"\bBH\b.{0,20}\bVolan\b",BH Volan,,"Modellijn uit de catalogus (merk + eerste woord van de modelnaam), alleen voor de herkenning; niet los nagezocht. Catalogus (reference_bike_catalog.csv): 2 uitvoeringen, modeljaren 2010-2010; framemateriaal daar: onbekend 2. Familierij zonder nieuwprijs — de nieuwprijs verschilt per uitvoering en jaar, zie de catalogus.",,0,bike,BH,https://www.bikezona.com/bicicletas/bh-volan-6-8/9170,
"\bBH\b.{0,20}\bZaphire\b",BH Zaphire,,"Modellijn uit de catalogus (merk + eerste woord van de modelnaam), alleen voor de herkenning; niet los nagezocht. Catalogus (reference_bike_catalog.csv): 6 uitvoeringen, modeljaren 2012-2013; framemateriaal daar: onbekend 6. Familierij zonder nieuwprijs — de nieuwprijs verschilt per uitvoering en jaar, zie de catalogus.",,0,bike,BH,https://www.bikezona.com/bicicletas/bh-zaphire-6-5/13928,
"\bBianchi\b.{0,20}\b928\b",Bianchi 928,,"Modellijn uit de catalogus (merk + eerste woord van de modelnaam), alleen voor de herkenning; niet los nagezocht. Catalogus (reference_bike_catalog.csv): 3 uitvoeringen, modeljaren 2010-2010; framemateriaal daar: carbon 3. Familierij zonder nieuwprijs — de nieuwprijs verschilt per uitvoering en jaar, zie de catalogus.",,0,bike,Bianchi,https://www.bikezona.com/bicicletas/bianchi-928-sl-iasp-dura-ace/9711,
"\bBianchi\b.{0,20}\bCavaria\b",Bianchi Cavaria,,"Modellijn uit de catalogus (merk + eerste woord van de modelnaam), alleen voor de herkenning; niet los nagezocht. Catalogus (reference_bike_catalog.csv): 1 uitvoering, modeljaren 2012-2012; framemateriaal daar: onbekend 1. Familierij zonder nieuwprijs — de nieuwprijs verschilt per uitvoering en jaar, zie de catalogus.",,0,bike,Bianchi,https://www.bikezona.com/bicicletas/bianchi-cavaria/12946,
"\bBianchi\b.{0,20}\bIntenso\b",Bianchi Intenso,,"Modellijn uit de catalogus (merk + eerste woord van de modelnaam), alleen voor de herkenning; niet los nagezocht. Catalogus (reference_bike_catalog.csv): 4 uitvoeringen, modeljaren 2014-2016; framemateriaal daar: carbon 4. Familierij zonder nieuwprijs — de nieuwprijs verschilt per uitvoering en jaar, zie de catalogus.",,0,bike,Bianchi,https://www.bikezona.com/bicicletas/bianchi-intenso-ultegra-11compact/26307,
"\bBianchi\b.{0,20}\bMpulso\b",Bianchi Mpulso,,"Modellijn uit de catalogus (merk + eerste woord van de modelnaam), alleen voor de herkenning; niet los nagezocht. Catalogus (reference_bike_catalog.csv): 1 uitvoering, modeljaren 2016-2016; framemateriaal daar: aluminium 1. Familierij zonder nieuwprijs — de nieuwprijs verschilt per uitvoering en jaar, zie de catalogus.",,0,bike,Bianchi,https://www.bikezona.com/bicicletas/bianchi-mpulso-dama-bianca-105-11sp-compact/26315,
"\bBianchi\b.{0,20}\bVigorelli\b",Bianchi Vigorelli,,"Modellijn uit de catalogus (merk + eerste woord van de modelnaam), alleen voor de herkenning; niet los nagezocht. Catalogus (reference_bike_catalog.csv): 1 uitvoering, modeljaren 2012-2012; framemateriaal daar: onbekend 1. Familierij zonder nieuwprijs — de nieuwprijs verschilt per uitvoering en jaar, zie de catalogus.",,0,bike,Bianchi,https://www.bikezona.com/bicicletas/bianchi-vigorelli/12944,
"\bBMC\b.{0,20}\bGF[\s-]?01\b",BMC GF01,,"Modellijn uit de catalogus (merk + eerste woord van de modelnaam), alleen voor de herkenning; niet los nagezocht. Catalogus (reference_bike_catalog.csv): 8 uitvoeringen, modeljaren 2013-2015; framemateriaal daar: carbon 8. Familierij zonder nieuwprijs — de nieuwprijs verschilt per uitvoering en jaar, zie de catalogus.",,0,bike,BMC,https://www.bikezona.com/bicicletas/bmc-gf01-disc-105/20988,
"\bBMC\b.{0,20}\bGF[\s-]?02\b",BMC GF02,,"Modellijn uit de catalogus (merk + eerste woord van de modelnaam), alleen voor de herkenning; niet los nagezocht. Catalogus (reference_bike_catalog.csv): 9 uitvoeringen, modeljaren 2013-2015; framemateriaal daar: aluminium 7, carbon 2. Familierij zonder nieuwprijs — de nieuwprijs verschilt per uitvoering en jaar, zie de catalogus.",,0,bike,BMC,https://www.bikezona.com/bicicletas/bmc-gf02-disc-105/20996,
"\bBMC\b.{0,20}\bGran[\s-]?fondo\b",BMC Granfondo,,"Modellijn uit de catalogus (merk + eerste woord van de modelnaam), alleen voor de herkenning; niet los nagezocht. Catalogus (reference_bike_catalog.csv): 23 uitvoeringen, modeljaren 2014-2017; framemateriaal daar: carbon 13, aluminium 7, onbekend 3. Familierij zonder nieuwprijs — de nieuwprijs verschilt per uitvoering en jaar, zie de catalogus.",,0,bike,BMC,https://www.bikezona.com/bicicletas/bmc-granfondo-gf02-105/30100,
"\bBMC\b.{0,20}\bImpec\b",BMC Impec,,"Modellijn uit de catalogus (merk + eerste woord van de modelnaam), alleen voor de herkenning; niet los nagezocht. Catalogus (reference_bike_catalog.csv): 9 uitvoeringen, modeljaren 2012-2014; framemateriaal daar: onbekend 5, carbon 4. Familierij zonder nieuwprijs — de nieuwprijs verschilt per uitvoering en jaar, zie de catalogus.",,0,bike,BMC,https://www.bikezona.com/bicicletas/bmc-impec-dura-ace/17888,
"\bBMC\b.{0,20}\bPure\b",BMC Pure,,"Modellijn uit de catalogus (merk + eerste woord van de modelnaam), alleen voor de herkenning; niet los nagezocht. Catalogus (reference_bike_catalog.csv): 4 uitvoeringen, modeljaren 2012-2012; framemateriaal daar: onbekend 4. Familierij zonder nieuwprijs — de nieuwprijs verschilt per uitvoering en jaar, zie de catalogus.",,0,bike,BMC,https://www.bikezona.com/bicicletas/bmc-pure-pro1-105/12314,
"\bBMC\b.{0,20}\bRace[\s-]?machine\b",BMC Racemachine,,"Modellijn uit de catalogus (merk + eerste woord van de modelnaam), alleen voor de herkenning; niet los nagezocht. Catalogus (reference_bike_catalog.csv): 3 uitvoeringen, modeljaren 2012-2012; framemateriaal daar: onbekend 3. Familierij zonder nieuwprijs — de nieuwprijs verschilt per uitvoering en jaar, zie de catalogus.",,0,bike,BMC,https://www.bikezona.com/bicicletas/bmc-racemachine-rm01-sram-red/12299,
"\bBMC\b.{0,20}\bRM[\s-]?01\b",BMC RM01,,"Modellijn uit de catalogus (merk + eerste woord van de modelnaam), alleen voor de herkenning; niet los nagezocht. Catalogus (reference_bike_catalog.csv): 4 uitvoeringen, modeljaren 2013-2013; framemateriaal daar: carbon 4. Familierij zonder nieuwprijs — de nieuwprijs verschilt per uitvoering en jaar, zie de catalogus.",,0,bike,BMC,https://www.bikezona.com/bicicletas/bmc-rm01-ultegra-compact/14843,
"\bBMC\b.{0,20}\bRoad[\s-]?racer\b",BMC Roadracer,,"Modellijn uit de catalogus (merk + eerste woord van de modelnaam), alleen voor de herkenning; niet los nagezocht. Catalogus (reference_bike_catalog.csv): 4 uitvoeringen, modeljaren 2012-2012; framemateriaal daar: onbekend 4. Familierij zonder nieuwprijs — de nieuwprijs verschilt per uitvoering en jaar, zie de catalogus.",,0,bike,BMC,https://www.bikezona.com/bicicletas/bmc-roadracer-sl01-105/12303,
"\bBMC\b.{0,20}\bSL[\s-]?01\b",BMC SL01,,"Modellijn uit de catalogus (merk + eerste woord van de modelnaam), alleen voor de herkenning; niet los nagezocht. Catalogus (reference_bike_catalog.csv): 4 uitvoeringen, modeljaren 2013-2013; framemateriaal daar: carbon 4. Familierij zonder nieuwprijs — de nieuwprijs verschilt per uitvoering en jaar, zie de catalogus.",,0,bike,BMC,https://www.bikezona.com/bicicletas/bmc-sl01-105-compact/14846,
"\bBMC\b.{0,20}\bSLR[\s-]?01\b",BMC SLR01,,"Modellijn uit de catalogus (merk + eerste woord van de modelnaam), alleen voor de herkenning; niet los nagezocht. Catalogus (reference_bike_catalog.csv): 10 uitvoeringen, modeljaren 2013-2015; framemateriaal daar: carbon 10. Familierij zonder nieuwprijs — de nieuwprijs verschilt per uitvoering en jaar, zie de catalogus.",,0,bike,BMC,https://www.bikezona.com/bicicletas/bmc-slr01-dura-ace/20972,
"\bBMC\b.{0,20}\bSLR[\s-]?02\b",BMC SLR02,,"Modellijn uit de catalogus (merk + eerste woord van de modelnaam), alleen voor de herkenning; niet los nagezocht. Catalogus (reference_bike_catalog.csv): 3 uitvoeringen, modeljaren 2015-2015; framemateriaal daar: carbon 3. Familierij zonder nieuwprijs — de nieuwprijs verschilt per uitvoering en jaar, zie de catalogus.",,0,bike,BMC,https://www.bikezona.com/bicicletas/bmc-slr02-105/20980,
"\bBMC\b.{0,20}\bSLR[\s-]?03\b",BMC SLR03,,"Modellijn uit de catalogus (merk + eerste woord van de modelnaam), alleen voor de herkenning; niet los nagezocht. Catalogus (reference_bike_catalog.csv): 2 uitvoeringen, modeljaren 2015-2015; framemateriaal daar: carbon 2. Familierij zonder nieuwprijs — de nieuwprijs verschilt per uitvoering en jaar, zie de catalogus.",,0,bike,BMC,https://www.bikezona.com/bicicletas/bmc-slr03-105/20981,
"\bBMC\b.{0,20}\bStreet[\s-]?racer\b",BMC Streetracer,,"Modellijn uit de catalogus (merk + eerste woord van de modelnaam), alleen voor de herkenning; niet los nagezocht. Catalogus (reference_bike_catalog.csv): 3 uitvoeringen, modeljaren 2012-2012; framemateriaal daar: onbekend 3. Familierij zonder nieuwprijs — de nieuwprijs verschilt per uitvoering en jaar, zie de catalogus.",,0,bike,BMC,https://www.bikezona.com/bicicletas/bmc-streetracer-sr01-105/12306,
"\bBMC\b.{0,20}\bTime[\s-]?machine\b",BMC Timemachine,,"Modellijn uit de catalogus (merk + eerste woord van de modelnaam), alleen voor de herkenning; niet los nagezocht. Catalogus (reference_bike_catalog.csv): 6 uitvoeringen, modeljaren 2016-2019; framemateriaal daar: carbon 6. Familierij zonder nieuwprijs — de nieuwprijs verschilt per uitvoering en jaar, zie de catalogus.",,0,bike,BMC,https://www.bikezona.com/bicicletas/bmc-timemachine-road-01-one/37041,
"\bBMC\b.{0,20}\bTrack[\s-]?machine\b",BMC Trackmachine,,"Modellijn uit de catalogus (merk + eerste woord van de modelnaam), alleen voor de herkenning; niet los nagezocht. Catalogus (reference_bike_catalog.csv): 4 uitvoeringen, modeljaren 2016-2019; framemateriaal daar: onbekend 2, carbon 1, aluminium 1. Familierij zonder nieuwprijs — de nieuwprijs verschilt per uitvoering en jaar, zie de catalogus.",,0,bike,BMC,https://www.bikezona.com/bicicletas/bmc-trackmachine-02/37049,
"\bB['’]?\s?twin\b.{0,20}\bAlur\b",Btwin Alur,,"Modellijn uit de catalogus (merk + eerste woord van de modelnaam), alleen voor de herkenning; niet los nagezocht. Catalogus (reference_bike_catalog.csv): 1 uitvoering, modeljaren 2014-2014; framemateriaal daar: aluminium 1. Familierij zonder nieuwprijs — de nieuwprijs verschilt per uitvoering en jaar, zie de catalogus.",,0,bike,Btwin,https://www.bikezona.com/bicicletas/btwin-velo-route-alur-700/18742,
"\bB['’]?\s?twin\b.{0,20}\bFacet\b",Btwin Facet,,"Modellijn uit de catalogus (merk + eerste woord van de modelnaam), alleen voor de herkenning; niet los nagezocht. Catalogus (reference_bike_catalog.csv): 1 uitvoering, modeljaren 2014-2014; framemateriaal daar: carbon 1. Familierij zonder nieuwprijs — de nieuwprijs verschilt per uitvoering en jaar, zie de catalogus.",,0,bike,Btwin,https://www.bikezona.com/bicicletas/btwin-facet-7/18745,
"\bCannondale\b.{0,20}\bSlice\b",Cannondale Slice,,"Modellijn uit de catalogus (merk + eerste woord van de modelnaam), alleen voor de herkenning; niet los nagezocht. Catalogus (reference_bike_catalog.csv): 3 uitvoeringen, modeljaren 2012-2012; framemateriaal daar: onbekend 3. Familierij zonder nieuwprijs — de nieuwprijs verschilt per uitvoering en jaar, zie de catalogus.",,0,bike,Cannondale,https://www.bikezona.com/bicicletas/cannondale-slice-4-force/10976,
"\bCannondale\b.{0,20}\bSuper[\s-]?X\b",Cannondale SuperX,,"Modellijn uit de catalogus (merk + eerste woord van de modelnaam), alleen voor de herkenning; niet los nagezocht. Catalogus (reference_bike_catalog.csv): 3 uitvoeringen, modeljaren 2012-2012; framemateriaal daar: onbekend 3. Familierij zonder nieuwprijs — de nieuwprijs verschilt per uitvoering en jaar, zie de catalogus.",,0,bike,Cannondale,https://www.bikezona.com/bicicletas/cannondale-superx-rival/10981,
"\bCerv[eé]lo\b.{0,20}\bR[\s-]?2\b",Cervélo R2,,"Modellijn uit de catalogus (merk + eerste woord van de modelnaam), alleen voor de herkenning; niet los nagezocht. Catalogus (reference_bike_catalog.csv): 1 uitvoering, modeljaren 2015-2015; framemateriaal daar: carbon 1. Familierij zonder nieuwprijs — de nieuwprijs verschilt per uitvoering en jaar, zie de catalogus.",,0,bike,Cervélo,https://www.bikezona.com/bicicletas/cervelo-r2/21710,
"\bCerv[eé]lo\b.{0,20}\bR[\s-]?3\b",Cervélo R3,,"Modellijn uit de catalogus (merk + eerste woord van de modelnaam), alleen voor de herkenning; niet los nagezocht. Catalogus (reference_bike_catalog.csv): 5 uitvoeringen, modeljaren 2014-2017; framemateriaal daar: carbon 3, onbekend 2. Familierij zonder nieuwprijs — de nieuwprijs verschilt per uitvoering en jaar, zie de catalogus.",,0,bike,Cervélo,https://www.bikezona.com/bicicletas/cervelo-r3-ultegra-di2/31432,
"\bCerv[eé]lo\b.{0,20}\bR[\s-]?5\b",Cervélo R5,,"Modellijn uit de catalogus (merk + eerste woord van de modelnaam), alleen voor de herkenning; niet los nagezocht. Catalogus (reference_bike_catalog.csv): 7 uitvoeringen, modeljaren 2012-2016; framemateriaal daar: carbon 4, onbekend 3. Familierij zonder nieuwprijs — de nieuwprijs verschilt per uitvoering en jaar, zie de catalogus.",,0,bike,Cervélo,https://www.bikezona.com/bicicletas/cervelo-r5-dura-ace/26411,
"\bCerv[eé]lo\b.{0,20}\bR[\s-]?5[\s-]?CA\b",Cervélo R5CA,,"Modellijn uit de catalogus (merk + eerste woord van de modelnaam), alleen voor de herkenning; niet los nagezocht. Catalogus (reference_bike_catalog.csv): 1 uitvoering, modeljaren 2012-2012; framemateriaal daar: onbekend 1. Familierij zonder nieuwprijs — de nieuwprijs verschilt per uitvoering en jaar, zie de catalogus.",,0,bike,Cervélo,https://www.bikezona.com/bicicletas/cervelo-r5ca/11590,
"\bCerv[eé]lo\b.{0,20}\bS[\s-]?2\b",Cervélo S2,,"Modellijn uit de catalogus (merk + eerste woord van de modelnaam), alleen voor de herkenning; niet los nagezocht. Catalogus (reference_bike_catalog.csv): 5 uitvoeringen, modeljaren 2012-2017; framemateriaal daar: carbon 3, onbekend 2. Familierij zonder nieuwprijs — de nieuwprijs verschilt per uitvoering en jaar, zie de catalogus.",,0,bike,Cervélo,https://www.bikezona.com/bicicletas/cervelo-s2-105/31436,
"\bCerv[eé]lo\b.{0,20}\bS[\s-]?3\b",Cervélo S3,,"Modellijn uit de catalogus (merk + eerste woord van de modelnaam), alleen voor de herkenning; niet los nagezocht. Catalogus (reference_bike_catalog.csv): 8 uitvoeringen, modeljaren 2014-2017; framemateriaal daar: carbon 6, onbekend 2. Familierij zonder nieuwprijs — de nieuwprijs verschilt per uitvoering en jaar, zie de catalogus.",,0,bike,Cervélo,https://www.bikezona.com/bicicletas/cervelo-s3-disc-etap/31439,
"\bCerv[eé]lo\b.{0,20}\bS[\s-]?5\b",Cervélo S5,,"Modellijn uit de catalogus (merk + eerste woord van de modelnaam), alleen voor de herkenning; niet los nagezocht. Catalogus (reference_bike_catalog.csv): 11 uitvoeringen, modeljaren 2012-2017; framemateriaal daar: carbon 8, onbekend 3. Familierij zonder nieuwprijs — de nieuwprijs verschilt per uitvoering en jaar, zie de catalogus.",,0,bike,Cervélo,https://www.bikezona.com/bicicletas/cervelo-s5-dura-ace/31433,
"\bColnago\b.{0,20}\bA[\s-]?1[\s-]?R\b",Colnago A1R,,"Modellijn uit de catalogus (merk + eerste woord van de modelnaam), alleen voor de herkenning; niet los nagezocht. Catalogus (reference_bike_catalog.csv): 1 uitvoering, modeljaren 2017-2017; framemateriaal daar: onbekend 1. Familierij zonder nieuwprijs — de nieuwprijs verschilt per uitvoering en jaar, zie de catalogus.",,0,bike,Colnago,https://www.bikezona.com/bicicletas/colnago-a1r-105/31185,
"\bColnago\b.{0,20}\bACE\b",Colnago ACE,,"Modellijn uit de catalogus (merk + eerste woord van de modelnaam), alleen voor de herkenning; niet los nagezocht. Catalogus (reference_bike_catalog.csv): 3 uitvoeringen, modeljaren 2010-2012; framemateriaal daar: carbon 2, onbekend 1. Familierij zonder nieuwprijs — de nieuwprijs verschilt per uitvoering en jaar, zie de catalogus.",,0,bike,Colnago,https://www.bikezona.com/bicicletas/colnago-ace/11830,
"\bColnago\b.{0,20}\bArte\b",Colnago Arte,,"Modellijn uit de catalogus (merk + eerste woord van de modelnaam), alleen voor de herkenning; niet los nagezocht. Catalogus (reference_bike_catalog.csv): 1 uitvoering, modeljaren 2010-2010; framemateriaal daar: carbon 1. Familierij zonder nieuwprijs — de nieuwprijs verschilt per uitvoering en jaar, zie de catalogus.",,0,bike,Colnago,https://www.bikezona.com/bicicletas/colnago-arte-2-0-105/9380,
"\bColnago\b.{0,20}\bC[\s-]?59\b",Colnago C59,,"Modellijn uit de catalogus (merk + eerste woord van de modelnaam), alleen voor de herkenning; niet los nagezocht. Catalogus (reference_bike_catalog.csv): 6 uitvoeringen, modeljaren 2011-2014; framemateriaal daar: carbon 4, onbekend 2. Familierij zonder nieuwprijs — de nieuwprijs verschilt per uitvoering en jaar, zie de catalogus.",,0,bike,Colnago,https://www.bikezona.com/bicicletas/colnago-c59/18901,
"\bColnago\b.{0,20}\bC[\s-]?60\b",Colnago C60,,"Modellijn uit de catalogus (merk + eerste woord van de modelnaam), alleen voor de herkenning; niet los nagezocht. Catalogus (reference_bike_catalog.csv): 1 uitvoering, modeljaren 2014-2014; framemateriaal daar: carbon 1. Familierij zonder nieuwprijs — de nieuwprijs verschilt per uitvoering en jaar, zie de catalogus.",,0,bike,Colnago,https://www.bikezona.com/bicicletas/colnago-c60/18906,
"\bColnago\b.{0,20}\bCF[\s-]?8\b",Colnago CF8,,"Modellijn uit de catalogus (merk + eerste woord van de modelnaam), alleen voor de herkenning; niet los nagezocht. Catalogus (reference_bike_catalog.csv): 1 uitvoering, modeljaren 2012-2012; framemateriaal daar: onbekend 1. Familierij zonder nieuwprijs — de nieuwprijs verschilt per uitvoering en jaar, zie de catalogus.",,0,bike,Colnago,https://www.bikezona.com/bicicletas/colnago-cf8/11825,
"\bColnago\b.{0,20}\bCLD\b",Colnago CLD,,"Modellijn uit de catalogus (merk + eerste woord van de modelnaam), alleen voor de herkenning; niet los nagezocht. Catalogus (reference_bike_catalog.csv): 2 uitvoeringen, modeljaren 2017-2017; framemateriaal daar: onbekend 2. Familierij zonder nieuwprijs — de nieuwprijs verschilt per uitvoering en jaar, zie de catalogus.",,0,bike,Colnago,https://www.bikezona.com/bicicletas/colnago-cld-105/31187,
"\bColnago\b.{0,20}\bCLX\b",Colnago CLX,,"Modellijn uit de catalogus (merk + eerste woord van de modelnaam), alleen voor de herkenning; niet los nagezocht. Catalogus (reference_bike_catalog.csv): 5 uitvoeringen, modeljaren 2010-2017; framemateriaal daar: carbon 3, onbekend 2. Familierij zonder nieuwprijs — de nieuwprijs verschilt per uitvoering en jaar, zie de catalogus.",,0,bike,Colnago,https://www.bikezona.com/bicicletas/colnago-clx-ultegra/31186,
"\bColnago\b.{0,20}\bCRS\b",Colnago CRS,,"Modellijn uit de catalogus (merk + eerste woord van de modelnaam), alleen voor de herkenning; niet los nagezocht. Catalogus (reference_bike_catalog.csv): 2 uitvoeringen, modeljaren 2017-2017; framemateriaal daar: onbekend 2. Familierij zonder nieuwprijs — de nieuwprijs verschilt per uitvoering en jaar, zie de catalogus.",,0,bike,Colnago,https://www.bikezona.com/bicicletas/colnago-crs-105/31183,
"\bColnago\b.{0,20}\bEPQ\b",Colnago EPQ,,"Modellijn uit de catalogus (merk + eerste woord van de modelnaam), alleen voor de herkenning; niet los nagezocht. Catalogus (reference_bike_catalog.csv): 1 uitvoering, modeljaren 2012-2012; framemateriaal daar: onbekend 1. Familierij zonder nieuwprijs — de nieuwprijs verschilt per uitvoering en jaar, zie de catalogus.",,0,bike,Colnago,https://www.bikezona.com/bicicletas/colnago-epq/11826,
"\bColnago\b.{0,20}\bEPS\b",Colnago EPS,,"Modellijn uit de catalogus (merk + eerste woord van de modelnaam), alleen voor de herkenning; niet los nagezocht. Catalogus (reference_bike_catalog.csv): 1 uitvoering, modeljaren 2011-2011; framemateriaal daar: carbon 1. Familierij zonder nieuwprijs — de nieuwprijs verschilt per uitvoering en jaar, zie de catalogus.",,0,bike,Colnago,https://www.bikezona.com/bicicletas/colnago-eps/10613,
"\bColnago\b.{0,20}\bFerrari\b",Colnago Ferrari,,"Modellijn uit de catalogus (merk + eerste woord van de modelnaam), alleen voor de herkenning; niet los nagezocht. Catalogus (reference_bike_catalog.csv): 2 uitvoeringen, modeljaren 2010-2010; framemateriaal daar: carbon 2. Familierij zonder nieuwprijs — de nieuwprijs verschilt per uitvoering en jaar, zie de catalogus.",,0,bike,Colnago,https://www.bikezona.com/bicicletas/colnago-ferrari-cf7/9384,
"\bColnago\b.{0,20}\bM[\s-]?10S?\b",Colnago M10,,"Modellijn uit de catalogus (merk + eerste woord van de modelnaam), alleen voor de herkenning; niet los nagezocht. Catalogus (reference_bike_catalog.csv): 3 uitvoeringen, modeljaren 2011-2014; framemateriaal daar: carbon 2, onbekend 1. Familierij zonder nieuwprijs — de nieuwprijs verschilt per uitvoering en jaar, zie de catalogus.",,0,bike,Colnago,https://www.bikezona.com/bicicletas/colnago-m10s/18905,
"\bColnago\b.{0,20}\bMaster\b",Colnago Master,,"Modellijn uit de catalogus (merk + eerste woord van de modelnaam), alleen voor de herkenning; niet los nagezocht. Catalogus (reference_bike_catalog.csv): 2 uitvoeringen, modeljaren 2010-2012; framemateriaal daar: onbekend 2. Familierij zonder nieuwprijs — de nieuwprijs verschilt per uitvoering en jaar, zie de catalogus.",,0,bike,Colnago,https://www.bikezona.com/bicicletas/colnago-master/11833,
"\bColnago\b.{0,20}\bMove\b",Colnago Move,,"Modellijn uit de catalogus (merk + eerste woord van de modelnaam), alleen voor de herkenning; niet los nagezocht. Catalogus (reference_bike_catalog.csv): 1 uitvoering, modeljaren 2012-2012; framemateriaal daar: onbekend 1. Familierij zonder nieuwprijs — de nieuwprijs verschilt per uitvoering en jaar, zie de catalogus.",,0,bike,Colnago,https://www.bikezona.com/bicicletas/colnago-move/11832,
"\bColnago\b.{0,20}\bPrestige\b",Colnago Prestige,,"Modellijn uit de catalogus (merk + eerste woord van de modelnaam), alleen voor de herkenning; niet los nagezocht. Catalogus (reference_bike_catalog.csv): 1 uitvoering, modeljaren 2012-2012; framemateriaal daar: onbekend 1. Familierij zonder nieuwprijs — de nieuwprijs verschilt per uitvoering en jaar, zie de catalogus.",,0,bike,Colnago,https://www.bikezona.com/bicicletas/colnago-prestige/11834,
"\bCube\b.{0,20}\bAerium\b",Cube Aerium,,"Modellijn uit de catalogus (merk + eerste woord van de modelnaam), alleen voor de herkenning; niet los nagezocht. Catalogus (reference_bike_catalog.csv): 5 uitvoeringen, modeljaren onbekend; framemateriaal daar: carbon 5. Familierij zonder nieuwprijs — de nieuwprijs verschilt per uitvoering en jaar, zie de catalogus.",,0,bike,Cube,https://www.cube.eu/nl-nl/cube-aerium-c-68x-pro-greenfusion-n-black/1138200,
"\bDe[\s-]?Rosa\b.{0,20}\b888\b",De Rosa 888,,"Modellijn uit de catalogus (merk + eerste woord van de modelnaam), alleen voor de herkenning; niet los nagezocht. Catalogus (reference_bike_catalog.csv): 6 uitvoeringen, modeljaren 2015-2015; framemateriaal daar: carbon 6. Familierij zonder nieuwprijs — de nieuwprijs verschilt per uitvoering en jaar, zie de catalogus.",,0,bike,De Rosa,https://www.bikezona.com/bicicletas/de-rosa-888-super-king-dura-ace/22231,
"\bDe[\s-]?Rosa\b.{0,20}\bCorum\b",De Rosa Corum,,"Modellijn uit de catalogus (merk + eerste woord van de modelnaam), alleen voor de herkenning; niet los nagezocht. Catalogus (reference_bike_catalog.csv): 1 uitvoering, modeljaren 2012-2012; framemateriaal daar: onbekend 1. Familierij zonder nieuwprijs — de nieuwprijs verschilt per uitvoering en jaar, zie de catalogus.",,0,bike,De Rosa,https://www.bikezona.com/bicicletas/de-rosa-corum-white/13046,
"\bDe[\s-]?Rosa\b.{0,20}\bIdol\b",De Rosa Idol,,"Modellijn uit de catalogus (merk + eerste woord van de modelnaam), alleen voor de herkenning; niet los nagezocht. Catalogus (reference_bike_catalog.csv): 17 uitvoeringen, modeljaren 2012-2017; framemateriaal daar: carbon 11, onbekend 6. Familierij zonder nieuwprijs — de nieuwprijs verschilt per uitvoering en jaar, zie de catalogus.",,0,bike,De Rosa,https://www.bikezona.com/bicicletas/de-rosa-idol-chorus/31155,
"\bDe[\s-]?Rosa\b.{0,20}\bKing\b",De Rosa King,,"Modellijn uit de catalogus (merk + eerste woord van de modelnaam), alleen voor de herkenning; niet los nagezocht. Catalogus (reference_bike_catalog.csv): 8 uitvoeringen, modeljaren 2012-2017; framemateriaal daar: onbekend 8. Familierij zonder nieuwprijs — de nieuwprijs verschilt per uitvoering en jaar, zie de catalogus.",,0,bike,De Rosa,https://www.bikezona.com/bicicletas/de-rosa-king-xs-chorus/31167,
"\bDe[\s-]?Rosa\b.{0,20}\bMerak\b",De Rosa Merak,,"Modellijn uit de catalogus (merk + eerste woord van de modelnaam), alleen voor de herkenning; niet los nagezocht. Catalogus (reference_bike_catalog.csv): 1 uitvoering, modeljaren 2012-2012; framemateriaal daar: onbekend 1. Familierij zonder nieuwprijs — de nieuwprijs verschilt per uitvoering en jaar, zie de catalogus.",,0,bike,De Rosa,https://www.bikezona.com/bicicletas/de-rosa-merak-evolution/13039,
"\bDe[\s-]?Rosa\b.{0,20}\bMilanino\b",De Rosa Milanino,,"Modellijn uit de catalogus (merk + eerste woord van de modelnaam), alleen voor de herkenning; niet los nagezocht. Catalogus (reference_bike_catalog.csv): 1 uitvoering, modeljaren 2015-2015; framemateriaal daar: aluminium 1. Familierij zonder nieuwprijs — de nieuwprijs verschilt per uitvoering en jaar, zie de catalogus.",,0,bike,De Rosa,https://www.bikezona.com/bicicletas/de-rosa-milanino-training-105/22213,
"\bDe[\s-]?Rosa\b.{0,20}\bPrimato\b",De Rosa Primato,,"Modellijn uit de catalogus (merk + eerste woord van de modelnaam), alleen voor de herkenning; niet los nagezocht. Catalogus (reference_bike_catalog.csv): 1 uitvoering, modeljaren 2012-2012; framemateriaal daar: onbekend 1. Familierij zonder nieuwprijs — de nieuwprijs verschilt per uitvoering en jaar, zie de catalogus.",,0,bike,De Rosa,https://www.bikezona.com/bicicletas/de-rosa-primato/13047,
"\bDe[\s-]?Rosa\b.{0,20}\bProtos\b",De Rosa Protos,,"Modellijn uit de catalogus (merk + eerste woord van de modelnaam), alleen voor de herkenning; niet los nagezocht. Catalogus (reference_bike_catalog.csv): 1 uitvoering, modeljaren 2014-2014; framemateriaal daar: carbon 1. Familierij zonder nieuwprijs — de nieuwprijs verschilt per uitvoering en jaar, zie de catalogus.",,0,bike,De Rosa,https://www.bikezona.com/bicicletas/de-rosa-protos/19362,
"\bDe[\s-]?Rosa\b.{0,20}\bR[\s-]?8[\s-]?38\b",De Rosa R838,,"Modellijn uit de catalogus (merk + eerste woord van de modelnaam), alleen voor de herkenning; niet los nagezocht. Catalogus (reference_bike_catalog.csv): 6 uitvoeringen, modeljaren 2012-2015; framemateriaal daar: carbon 4, onbekend 2. Familierij zonder nieuwprijs — de nieuwprijs verschilt per uitvoering en jaar, zie de catalogus.",,0,bike,De Rosa,https://www.bikezona.com/bicicletas/de-rosa-r838-105-5800/22204,
"\bDe[\s-]?Rosa\b.{0,20}\bR[\s-]?8[\s-]?48\b",De Rosa R848,,"Modellijn uit de catalogus (merk + eerste woord van de modelnaam), alleen voor de herkenning; niet los nagezocht. Catalogus (reference_bike_catalog.csv): 1 uitvoering, modeljaren 2014-2014; framemateriaal daar: carbon 1. Familierij zonder nieuwprijs — de nieuwprijs verschilt per uitvoering en jaar, zie de catalogus.",,0,bike,De Rosa,https://www.bikezona.com/bicicletas/de-rosa-r848/19346,
"\bDe[\s-]?Rosa\b.{0,20}\bRaga\b",De Rosa Raga,,"Modellijn uit de catalogus (merk + eerste woord van de modelnaam), alleen voor de herkenning; niet los nagezocht. Catalogus (reference_bike_catalog.csv): 1 uitvoering, modeljaren 2012-2012; framemateriaal daar: onbekend 1. Familierij zonder nieuwprijs — de nieuwprijs verschilt per uitvoering en jaar, zie de catalogus.",,0,bike,De Rosa,https://www.bikezona.com/bicicletas/de-rosa-raga/13052,
"\bDe[\s-]?Rosa\b.{0,20}\bScattofisso\b",De Rosa Scattofisso,,"Modellijn uit de catalogus (merk + eerste woord van de modelnaam), alleen voor de herkenning; niet los nagezocht. Catalogus (reference_bike_catalog.csv): 1 uitvoering, modeljaren 2012-2012; framemateriaal daar: onbekend 1. Familierij zonder nieuwprijs — de nieuwprijs verschilt per uitvoering en jaar, zie de catalogus.",,0,bike,De Rosa,https://www.bikezona.com/bicicletas/de-rosa-scattofisso-acciaio/13045,
"\bDe[\s-]?Rosa\b.{0,20}\bTitanio\b",De Rosa Titanio,,"Modellijn uit de catalogus (merk + eerste woord van de modelnaam), alleen voor de herkenning; niet los nagezocht. Catalogus (reference_bike_catalog.csv): 1 uitvoering, modeljaren 2012-2012; framemateriaal daar: onbekend 1. Familierij zonder nieuwprijs — de nieuwprijs verschilt per uitvoering en jaar, zie de catalogus.",,0,bike,De Rosa,https://www.bikezona.com/bicicletas/de-rosa-titanio-3-2-5-/13044,
"\bDe[\s-]?Rosa\b.{0,20}\bVega\b",De Rosa Vega,,"Modellijn uit de catalogus (merk + eerste woord van de modelnaam), alleen voor de herkenning; niet los nagezocht. Catalogus (reference_bike_catalog.csv): 2 uitvoeringen, modeljaren 2016-2016; framemateriaal daar: carbon 2. Familierij zonder nieuwprijs — de nieuwprijs verschilt per uitvoering en jaar, zie de catalogus.",,0,bike,De Rosa,https://www.bikezona.com/bicicletas/de-rosa-vega-ultegra-/25418,
"\bFelt\b.{0,20}\bAR[\s-]?1\b",Felt AR1,,"Modellijn uit de catalogus (merk + eerste woord van de modelnaam), alleen voor de herkenning; niet los nagezocht. Catalogus (reference_bike_catalog.csv): 1 uitvoering, modeljaren 2012-2012; framemateriaal daar: onbekend 1. Familierij zonder nieuwprijs — de nieuwprijs verschilt per uitvoering en jaar, zie de catalogus.",,0,bike,Felt,https://www.bikezona.com/bicicletas/felt-ar1/12726,
"\bFelt\b.{0,20}\bAR[\s-]?15\b",Felt AR15,,"Modellijn uit de catalogus (merk + eerste woord van de modelnaam), alleen voor de herkenning; niet los nagezocht. Catalogus (reference_bike_catalog.csv): 1 uitvoering, modeljaren 2015-2015; framemateriaal daar: aluminium 1. Familierij zonder nieuwprijs — de nieuwprijs verschilt per uitvoering en jaar, zie de catalogus.",,0,bike,Felt,https://www.bikezona.com/bicicletas/felt-ar15/21290,
"\bFelt\b.{0,20}\bAR[\s-]?2\b",Felt AR2,,"Modellijn uit de catalogus (merk + eerste woord van de modelnaam), alleen voor de herkenning; niet los nagezocht. Catalogus (reference_bike_catalog.csv): 3 uitvoeringen, modeljaren 2012-2016; framemateriaal daar: carbon 2, onbekend 1. Familierij zonder nieuwprijs — de nieuwprijs verschilt per uitvoering en jaar, zie de catalogus.",,0,bike,Felt,https://www.bikezona.com/bicicletas/felt-ar2/25165,
"\bFelt\b.{0,20}\bAR[\s-]?3\b",Felt AR3,,"Modellijn uit de catalogus (merk + eerste woord van de modelnaam), alleen voor de herkenning; niet los nagezocht. Catalogus (reference_bike_catalog.csv): 3 uitvoeringen, modeljaren 2012-2016; framemateriaal daar: carbon 2, onbekend 1. Familierij zonder nieuwprijs — de nieuwprijs verschilt per uitvoering en jaar, zie de catalogus.",,0,bike,Felt,https://www.bikezona.com/bicicletas/felt-ar3/25164,
"\bFelt\b.{0,20}\bAR[\s-]?4\b",Felt AR4,,"Modellijn uit de catalogus (merk + eerste woord van de modelnaam), alleen voor de herkenning; niet los nagezocht. Catalogus (reference_bike_catalog.csv): 1 uitvoering, modeljaren 2012-2012; framemateriaal daar: onbekend 1. Familierij zonder nieuwprijs — de nieuwprijs verschilt per uitvoering en jaar, zie de catalogus.",,0,bike,Felt,https://www.bikezona.com/bicicletas/felt-ar4/12729,
"\bFelt\b.{0,20}\bAR[\s-]?5\b",Felt AR5,,"Modellijn uit de catalogus (merk + eerste woord van de modelnaam), alleen voor de herkenning; niet los nagezocht. Catalogus (reference_bike_catalog.csv): 3 uitvoeringen, modeljaren 2012-2016; framemateriaal daar: carbon 2, onbekend 1. Familierij zonder nieuwprijs — de nieuwprijs verschilt per uitvoering en jaar, zie de catalogus.",,0,bike,Felt,https://www.bikezona.com/bicicletas/felt-ar5/25163,
"\bFelt\b.{0,20}\bAR[\s-]?6\b",Felt AR6,,"Modellijn uit de catalogus (merk + eerste woord van de modelnaam), alleen voor de herkenning; niet los nagezocht. Catalogus (reference_bike_catalog.csv): 1 uitvoering, modeljaren 2015-2015; framemateriaal daar: carbon 1. Familierij zonder nieuwprijs — de nieuwprijs verschilt per uitvoering en jaar, zie de catalogus.",,0,bike,Felt,https://www.bikezona.com/bicicletas/felt-ar6/21220,
"\bFelt\b.{0,20}\bF[\s-]?2\b",Felt F2,,"Modellijn uit de catalogus (merk + eerste woord van de modelnaam), alleen voor de herkenning; niet los nagezocht. Catalogus (reference_bike_catalog.csv): 2 uitvoeringen, modeljaren 2012-2015; framemateriaal daar: onbekend 1, carbon 1. Familierij zonder nieuwprijs — de nieuwprijs verschilt per uitvoering en jaar, zie de catalogus.",,0,bike,Felt,https://www.bikezona.com/bicicletas/felt-f2-di2/21344,
"\bFelt\b.{0,20}\bF[\s-]?24\b",Felt F24,,"Modellijn uit de catalogus (merk + eerste woord van de modelnaam), alleen voor de herkenning; niet los nagezocht. Catalogus (reference_bike_catalog.csv): 1 uitvoering, modeljaren 2015-2015; framemateriaal daar: aluminium 1. Familierij zonder nieuwprijs — de nieuwprijs verschilt per uitvoering en jaar, zie de catalogus.",,0,bike,Felt,https://www.bikezona.com/bicicletas/felt-f24/21243,
"\bFelt\b.{0,20}\bF[\s-]?2[\s-]?X\b",Felt F2X,,"Modellijn uit de catalogus (merk + eerste woord van de modelnaam), alleen voor de herkenning; niet los nagezocht. Catalogus (reference_bike_catalog.csv): 1 uitvoering, modeljaren 2012-2012; framemateriaal daar: onbekend 1. Familierij zonder nieuwprijs — de nieuwprijs verschilt per uitvoering en jaar, zie de catalogus.",,0,bike,Felt,https://www.bikezona.com/bicicletas/felt-f2x/12752,
"\bFelt\b.{0,20}\bF[\s-]?3\b",Felt F3,,"Modellijn uit de catalogus (merk + eerste woord van de modelnaam), alleen voor de herkenning; niet los nagezocht. Catalogus (reference_bike_catalog.csv): 1 uitvoering, modeljaren 2012-2012; framemateriaal daar: onbekend 1. Familierij zonder nieuwprijs — de nieuwprijs verschilt per uitvoering en jaar, zie de catalogus.",,0,bike,Felt,https://www.bikezona.com/bicicletas/felt-f3/12732,
"\bFelt\b.{0,20}\bF[\s-]?30[\s-]?X\b",Felt F30X,,"Modellijn uit de catalogus (merk + eerste woord van de modelnaam), alleen voor de herkenning; niet los nagezocht. Catalogus (reference_bike_catalog.csv): 1 uitvoering, modeljaren 2017-2017; framemateriaal daar: onbekend 1. Familierij zonder nieuwprijs — de nieuwprijs verschilt per uitvoering en jaar, zie de catalogus.",,0,bike,Felt,https://www.bikezona.com/bicicletas/felt-f30x/30391,
"\bFelt\b.{0,20}\bF[\s-]?3[\s-]?X\b",Felt F3X,,"Modellijn uit de catalogus (merk + eerste woord van de modelnaam), alleen voor de herkenning; niet los nagezocht. Catalogus (reference_bike_catalog.csv): 3 uitvoeringen, modeljaren 2012-2017; framemateriaal daar: carbon 2, onbekend 1. Familierij zonder nieuwprijs — de nieuwprijs verschilt per uitvoering en jaar, zie de catalogus.",,0,bike,Felt,https://www.bikezona.com/bicicletas/felt-f3x/30383,
"\bFelt\b.{0,20}\bF[\s-]?4\b",Felt F4,,"Modellijn uit de catalogus (merk + eerste woord van de modelnaam), alleen voor de herkenning; niet los nagezocht. Catalogus (reference_bike_catalog.csv): 3 uitvoeringen, modeljaren 2012-2016; framemateriaal daar: carbon 2, onbekend 1. Familierij zonder nieuwprijs — de nieuwprijs verschilt per uitvoering en jaar, zie de catalogus.",,0,bike,Felt,https://www.bikezona.com/bicicletas/felt-f4/25140,
"\bFelt\b.{0,20}\bF[\s-]?40[\s-]?X\b",Felt F40X,,"Modellijn uit de catalogus (merk + eerste woord van de modelnaam), alleen voor de herkenning; niet los nagezocht. Catalogus (reference_bike_catalog.csv): 1 uitvoering, modeljaren 2017-2017; framemateriaal daar: aluminium 1. Familierij zonder nieuwprijs — de nieuwprijs verschilt per uitvoering en jaar, zie de catalogus.",,0,bike,Felt,https://www.bikezona.com/bicicletas/felt-f40x/30390,
"\bFelt\b.{0,20}\bF[\s-]?4[\s-]?X\b",Felt F4X,,"Modellijn uit de catalogus (merk + eerste woord van de modelnaam), alleen voor de herkenning; niet los nagezocht. Catalogus (reference_bike_catalog.csv): 2 uitvoeringen, modeljaren 2012-2017; framemateriaal daar: onbekend 1, carbon 1. Familierij zonder nieuwprijs — de nieuwprijs verschilt per uitvoering en jaar, zie de catalogus.",,0,bike,Felt,https://www.bikezona.com/bicicletas/felt-f4x/30400,
"\bFelt\b.{0,20}\bF[\s-]?5\b",Felt F5,,"Modellijn uit de catalogus (merk + eerste woord van de modelnaam), alleen voor de herkenning; niet los nagezocht. Catalogus (reference_bike_catalog.csv): 3 uitvoeringen, modeljaren 2012-2016; framemateriaal daar: carbon 2, onbekend 1. Familierij zonder nieuwprijs — de nieuwprijs verschilt per uitvoering en jaar, zie de catalogus.",,0,bike,Felt,https://www.bikezona.com/bicicletas/felt-f5/25141,
"\bFelt\b.{0,20}\bF[\s-]?55\b",Felt F55,,"Modellijn uit de catalogus (merk + eerste woord van de modelnaam), alleen voor de herkenning; niet los nagezocht. Catalogus (reference_bike_catalog.csv): 1 uitvoering, modeljaren 2012-2012; framemateriaal daar: onbekend 1. Familierij zonder nieuwprijs — de nieuwprijs verschilt per uitvoering en jaar, zie de catalogus.",,0,bike,Felt,https://www.bikezona.com/bicicletas/felt-f55/12736,
"\bFelt\b.{0,20}\bF[\s-]?55[\s-]?X\b",Felt F55X,,"Modellijn uit de catalogus (merk + eerste woord van de modelnaam), alleen voor de herkenning; niet los nagezocht. Catalogus (reference_bike_catalog.csv): 1 uitvoering, modeljaren 2012-2012; framemateriaal daar: onbekend 1. Familierij zonder nieuwprijs — de nieuwprijs verschilt per uitvoering en jaar, zie de catalogus.",,0,bike,Felt,https://www.bikezona.com/bicicletas/felt-f55x/12755,
"\bFelt\b.{0,20}\bF[\s-]?6\b",Felt F6,,"Modellijn uit de catalogus (merk + eerste woord van de modelnaam), alleen voor de herkenning; niet los nagezocht. Catalogus (reference_bike_catalog.csv): 2 uitvoeringen, modeljaren 2012-2015; framemateriaal daar: onbekend 1, carbon 1. Familierij zonder nieuwprijs — de nieuwprijs verschilt per uitvoering en jaar, zie de catalogus.",,0,bike,Felt,https://www.bikezona.com/bicicletas/felt-f6/21232,
"\bFelt\b.{0,20}\bF[\s-]?7\b",Felt F7,,"Modellijn uit de catalogus (merk + eerste woord van de modelnaam), alleen voor de herkenning; niet los nagezocht. Catalogus (reference_bike_catalog.csv): 1 uitvoering, modeljaren 2015-2015; framemateriaal daar: carbon 1. Familierij zonder nieuwprijs — de nieuwprijs verschilt per uitvoering en jaar, zie de catalogus.",,0,bike,Felt,https://www.bikezona.com/bicicletas/felt-f7/21233,
"\bFelt\b.{0,20}\bF[\s-]?75\b",Felt F75,,"Modellijn uit de catalogus (merk + eerste woord van de modelnaam), alleen voor de herkenning; niet los nagezocht. Catalogus (reference_bike_catalog.csv): 3 uitvoeringen, modeljaren 2012-2016; framemateriaal daar: aluminium 2, onbekend 1. Familierij zonder nieuwprijs — de nieuwprijs verschilt per uitvoering en jaar, zie de catalogus.",,0,bike,Felt,https://www.bikezona.com/bicicletas/felt-f75/25149,
"\bFelt\b.{0,20}\bF[\s-]?75[\s-]?X\b",Felt F75X,,"Modellijn uit de catalogus (merk + eerste woord van de modelnaam), alleen voor de herkenning; niet los nagezocht. Catalogus (reference_bike_catalog.csv): 1 uitvoering, modeljaren 2012-2012; framemateriaal daar: onbekend 1. Familierij zonder nieuwprijs — de nieuwprijs verschilt per uitvoering en jaar, zie de catalogus.",,0,bike,Felt,https://www.bikezona.com/bicicletas/felt-f75x/12756,
"\bFelt\b.{0,20}\bF[\s-]?85\b",Felt F85,,"Modellijn uit de catalogus (merk + eerste woord van de modelnaam), alleen voor de herkenning; niet los nagezocht. Catalogus (reference_bike_catalog.csv): 2 uitvoeringen, modeljaren 2012-2015; framemateriaal daar: onbekend 1, aluminium 1. Familierij zonder nieuwprijs — de nieuwprijs verschilt per uitvoering en jaar, zie de catalogus.",,0,bike,Felt,https://www.bikezona.com/bicicletas/felt-f85/21229,
"\bFelt\b.{0,20}\bF[\s-]?95\b",Felt F95,,"Modellijn uit de catalogus (merk + eerste woord van de modelnaam), alleen voor de herkenning; niet los nagezocht. Catalogus (reference_bike_catalog.csv): 3 uitvoeringen, modeljaren 2012-2016; framemateriaal daar: aluminium 2, onbekend 1. Familierij zonder nieuwprijs — de nieuwprijs verschilt per uitvoering en jaar, zie de catalogus.",,0,bike,Felt,https://www.bikezona.com/bicicletas/felt-f95/25155,
"\bFelt\b.{0,20}\bFR[\s-]?40\b",Felt FR40,,"Modellijn uit de catalogus (merk + eerste woord van de modelnaam), alleen voor de herkenning; niet los nagezocht. Catalogus (reference_bike_catalog.csv): 1 uitvoering, modeljaren 2017-2017; framemateriaal daar: aluminium 1. Familierij zonder nieuwprijs — de nieuwprijs verschilt per uitvoering en jaar, zie de catalogus.",,0,bike,Felt,https://www.bikezona.com/bicicletas/felt-fr40/30378,
"\bFelt\b.{0,20}\bFR[\s-]?40[\s-]?W\b",Felt FR40W,,"Modellijn uit de catalogus (merk + eerste woord van de modelnaam), alleen voor de herkenning; niet los nagezocht. Catalogus (reference_bike_catalog.csv): 1 uitvoering, modeljaren 2017-2017; framemateriaal daar: carbon 1. Familierij zonder nieuwprijs — de nieuwprijs verschilt per uitvoering en jaar, zie de catalogus.",,0,bike,Felt,https://www.bikezona.com/bicicletas/felt-fr40w/30393,
"\bFelt\b.{0,20}\bFR[\s-]?50\b",Felt FR50,,"Modellijn uit de catalogus (merk + eerste woord van de modelnaam), alleen voor de herkenning; niet los nagezocht. Catalogus (reference_bike_catalog.csv): 1 uitvoering, modeljaren 2017-2017; framemateriaal daar: aluminium 1. Familierij zonder nieuwprijs — de nieuwprijs verschilt per uitvoering en jaar, zie de catalogus.",,0,bike,Felt,https://www.bikezona.com/bicicletas/felt-fr50/30386,
"\bFelt\b.{0,20}\bQX[\s-]?65\b",Felt QX65,,"Modellijn uit de catalogus (merk + eerste woord van de modelnaam), alleen voor de herkenning; niet los nagezocht. Catalogus (reference_bike_catalog.csv): 1 uitvoering, modeljaren 2016-2016; framemateriaal daar: aluminium 1. Familierij zonder nieuwprijs — de nieuwprijs verschilt per uitvoering en jaar, zie de catalogus.",,0,bike,Felt,https://www.bikezona.com/bicicletas/felt-qx65-men/25193,
"\bFelt\b.{0,20}\bTK[\s-]?2\b",Felt TK2,,"Modellijn uit de catalogus (merk + eerste woord van de modelnaam), alleen voor de herkenning; niet los nagezocht. Catalogus (reference_bike_catalog.csv): 2 uitvoeringen, modeljaren 2015-2016; framemateriaal daar: aluminium 2. Familierij zonder nieuwprijs — de nieuwprijs verschilt per uitvoering en jaar, zie de catalogus.",,0,bike,Felt,https://www.bikezona.com/bicicletas/felt-tk2/25110,
"\bFelt\b.{0,20}\bTK[\s-]?3\b",Felt TK3,,"Modellijn uit de catalogus (merk + eerste woord van de modelnaam), alleen voor de herkenning; niet los nagezocht. Catalogus (reference_bike_catalog.csv): 2 uitvoeringen, modeljaren 2015-2016; framemateriaal daar: aluminium 2. Familierij zonder nieuwprijs — de nieuwprijs verschilt per uitvoering en jaar, zie de catalogus.",,0,bike,Felt,https://www.bikezona.com/bicicletas/felt-tk3/25108,
"\bFelt\b.{0,20}\bV[\s-]?55\b",Felt V55,,"Modellijn uit de catalogus (merk + eerste woord van de modelnaam), alleen voor de herkenning; niet los nagezocht. Catalogus (reference_bike_catalog.csv): 1 uitvoering, modeljaren 2016-2016; framemateriaal daar: aluminium 1. Familierij zonder nieuwprijs — de nieuwprijs verschilt per uitvoering en jaar, zie de catalogus.",,0,bike,Felt,https://www.bikezona.com/bicicletas/felt-v55/25142,
"\bFelt\b.{0,20}\bV[\s-]?85\b",Felt V85,,"Modellijn uit de catalogus (merk + eerste woord van de modelnaam), alleen voor de herkenning; niet los nagezocht. Catalogus (reference_bike_catalog.csv): 1 uitvoering, modeljaren 2016-2016; framemateriaal daar: aluminium 1. Familierij zonder nieuwprijs — de nieuwprijs verschilt per uitvoering en jaar, zie de catalogus.",,0,bike,Felt,https://www.bikezona.com/bicicletas/felt-v85/25162,
"\bFelt\b.{0,20}\bVR[\s-]?2\b",Felt VR2,,"Modellijn uit de catalogus (merk + eerste woord van de modelnaam), alleen voor de herkenning; niet los nagezocht. Catalogus (reference_bike_catalog.csv): 1 uitvoering, modeljaren 2017-2017; framemateriaal daar: carbon 1. Familierij zonder nieuwprijs — de nieuwprijs verschilt per uitvoering en jaar, zie de catalogus.",,0,bike,Felt,https://www.bikezona.com/bicicletas/felt-vr2/30395,
"\bFelt\b.{0,20}\bVR[\s-]?3\b",Felt VR3,,"Modellijn uit de catalogus (merk + eerste woord van de modelnaam), alleen voor de herkenning; niet los nagezocht. Catalogus (reference_bike_catalog.csv): 1 uitvoering, modeljaren 2017-2017; framemateriaal daar: carbon 1. Familierij zonder nieuwprijs — de nieuwprijs verschilt per uitvoering en jaar, zie de catalogus.",,0,bike,Felt,https://www.bikezona.com/bicicletas/felt-vr3/30402,
"\bFelt\b.{0,20}\bVR[\s-]?30\b",Felt VR30,,"Modellijn uit de catalogus (merk + eerste woord van de modelnaam), alleen voor de herkenning; niet los nagezocht. Catalogus (reference_bike_catalog.csv): 1 uitvoering, modeljaren 2017-2017; framemateriaal daar: onbekend 1. Familierij zonder nieuwprijs — de nieuwprijs verschilt per uitvoering en jaar, zie de catalogus.",,0,bike,Felt,https://www.bikezona.com/bicicletas/felt-vr30/30396,
"\bFelt\b.{0,20}\bVR[\s-]?3[\s-]?W\b",Felt VR3W,,"Modellijn uit de catalogus (merk + eerste woord van de modelnaam), alleen voor de herkenning; niet los nagezocht. Catalogus (reference_bike_catalog.csv): 1 uitvoering, modeljaren 2017-2017; framemateriaal daar: carbon 1. Familierij zonder nieuwprijs — de nieuwprijs verschilt per uitvoering en jaar, zie de catalogus.",,0,bike,Felt,https://www.bikezona.com/bicicletas/felt-vr3w/30401,
"\bFelt\b.{0,20}\bVR[\s-]?40\b",Felt VR40,,"Modellijn uit de catalogus (merk + eerste woord van de modelnaam), alleen voor de herkenning; niet los nagezocht. Catalogus (reference_bike_catalog.csv): 1 uitvoering, modeljaren 2017-2017; framemateriaal daar: onbekend 1. Familierij zonder nieuwprijs — de nieuwprijs verschilt per uitvoering en jaar, zie de catalogus.",,0,bike,Felt,https://www.bikezona.com/bicicletas/felt-vr40/30397,
"\bFelt\b.{0,20}\bVR[\s-]?40[\s-]?W\b",Felt VR40W,,"Modellijn uit de catalogus (merk + eerste woord van de modelnaam), alleen voor de herkenning; niet los nagezocht. Catalogus (reference_bike_catalog.csv): 1 uitvoering, modeljaren 2017-2017; framemateriaal daar: onbekend 1. Familierij zonder nieuwprijs — de nieuwprijs verschilt per uitvoering en jaar, zie de catalogus.",,0,bike,Felt,https://www.bikezona.com/bicicletas/felt-vr40w/30394,
"\bFelt\b.{0,20}\bVR[\s-]?50[\s-]?W\b",Felt VR50W,,"Modellijn uit de catalogus (merk + eerste woord van de modelnaam), alleen voor de herkenning; niet los nagezocht. Catalogus (reference_bike_catalog.csv): 1 uitvoering, modeljaren 2017-2017; framemateriaal daar: onbekend 1. Familierij zonder nieuwprijs — de nieuwprijs verschilt per uitvoering en jaar, zie de catalogus.",,0,bike,Felt,https://www.bikezona.com/bicicletas/felt-vr50w/30392,
"\bFelt\b.{0,20}\bVR[\s-]?6\b",Felt VR6,,"Modellijn uit de catalogus (merk + eerste woord van de modelnaam), alleen voor de herkenning; niet los nagezocht. Catalogus (reference_bike_catalog.csv): 1 uitvoering, modeljaren 2017-2017; framemateriaal daar: carbon 1. Familierij zonder nieuwprijs — de nieuwprijs verschilt per uitvoering en jaar, zie de catalogus.",,0,bike,Felt,https://www.bikezona.com/bicicletas/felt-vr6/30379,
"\bFelt\b.{0,20}\bVR[\s-]?6[\s-]?W\b",Felt VR6W,,"Modellijn uit de catalogus (merk + eerste woord van de modelnaam), alleen voor de herkenning; niet los nagezocht. Catalogus (reference_bike_catalog.csv): 1 uitvoering, modeljaren 2017-2017; framemateriaal daar: carbon 1. Familierij zonder nieuwprijs — de nieuwprijs verschilt per uitvoering en jaar, zie de catalogus.",,0,bike,Felt,https://www.bikezona.com/bicicletas/felt-vr6w/30398,
"\bFelt\b.{0,20}\bZ[\s-]?100\b",Felt Z100,,"Modellijn uit de catalogus (merk + eerste woord van de modelnaam), alleen voor de herkenning; niet los nagezocht. Catalogus (reference_bike_catalog.csv): 2 uitvoeringen, modeljaren 2015-2016; framemateriaal daar: aluminium 2. Familierij zonder nieuwprijs — de nieuwprijs verschilt per uitvoering en jaar, zie de catalogus.",,0,bike,Felt,https://www.bikezona.com/bicicletas/felt-z100/25146,
"\bFelt\b.{0,20}\bZ[\s-]?2\b",Felt Z2,,"Modellijn uit de catalogus (merk + eerste woord van de modelnaam), alleen voor de herkenning; niet los nagezocht. Catalogus (reference_bike_catalog.csv): 2 uitvoeringen, modeljaren 2014-2015; framemateriaal daar: carbon 2. Familierij zonder nieuwprijs — de nieuwprijs verschilt per uitvoering en jaar, zie de catalogus.",,0,bike,Felt,https://www.bikezona.com/bicicletas/felt-z2-di2-disk/21342,
"\bFelt\b.{0,20}\bZ[\s-]?3\b",Felt Z3,,"Modellijn uit de catalogus (merk + eerste woord van de modelnaam), alleen voor de herkenning; niet los nagezocht. Catalogus (reference_bike_catalog.csv): 2 uitvoeringen, modeljaren 2016-2016; framemateriaal daar: carbon 2. Familierij zonder nieuwprijs — de nieuwprijs verschilt per uitvoering en jaar, zie de catalogus.",,0,bike,Felt,https://www.bikezona.com/bicicletas/felt-z3/25144,
"\bFelt\b.{0,20}\bZ[\s-]?4\b",Felt Z4,,"Modellijn uit de catalogus (merk + eerste woord van de modelnaam), alleen voor de herkenning; niet los nagezocht. Catalogus (reference_bike_catalog.csv): 2 uitvoeringen, modeljaren 2012-2015; framemateriaal daar: onbekend 1, carbon 1. Familierij zonder nieuwprijs — de nieuwprijs verschilt per uitvoering en jaar, zie de catalogus.",,0,bike,Felt,https://www.bikezona.com/bicicletas/felt-z4-disc/21295,
"\bFelt\b.{0,20}\bZ[\s-]?5\b",Felt Z5,,"Modellijn uit de catalogus (merk + eerste woord van de modelnaam), alleen voor de herkenning; niet los nagezocht. Catalogus (reference_bike_catalog.csv): 3 uitvoeringen, modeljaren 2012-2016; framemateriaal daar: carbon 2, onbekend 1. Familierij zonder nieuwprijs — de nieuwprijs verschilt per uitvoering en jaar, zie de catalogus.",,0,bike,Felt,https://www.bikezona.com/bicicletas/felt-z5/25137,
"\bFelt\b.{0,20}\bZ[\s-]?6\b",Felt Z6,,"Modellijn uit de catalogus (merk + eerste woord van de modelnaam), alleen voor de herkenning; niet los nagezocht. Catalogus (reference_bike_catalog.csv): 2 uitvoeringen, modeljaren 2015-2016; framemateriaal daar: carbon 1, aluminium 1. Familierij zonder nieuwprijs — de nieuwprijs verschilt per uitvoering en jaar, zie de catalogus.",,0,bike,Felt,https://www.bikezona.com/bicicletas/felt-z6-disc/25150,
"\bFelt\b.{0,20}\bZ[\s-]?7\b",Felt Z7,,"Modellijn uit de catalogus (merk + eerste woord van de modelnaam), alleen voor de herkenning; niet los nagezocht. Catalogus (reference_bike_catalog.csv): 1 uitvoering, modeljaren 2015-2015; framemateriaal daar: carbon 1. Familierij zonder nieuwprijs — de nieuwprijs verschilt per uitvoering en jaar, zie de catalogus.",,0,bike,Felt,https://www.bikezona.com/bicicletas/felt-z7/21259,
"\bFelt\b.{0,20}\bZ[\s-]?75\b",Felt Z75,,"Modellijn uit de catalogus (merk + eerste woord van de modelnaam), alleen voor de herkenning; niet los nagezocht. Catalogus (reference_bike_catalog.csv): 3 uitvoeringen, modeljaren 2012-2016; framemateriaal daar: aluminium 2, onbekend 1. Familierij zonder nieuwprijs — de nieuwprijs verschilt per uitvoering en jaar, zie de catalogus.",,0,bike,Felt,https://www.bikezona.com/bicicletas/felt-z75-disc/25147,
"\bFelt\b.{0,20}\bZ[\s-]?85\b",Felt Z85,,"Modellijn uit de catalogus (merk + eerste woord van de modelnaam), alleen voor de herkenning; niet los nagezocht. Catalogus (reference_bike_catalog.csv): 3 uitvoeringen, modeljaren 2012-2016; framemateriaal daar: aluminium 2, onbekend 1. Familierij zonder nieuwprijs — de nieuwprijs verschilt per uitvoering en jaar, zie de catalogus.",,0,bike,Felt,https://www.bikezona.com/bicicletas/felt-z85/25151,
"\bFelt\b.{0,20}\bZ[\s-]?95\b",Felt Z95,,"Modellijn uit de catalogus (merk + eerste woord van de modelnaam), alleen voor de herkenning; niet los nagezocht. Catalogus (reference_bike_catalog.csv): 2 uitvoeringen, modeljaren 2016-2016; framemateriaal daar: aluminium 2. Familierij zonder nieuwprijs — de nieuwprijs verschilt per uitvoering en jaar, zie de catalogus.",,0,bike,Felt,https://www.bikezona.com/bicicletas/felt-z95/25148,
"\bFelt\b.{0,20}\bZW[\s-]?100\b",Felt ZW100,,"Modellijn uit de catalogus (merk + eerste woord van de modelnaam), alleen voor de herkenning; niet los nagezocht. Catalogus (reference_bike_catalog.csv): 2 uitvoeringen, modeljaren 2015-2016; framemateriaal daar: aluminium 2. Familierij zonder nieuwprijs — de nieuwprijs verschilt per uitvoering en jaar, zie de catalogus.",,0,bike,Felt,https://www.bikezona.com/bicicletas/felt-zw100/25159,
"\bFelt\b.{0,20}\bZW[\s-]?3\b",Felt ZW3,,"Modellijn uit de catalogus (merk + eerste woord van de modelnaam), alleen voor de herkenning; niet los nagezocht. Catalogus (reference_bike_catalog.csv): 2 uitvoeringen, modeljaren 2012-2016; framemateriaal daar: onbekend 1, carbon 1. Familierij zonder nieuwprijs — de nieuwprijs verschilt per uitvoering en jaar, zie de catalogus.",,0,bike,Felt,https://www.bikezona.com/bicicletas/felt-zw3-disc/25138,
"\bFelt\b.{0,20}\bZW[\s-]?4\b",Felt ZW4,,"Modellijn uit de catalogus (merk + eerste woord van de modelnaam), alleen voor de herkenning; niet los nagezocht. Catalogus (reference_bike_catalog.csv): 2 uitvoeringen, modeljaren 2012-2016; framemateriaal daar: onbekend 1, carbon 1. Familierij zonder nieuwprijs — de nieuwprijs verschilt per uitvoering en jaar, zie de catalogus.",,0,bike,Felt,https://www.bikezona.com/bicicletas/felt-zw4-disc/25156,
"\bFelt\b.{0,20}\bZW[\s-]?5\b",Felt ZW5,,"Modellijn uit de catalogus (merk + eerste woord van de modelnaam), alleen voor de herkenning; niet los nagezocht. Catalogus (reference_bike_catalog.csv): 3 uitvoeringen, modeljaren 2012-2016; framemateriaal daar: carbon 2, onbekend 1. Familierij zonder nieuwprijs — de nieuwprijs verschilt per uitvoering en jaar, zie de catalogus.",,0,bike,Felt,https://www.bikezona.com/bicicletas/felt-zw5/25157,
"\bFelt\b.{0,20}\bZW[\s-]?6\b",Felt ZW6,,"Modellijn uit de catalogus (merk + eerste woord van de modelnaam), alleen voor de herkenning; niet los nagezocht. Catalogus (reference_bike_catalog.csv): 2 uitvoeringen, modeljaren 2012-2016; framemateriaal daar: onbekend 1, carbon 1. Familierij zonder nieuwprijs — de nieuwprijs verschilt per uitvoering en jaar, zie de catalogus.",,0,bike,Felt,https://www.bikezona.com/bicicletas/felt-zw6-disc/25152,
"\bFelt\b.{0,20}\bZW[\s-]?7\b",Felt ZW7,,"Modellijn uit de catalogus (merk + eerste woord van de modelnaam), alleen voor de herkenning; niet los nagezocht. Catalogus (reference_bike_catalog.csv): 1 uitvoering, modeljaren 2016-2016; framemateriaal daar: carbon 1. Familierij zonder nieuwprijs — de nieuwprijs verschilt per uitvoering en jaar, zie de catalogus.",,0,bike,Felt,https://www.bikezona.com/bicicletas/felt-zw7/25161,
"\bFelt\b.{0,20}\bZW[\s-]?75\b",Felt ZW75,,"Modellijn uit de catalogus (merk + eerste woord van de modelnaam), alleen voor de herkenning; niet los nagezocht. Catalogus (reference_bike_catalog.csv): 1 uitvoering, modeljaren 2012-2012; framemateriaal daar: onbekend 1. Familierij zonder nieuwprijs — de nieuwprijs verschilt per uitvoering en jaar, zie de catalogus.",,0,bike,Felt,https://www.bikezona.com/bicicletas/felt-zw75/12749,
"\bFelt\b.{0,20}\bZW[\s-]?85\b",Felt ZW85,,"Modellijn uit de catalogus (merk + eerste woord van de modelnaam), alleen voor de herkenning; niet los nagezocht. Catalogus (reference_bike_catalog.csv): 2 uitvoeringen, modeljaren 2015-2016; framemateriaal daar: aluminium 2. Familierij zonder nieuwprijs — de nieuwprijs verschilt per uitvoering en jaar, zie de catalogus.",,0,bike,Felt,https://www.bikezona.com/bicicletas/felt-zw85/25160,
"\bFelt\b.{0,20}\bZW[\s-]?95\b",Felt ZW95,,"Modellijn uit de catalogus (merk + eerste woord van de modelnaam), alleen voor de herkenning; niet los nagezocht. Catalogus (reference_bike_catalog.csv): 2 uitvoeringen, modeljaren 2012-2016; framemateriaal daar: onbekend 1, aluminium 1. Familierij zonder nieuwprijs — de nieuwprijs verschilt per uitvoering en jaar, zie de catalogus.",,0,bike,Felt,https://www.bikezona.com/bicicletas/felt-zw95/25139,
"\bFocus\b.{0,20}\bArriba\b",Focus Arriba,,"Modellijn uit de catalogus (merk + eerste woord van de modelnaam), alleen voor de herkenning; niet los nagezocht. Catalogus (reference_bike_catalog.csv): 4 uitvoeringen, modeljaren 2015-2015; framemateriaal daar: aluminium 4. Familierij zonder nieuwprijs — de nieuwprijs verschilt per uitvoering en jaar, zie de catalogus.",,0,bike,Focus,https://www.bikezona.com/bicicletas/focus-arriba-1-0/21421,
"\bFocus\b.{0,20}\bParalane\b",Focus Paralane,,"Modellijn uit de catalogus (merk + eerste woord van de modelnaam), alleen voor de herkenning; niet los nagezocht. Catalogus (reference_bike_catalog.csv): 17 uitvoeringen, modeljaren 2017-2018; framemateriaal daar: carbon 11, aluminium 6. Familierij zonder nieuwprijs — de nieuwprijs verschilt per uitvoering en jaar, zie de catalogus.",,0,bike,Focus,https://www.bikezona.com/bicicletas/focus-paralane-105/35507,
"\bFuji\b.{0,20}\bAltamira\b",Fuji Altamira,,"Modellijn uit de catalogus (merk + eerste woord van de modelnaam), alleen voor de herkenning; niet los nagezocht. Catalogus (reference_bike_catalog.csv): 25 uitvoeringen, modeljaren 2012-2016; framemateriaal daar: carbon 23, onbekend 2. Familierij zonder nieuwprijs — de nieuwprijs verschilt per uitvoering en jaar, zie de catalogus.",,0,bike,Fuji,https://www.bikezona.com/bicicletas/fuji-altamira-1-1/23911,
"\bFuji\b.{0,20}\bFeather\b",Fuji Feather,,"Modellijn uit de catalogus (merk + eerste woord van de modelnaam), alleen voor de herkenning; niet los nagezocht. Catalogus (reference_bike_catalog.csv): 1 uitvoering, modeljaren 2012-2012; framemateriaal daar: onbekend 1. Familierij zonder nieuwprijs — de nieuwprijs verschilt per uitvoering en jaar, zie de catalogus.",,0,bike,Fuji,https://www.bikezona.com/bicicletas/fuji-feather/11796,
"\bFuji\b.{0,20}\bSportif\b",Fuji Sportif,,"Modellijn uit de catalogus (merk + eerste woord van de modelnaam), alleen voor de herkenning; niet los nagezocht. Catalogus (reference_bike_catalog.csv): 17 uitvoeringen, modeljaren 2014-2016; framemateriaal daar: aluminium 14, onbekend 3. Familierij zonder nieuwprijs — de nieuwprijs verschilt per uitvoering en jaar, zie de catalogus.",,0,bike,Fuji,https://www.bikezona.com/bicicletas/fuji-sportif-1-1-disc/23922,
"\bFuji\b.{0,20}\bSST\b",Fuji SST,,"Modellijn uit de catalogus (merk + eerste woord van de modelnaam), alleen voor de herkenning; niet los nagezocht. Catalogus (reference_bike_catalog.csv): 13 uitvoeringen, modeljaren 2012-2015; framemateriaal daar: carbon 13. Familierij zonder nieuwprijs — de nieuwprijs verschilt per uitvoering en jaar, zie de catalogus.",,0,bike,Fuji,https://www.bikezona.com/bicicletas/fuji-sst-1-1/21038,
"\bFuji\b.{0,20}\bSupreme\b",Fuji Supreme,,"Modellijn uit de catalogus (merk + eerste woord van de modelnaam), alleen voor de herkenning; niet los nagezocht. Catalogus (reference_bike_catalog.csv): 11 uitvoeringen, modeljaren 2012-2016; framemateriaal daar: carbon 11. Familierij zonder nieuwprijs — de nieuwprijs verschilt per uitvoering en jaar, zie de catalogus.",,0,bike,Fuji,https://www.bikezona.com/bicicletas/fuji-supreme-2-1/23914,
"\bGiant\b.{0,20}\bAvial\b",Giant Avial,,"Modellijn uit de catalogus (merk + eerste woord van de modelnaam), alleen voor de herkenning; niet los nagezocht. Catalogus (reference_bike_catalog.csv): 3 uitvoeringen, modeljaren 2014-2014; framemateriaal daar: carbon 2, aluminium 1. Familierij zonder nieuwprijs — de nieuwprijs verschilt per uitvoering en jaar, zie de catalogus.",,0,bike,Giant,https://www.bikezona.com/bicicletas/giant-avial-3/16020,
"\bGiant\b.{0,20}\bDefy\b",Giant Defy (overig),,"Defy zonder Advanced, Composite, Aluxx of een nummer 0-5 in de titel: dat kan aluminium of carbon zijn — materiaal in de advertentie controleren. Modellijn uit de catalogus (merk + eerste woord van de modelnaam), alleen voor de herkenning; niet los nagezocht. Catalogus (reference_bike_catalog.csv): 113 uitvoeringen, modeljaren 2010-2027; framemateriaal daar: carbon 89, aluminium 17, onbekend 7. Familierij zonder nieuwprijs — de nieuwprijs verschilt per uitvoering en jaar, zie de catalogus.",,0,bike,Giant,https://www.giant-bicycles.com/nl/defy-advanced-0-2027,
"\bGiant\b.{0,20}\bEnvie\b",Giant Envie,,"Modellijn uit de catalogus (merk + eerste woord van de modelnaam), alleen voor de herkenning; niet los nagezocht. Catalogus (reference_bike_catalog.csv): 12 uitvoeringen, modeljaren 2014-2017; framemateriaal daar: carbon 12. Familierij zonder nieuwprijs — de nieuwprijs verschilt per uitvoering en jaar, zie de catalogus.",,0,bike,Giant,https://www.bikezona.com/bicicletas/giant-envie-advanced-1/26877,
"\bGiant\b.{0,20}\bOmnium\b",Giant Omnium,,"Modellijn uit de catalogus (merk + eerste woord van de modelnaam), alleen voor de herkenning; niet los nagezocht. Catalogus (reference_bike_catalog.csv): 1 uitvoering, modeljaren 2014-2014; framemateriaal daar: aluminium 1. Familierij zonder nieuwprijs — de nieuwprijs verschilt per uitvoering en jaar, zie de catalogus.",,0,bike,Giant,https://www.bikezona.com/bicicletas/giant-omnium/16014,
"\bGiant\b.{0,20}\bRevolt\b",Giant Revolt,,"Modellijn uit de catalogus (merk + eerste woord van de modelnaam), alleen voor de herkenning; niet los nagezocht. Catalogus (reference_bike_catalog.csv): 1 uitvoering, modeljaren 2015-2015; framemateriaal daar: aluminium 1. Familierij zonder nieuwprijs — de nieuwprijs verschilt per uitvoering en jaar, zie de catalogus.",,0,bike,Giant,https://www.bikezona.com/bicicletas/giant-revolt/20260,
"\bGiant\b.{0,20}\bTrinity\b",Giant Trinity,,"Modellijn uit de catalogus (merk + eerste woord van de modelnaam), alleen voor de herkenning; niet los nagezocht. Catalogus (reference_bike_catalog.csv): 9 uitvoeringen, modeljaren 2013-2025; framemateriaal daar: carbon 9. Familierij zonder nieuwprijs — de nieuwprijs verschilt per uitvoering en jaar, zie de catalogus.",,0,bike,Giant,https://web.archive.org/web/20250621162841/https://www.giant-bicycles.com/nl/trinity-advanced-sl-0-2025,
"\bGT\b.{0,20}\bGrade\b",GT Grade,,"Modellijn uit de catalogus (merk + eerste woord van de modelnaam), alleen voor de herkenning; niet los nagezocht. Catalogus (reference_bike_catalog.csv): 15 uitvoeringen, modeljaren 2015-2017; framemateriaal daar: aluminium 9, carbon 6. Familierij zonder nieuwprijs — de nieuwprijs verschilt per uitvoering en jaar, zie de catalogus.",,0,bike,GT,https://www.bikezona.com/bicicletas/gt-grade-alloy-cx-force/29876,
"\bGT\b.{0,20}\bGTR\b",GT GTR,,"Modellijn uit de catalogus (merk + eerste woord van de modelnaam), alleen voor de herkenning; niet los nagezocht. Catalogus (reference_bike_catalog.csv): 23 uitvoeringen, modeljaren 2010-2014; framemateriaal daar: aluminium 16, carbon 7. Familierij zonder nieuwprijs — de nieuwprijs verschilt per uitvoering en jaar, zie de catalogus.",,0,bike,GT,https://www.bikezona.com/bicicletas/gt-gtr-series-3/17054,
"\bKTM\b.{0,20}\bRevelator\b",KTM Revelator,,"Modellijn uit de catalogus (merk + eerste woord van de modelnaam), alleen voor de herkenning; niet los nagezocht. Catalogus (reference_bike_catalog.csv): 21 uitvoeringen, modeljaren 2012-2017; framemateriaal daar: carbon 18, onbekend 3. Familierij zonder nieuwprijs — de nieuwprijs verschilt per uitvoering en jaar, zie de catalogus.",,0,bike,KTM,https://www.bikezona.com/bicicletas/ktm-revelator-3500/30288,
"\bKTM\b.{0,20}\bStrada\b",KTM Strada,,"Modellijn uit de catalogus (merk + eerste woord van de modelnaam), alleen voor de herkenning; niet los nagezocht. Catalogus (reference_bike_catalog.csv): 14 uitvoeringen, modeljaren 2012-2017; framemateriaal daar: onbekend 9, aluminium 5. Familierij zonder nieuwprijs — de nieuwprijs verschilt per uitvoering en jaar, zie de catalogus.",,0,bike,KTM,https://www.bikezona.com/bicicletas/ktm-strada-800/30276,
"\bKuota\b.{0,20}\bKhan\b",Kuota Khan,,"Modellijn uit de catalogus (merk + eerste woord van de modelnaam), alleen voor de herkenning; niet los nagezocht. Catalogus (reference_bike_catalog.csv): 1 uitvoering, modeljaren 2017-2017; framemateriaal daar: carbon 1. Familierij zonder nieuwprijs — de nieuwprijs verschilt per uitvoering en jaar, zie de catalogus.",,0,bike,Kuota,https://www.bikezona.com/bicicletas/kuota-khan-sram-e-tap/30896,
"\bKuota\b.{0,20}\bKiral\b",Kuota Kiral,,"Modellijn uit de catalogus (merk + eerste woord van de modelnaam), alleen voor de herkenning; niet los nagezocht. Catalogus (reference_bike_catalog.csv): 2 uitvoeringen, modeljaren 2017-2017; framemateriaal daar: carbon 2. Familierij zonder nieuwprijs — de nieuwprijs verschilt per uitvoering en jaar, zie de catalogus.",,0,bike,Kuota,https://www.bikezona.com/bicicletas/kuota-kiral-105-11v/30895,
"\bKuota\b.{0,20}\bKobalt\b",Kuota Kobalt,,"Modellijn uit de catalogus (merk + eerste woord van de modelnaam), alleen voor de herkenning; niet los nagezocht. Catalogus (reference_bike_catalog.csv): 2 uitvoeringen, modeljaren 2017-2017; framemateriaal daar: carbon 2. Familierij zonder nieuwprijs — de nieuwprijs verschilt per uitvoering en jaar, zie de catalogus.",,0,bike,Kuota,https://www.bikezona.com/bicicletas/kuota-kobalt-105-11v/30899,
"\bKuota\b.{0,20}\bKryon\b",Kuota Kryon,,"Modellijn uit de catalogus (merk + eerste woord van de modelnaam), alleen voor de herkenning; niet los nagezocht. Catalogus (reference_bike_catalog.csv): 2 uitvoeringen, modeljaren 2017-2017; framemateriaal daar: carbon 2. Familierij zonder nieuwprijs — de nieuwprijs verschilt per uitvoering en jaar, zie de catalogus.",,0,bike,Kuota,https://www.bikezona.com/bicicletas/kuota-kryon-disc-ultegra/30901,
"\bLapierre\b.{0,20}\bPulsium\b",Lapierre Pulsium,,"Modellijn uit de catalogus (merk + eerste woord van de modelnaam), alleen voor de herkenning; niet los nagezocht. Catalogus (reference_bike_catalog.csv): 26 uitvoeringen, modeljaren 2015-2021; framemateriaal daar: carbon 26. Familierij zonder nieuwprijs — de nieuwprijs verschilt per uitvoering en jaar, zie de catalogus.",,0,bike,Lapierre,https://www.bikezona.com/bicicletas/lapierre-pulsium-3-0/40212,
"\bLapierre\b.{0,20}\bShaper\b",Lapierre Shaper,,"Modellijn uit de catalogus (merk + eerste woord van de modelnaam), alleen voor de herkenning; niet los nagezocht. Catalogus (reference_bike_catalog.csv): 2 uitvoeringen, modeljaren 2016-2016; framemateriaal daar: aluminium 2. Familierij zonder nieuwprijs — de nieuwprijs verschilt per uitvoering en jaar, zie de catalogus.",,0,bike,Lapierre,https://www.bikezona.com/bicicletas/lapierre-shaper-200-tp/24951,
"\bMerida\b.{0,20}\bCyclo[\s-]?Cross\b",Merida Cyclo Cross,,"Modellijn uit de catalogus (merk + eerste woord van de modelnaam), alleen voor de herkenning; niet los nagezocht. Catalogus (reference_bike_catalog.csv): 3 uitvoeringen, modeljaren 2012-2012; framemateriaal daar: onbekend 3. Familierij zonder nieuwprijs — de nieuwprijs verschilt per uitvoering en jaar, zie de catalogus.",,0,bike,Merida,https://www.bikezona.com/bicicletas/merida-cyclo-cross-3-disc/12259,
"\bMerida\b.{0,20}\bWarp\b",Merida Warp,,"Modellijn uit de catalogus (merk + eerste woord van de modelnaam), alleen voor de herkenning; niet los nagezocht. Catalogus (reference_bike_catalog.csv): 1 uitvoering, modeljaren 2014-2014; framemateriaal daar: carbon 1. Familierij zonder nieuwprijs — de nieuwprijs verschilt per uitvoering en jaar, zie de catalogus.",,0,bike,Merida,https://www.bikezona.com/bicicletas/merida-warp-cf-team-e/16154,
"\bOrbea\b.{0,20}\bAqua\b",Orbea Aqua,,"Modellijn uit de catalogus (merk + eerste woord van de modelnaam), alleen voor de herkenning; niet los nagezocht. Catalogus (reference_bike_catalog.csv): 14 uitvoeringen, modeljaren 2012-2014; framemateriaal daar: onbekend 14. Familierij zonder nieuwprijs — de nieuwprijs verschilt per uitvoering en jaar, zie de catalogus.",,0,bike,Orbea,https://www.bikezona.com/bicicletas/orbea-aqua-10/15303,
"\bOrbea\b.{0,20}\bGRC\b",Orbea GRC,,"Modellijn uit de catalogus (merk + eerste woord van de modelnaam), alleen voor de herkenning; niet los nagezocht. Catalogus (reference_bike_catalog.csv): 1 uitvoering, modeljaren 2013-2013; framemateriaal daar: onbekend 1. Familierij zonder nieuwprijs — de nieuwprijs verschilt per uitvoering en jaar, zie de catalogus.",,0,bike,Orbea,https://www.bikezona.com/bicicletas/orbea-grc/14062,
"\bOrbea\b.{0,20}\bLobular\b",Orbea Lobular,,"Modellijn uit de catalogus (merk + eerste woord van de modelnaam), alleen voor de herkenning; niet los nagezocht. Catalogus (reference_bike_catalog.csv): 2 uitvoeringen, modeljaren 2012-2012; framemateriaal daar: onbekend 2. Familierij zonder nieuwprijs — de nieuwprijs verschilt per uitvoering en jaar, zie de catalogus.",,0,bike,Orbea,https://www.bikezona.com/bicicletas/orbea-lobular-tlt/11025,
"\bOrbea\b.{0,20}\bOnix\b",Orbea Onix,,"Modellijn uit de catalogus (merk + eerste woord van de modelnaam), alleen voor de herkenning; niet los nagezocht. Catalogus (reference_bike_catalog.csv): 1 uitvoering, modeljaren 2013-2013; framemateriaal daar: onbekend 1. Familierij zonder nieuwprijs — de nieuwprijs verschilt per uitvoering en jaar, zie de catalogus.",,0,bike,Orbea,https://www.bikezona.com/bicicletas/orbea-onix-t105/14065,
"\bOrbea\b.{0,20}\bTerra\b",Orbea Terra,,"Modellijn uit de catalogus (merk + eerste woord van de modelnaam), alleen voor de herkenning; niet los nagezocht. Catalogus (reference_bike_catalog.csv): 6 uitvoeringen, modeljaren 2018-2018; framemateriaal daar: onbekend 6. Familierij zonder nieuwprijs — de nieuwprijs verschilt per uitvoering en jaar, zie de catalogus.",,0,bike,Orbea,https://www.bikezona.com/bicicletas/orbea-terra-m10-d/33914,
"\bPinarello\b.{0,20}\bAngliru\b",Pinarello Angliru,,"Modellijn uit de catalogus (merk + eerste woord van de modelnaam), alleen voor de herkenning; niet los nagezocht. Catalogus (reference_bike_catalog.csv): 12 uitvoeringen, modeljaren 2016-2019; framemateriaal daar: carbon 10, onbekend 2. Familierij zonder nieuwprijs — de nieuwprijs verschilt per uitvoering en jaar, zie de catalogus.",,0,bike,Pinarello,https://www.bikezona.com/bicicletas/pinarello-angliru-disk-force-racing/37327,
"\bPinarello\b.{0,20}\bFP[\s-]?Due\b",Pinarello FP Due,,"Modellijn uit de catalogus (merk + eerste woord van de modelnaam), alleen voor de herkenning; niet los nagezocht. Catalogus (reference_bike_catalog.csv): 1 uitvoering, modeljaren 2012-2012; framemateriaal daar: onbekend 1. Familierij zonder nieuwprijs — de nieuwprijs verschilt per uitvoering en jaar, zie de catalogus.",,0,bike,Pinarello,https://www.bikezona.com/bicicletas/pinarello-fpdue-carbon/13470,
"\bPinarello\b.{0,20}\bFP[\s-]?Team\b",Pinarello FP Team,,"Modellijn uit de catalogus (merk + eerste woord van de modelnaam), alleen voor de herkenning; niet los nagezocht. Catalogus (reference_bike_catalog.csv): 5 uitvoeringen, modeljaren 2015-2015; framemateriaal daar: onbekend 5. Familierij zonder nieuwprijs — de nieuwprijs verschilt per uitvoering en jaar, zie de catalogus.",,0,bike,Pinarello,https://www.bikezona.com/bicicletas/pinarello-fpteam-105-11v-bmax/22097,
"\bPinarello\b.{0,20}\bFP[\s-]?Uno\b",Pinarello FP Uno,,"Modellijn uit de catalogus (merk + eerste woord van de modelnaam), alleen voor de herkenning; niet los nagezocht. Catalogus (reference_bike_catalog.csv): 5 uitvoeringen, modeljaren 2014-2014; framemateriaal daar: carbon 5. Familierij zonder nieuwprijs — de nieuwprijs verschilt per uitvoering en jaar, zie de catalogus.",,0,bike,Pinarello,https://www.bikezona.com/bicicletas/pinarello-fpuno/18841,
"\bPinarello\b.{0,20}\bMarvel\b",Pinarello Marvel,,"Modellijn uit de catalogus (merk + eerste woord van de modelnaam), alleen voor de herkenning; niet los nagezocht. Catalogus (reference_bike_catalog.csv): 15 uitvoeringen, modeljaren 2014-2015; framemateriaal daar: carbon 8, onbekend 7. Familierij zonder nieuwprijs — de nieuwprijs verschilt per uitvoering en jaar, zie de catalogus.",,0,bike,Pinarello,https://www.bikezona.com/bicicletas/pinarello-marvel-105-11v/22068,
"\bPinarello\b.{0,20}\bMercurio\b",Pinarello Mercurio,,"Modellijn uit de catalogus (merk + eerste woord van de modelnaam), alleen voor de herkenning; niet los nagezocht. Catalogus (reference_bike_catalog.csv): 7 uitvoeringen, modeljaren 2016-2019; framemateriaal daar: carbon 4, onbekend 3. Familierij zonder nieuwprijs — de nieuwprijs verschilt per uitvoering en jaar, zie de catalogus.",,0,bike,Pinarello,https://www.bikezona.com/bicicletas/pinarello-mercurio-disk-ultegra/37328,
"\bPinarello\b.{0,20}\bNeor\b",Pinarello Neor,,"Modellijn uit de catalogus (merk + eerste woord van de modelnaam), alleen voor de herkenning; niet los nagezocht. Catalogus (reference_bike_catalog.csv): 3 uitvoeringen, modeljaren 2014-2018; framemateriaal daar: aluminium 3. Familierij zonder nieuwprijs — de nieuwprijs verschilt per uitvoering en jaar, zie de catalogus.",,0,bike,Pinarello,https://www.bikezona.com/bicicletas/pinarello-neor-tiagra/34999,
"\bPinarello\b.{0,20}\bNero\b",Pinarello Nero,,"Modellijn uit de catalogus (merk + eerste woord van de modelnaam), alleen voor de herkenning; niet los nagezocht. Catalogus (reference_bike_catalog.csv): 2 uitvoeringen, modeljaren 2014-2016; framemateriaal daar: aluminium 2. Familierij zonder nieuwprijs — de nieuwprijs verschilt per uitvoering en jaar, zie de catalogus.",,0,bike,Pinarello,https://www.bikezona.com/bicicletas/pinarello-nero-veloce/26364,
"\bPinarello\b.{0,20}\bTrionfo\b",Pinarello Trionfo,,"Modellijn uit de catalogus (merk + eerste woord van de modelnaam), alleen voor de herkenning; niet los nagezocht. Catalogus (reference_bike_catalog.csv): 2 uitvoeringen, modeljaren 2016-2018; framemateriaal daar: aluminium 2. Familierij zonder nieuwprijs — de nieuwprijs verschilt per uitvoering en jaar, zie de catalogus.",,0,bike,Pinarello,https://www.bikezona.com/bicicletas/pinarello-trionfo-sora/35000,
"\bPinarello\b.{0,20}\bX[\s-]?Track\b",Pinarello Xtrack,,"Modellijn uit de catalogus (merk + eerste woord van de modelnaam), alleen voor de herkenning; niet los nagezocht. Catalogus (reference_bike_catalog.csv): 2 uitvoeringen, modeljaren 2016-2017; framemateriaal daar: carbon 2. Familierij zonder nieuwprijs — de nieuwprijs verschilt per uitvoering en jaar, zie de catalogus.",,0,bike,Pinarello,https://www.bikezona.com/bicicletas/pinarello-xtrack/31152,
"\bRidley\b.{0,20}\bExcalibur\b",Ridley Excalibur,,"Modellijn uit de catalogus (merk + eerste woord van de modelnaam), alleen voor de herkenning; niet los nagezocht. Catalogus (reference_bike_catalog.csv): 1 uitvoering, modeljaren 2012-2012; framemateriaal daar: onbekend 1. Familierij zonder nieuwprijs — de nieuwprijs verschilt per uitvoering en jaar, zie de catalogus.",,0,bike,Ridley,https://www.bikezona.com/bicicletas/ridley-excalibur-1206a/13533,
"\bRidley\b.{0,20}\bLIZ\b",Ridley LIZ,,"Modellijn uit de catalogus (merk + eerste woord van de modelnaam), alleen voor de herkenning; niet los nagezocht. Catalogus (reference_bike_catalog.csv): 5 uitvoeringen, modeljaren 2014-2014; framemateriaal daar: carbon 5. Familierij zonder nieuwprijs — de nieuwprijs verschilt per uitvoering en jaar, zie de catalogus.",,0,bike,Ridley,https://www.bikezona.com/bicicletas/ridley-liz-a10/19258,
"\bScott\b.{0,20}\bContessa\b",Scott Contessa,,"Modellijn uit de catalogus (merk + eerste woord van de modelnaam), alleen voor de herkenning; niet los nagezocht. Catalogus (reference_bike_catalog.csv): 56 uitvoeringen, modeljaren 2012-2022; framemateriaal daar: carbon 25, aluminium 22, onbekend 9. Familierij zonder nieuwprijs — de nieuwprijs verschilt per uitvoering en jaar, zie de catalogus.",,0,bike,Scott,https://www.bikezona.com/bicicletas/scott-contessa-addict-15/41192,
"\bScott\b.{0,20}\bMetrix\b",Scott Metrix,,"Modellijn uit de catalogus (merk + eerste woord van de modelnaam), alleen voor de herkenning; niet los nagezocht. Catalogus (reference_bike_catalog.csv): 4 uitvoeringen, modeljaren 2014-2014; framemateriaal daar: aluminium 4. Familierij zonder nieuwprijs — de nieuwprijs verschilt per uitvoering en jaar, zie de catalogus.",,0,bike,Scott,https://www.bikezona.com/bicicletas/scott-metrix-10/18469,
"\bScott\b.{0,20}\bOTG\b",Scott OTG,,"Modellijn uit de catalogus (merk + eerste woord van de modelnaam), alleen voor de herkenning; niet los nagezocht. Catalogus (reference_bike_catalog.csv): 1 uitvoering, modeljaren 2012-2012; framemateriaal daar: onbekend 1. Familierij zonder nieuwprijs — de nieuwprijs verschilt per uitvoering en jaar, zie de catalogus.",,0,bike,Scott,https://www.bikezona.com/bicicletas/scott-otg-10/12202,
"\bScott\b.{0,20}\bPlasma\b",Scott Plasma,,"Modellijn uit de catalogus (merk + eerste woord van de modelnaam), alleen voor de herkenning; niet los nagezocht. Catalogus (reference_bike_catalog.csv): 11 uitvoeringen, modeljaren 2014-2017; framemateriaal daar: onbekend 8, carbon 3. Familierij zonder nieuwprijs — de nieuwprijs verschilt per uitvoering en jaar, zie de catalogus.",,0,bike,Scott,https://www.bikezona.com/bicicletas/scott-plasma-10/27739,
"\bSensa\b.{0,20}\bAquila\b",Sensa Aquila,,"Modellijn uit de catalogus (merk + eerste woord van de modelnaam), alleen voor de herkenning; niet los nagezocht. Catalogus (reference_bike_catalog.csv): 8 uitvoeringen, modeljaren onbekend; framemateriaal daar: carbon 8. Familierij zonder nieuwprijs — de nieuwprijs verschilt per uitvoering en jaar, zie de catalogus.",,0,bike,Sensa,https://web.archive.org/web/20200924003350/https://www.sensabikes.com/bikes/road/1013/aquila-105,
"\bSensa\b.{0,20}\bToscana\b",Sensa Toscana,,"Modellijn uit de catalogus (merk + eerste woord van de modelnaam), alleen voor de herkenning; niet los nagezocht. Catalogus (reference_bike_catalog.csv): 2 uitvoeringen, modeljaren onbekend; framemateriaal daar: carbon 2. Familierij zonder nieuwprijs — de nieuwprijs verschilt per uitvoering en jaar, zie de catalogus.",,0,bike,Sensa,https://web.archive.org/web/20150302112128/http://www.sensabikes.com:80/bikes/road/196/toscana-comp,
"\b(?:Specialized|S[\s-]?Works)\b.{0,20}\bAethos\b",Specialized Aethos,,"Modellijn uit de catalogus (merk + eerste woord van de modelnaam), alleen voor de herkenning; niet los nagezocht. Catalogus (reference_bike_catalog.csv): 1 uitvoering, modeljaren 2022-2022; framemateriaal daar: carbon 1. Familierij zonder nieuwprijs — de nieuwprijs verschilt per uitvoering en jaar, zie de catalogus.",,0,bike,Specialized,https://www.bikezona.com/bicicletas/specialized-aethos-comp-rival-etap-axs/40827,
"\b(?:Specialized|S[\s-]?Works)\b.{0,20}\bLangster\b",Specialized Langster,,"Modellijn uit de catalogus (merk + eerste woord van de modelnaam), alleen voor de herkenning; niet los nagezocht. Catalogus (reference_bike_catalog.csv): 4 uitvoeringen, modeljaren 2012-2017; framemateriaal daar: aluminium 3, onbekend 1. Familierij zonder nieuwprijs — de nieuwprijs verschilt per uitvoering en jaar, zie de catalogus.",,0,bike,Specialized,https://www.bikezona.com/bicicletas/specialized-langster/27586,
"\b(?:Specialized|S[\s-]?Works)\b.{0,20}\bSequoia\b",Specialized Sequoia,,"Modellijn uit de catalogus (merk + eerste woord van de modelnaam), alleen voor de herkenning; niet los nagezocht. Catalogus (reference_bike_catalog.csv): 4 uitvoeringen, modeljaren 2017-2018; framemateriaal daar: onbekend 4. Familierij zonder nieuwprijs — de nieuwprijs verschilt per uitvoering en jaar, zie de catalogus.",,0,bike,Specialized,https://www.bikezona.com/bicicletas/specialized-sequoia/32427,
"\b(?:Specialized|S[\s-]?Works)\b.{0,20}\bTricross\b",Specialized Tricross,,"Modellijn uit de catalogus (merk + eerste woord van de modelnaam), alleen voor de herkenning; niet los nagezocht. Catalogus (reference_bike_catalog.csv): 4 uitvoeringen, modeljaren 2012-2014; framemateriaal daar: aluminium 3, onbekend 1. Familierij zonder nieuwprijs — de nieuwprijs verschilt per uitvoering en jaar, zie de catalogus.",,0,bike,Specialized,https://www.bikezona.com/bicicletas/specialized-tricross/15973,
"\bStevens\b.{0,20}\bArena\b",Stevens Arena,,"Modellijn uit de catalogus (merk + eerste woord van de modelnaam), alleen voor de herkenning; niet los nagezocht. Catalogus (reference_bike_catalog.csv): 1 uitvoering, modeljaren 2016-2016; framemateriaal daar: carbon 1. Familierij zonder nieuwprijs — de nieuwprijs verschilt per uitvoering en jaar, zie de catalogus.",,0,bike,Stevens,https://www.bikezona.com/bicicletas/stevens-arena/25801,
"\bStevens\b.{0,20}\bGhisallo\b",Stevens Ghisallo,,"Modellijn uit de catalogus (merk + eerste woord van de modelnaam), alleen voor de herkenning; niet los nagezocht. Catalogus (reference_bike_catalog.csv): 1 uitvoering, modeljaren 2014-2014; framemateriaal daar: aluminium 1. Familierij zonder nieuwprijs — de nieuwprijs verschilt per uitvoering en jaar, zie de catalogus.",,0,bike,Stevens,https://www.bikezona.com/bicicletas/stevens-ghisallo/16919,
"\bStevens\b.{0,20}\bImpala\b",Stevens Impala,,"Modellijn uit de catalogus (merk + eerste woord van de modelnaam), alleen voor de herkenning; niet los nagezocht. Catalogus (reference_bike_catalog.csv): 8 uitvoeringen, modeljaren 2011-2014; framemateriaal daar: aluminium 8. Familierij zonder nieuwprijs — de nieuwprijs verschilt per uitvoering en jaar, zie de catalogus.",,0,bike,Stevens,https://www.bikezona.com/bicicletas/stevens-impala-pro/16925,
"\bStevens\b.{0,20}\bIzoard\b",Stevens Izoard,,"Modellijn uit de catalogus (merk + eerste woord van de modelnaam), alleen voor de herkenning; niet los nagezocht. Catalogus (reference_bike_catalog.csv): 7 uitvoeringen, modeljaren 2014-2018; framemateriaal daar: carbon 7. Familierij zonder nieuwprijs — de nieuwprijs verschilt per uitvoering en jaar, zie de catalogus.",,0,bike,Stevens,https://www.bikezona.com/bicicletas/stevens-izoard/35255,
"\bStevens\b.{0,20}\bSara\b",Stevens Sara,,"Modellijn uit de catalogus (merk + eerste woord van de modelnaam), alleen voor de herkenning; niet los nagezocht. Catalogus (reference_bike_catalog.csv): 2 uitvoeringen, modeljaren 2011-2012; framemateriaal daar: carbon 2. Familierij zonder nieuwprijs — de nieuwprijs verschilt per uitvoering en jaar, zie de catalogus.",,0,bike,Stevens,https://www.bikezona.com/bicicletas/stevens-sara/10827,
"\bStevens\b.{0,20}\bSoana\b",Stevens Soana,,"Modellijn uit de catalogus (merk + eerste woord van de modelnaam), alleen voor de herkenning; niet los nagezocht. Catalogus (reference_bike_catalog.csv): 2 uitvoeringen, modeljaren 2015-2015; framemateriaal daar: aluminium 2. Familierij zonder nieuwprijs — de nieuwprijs verschilt per uitvoering en jaar, zie de catalogus.",,0,bike,Stevens,https://www.bikezona.com/bicicletas/stevens-soana-pro/21917,
"\bStevens\b.{0,20}\bSupreme\b",Stevens Supreme,,"Modellijn uit de catalogus (merk + eerste woord van de modelnaam), alleen voor de herkenning; niet los nagezocht. Catalogus (reference_bike_catalog.csv): 2 uitvoeringen, modeljaren 2014-2015; framemateriaal daar: aluminium 2. Familierij zonder nieuwprijs — de nieuwprijs verschilt per uitvoering en jaar, zie de catalogus.",,0,bike,Stevens,https://www.bikezona.com/bicicletas/stevens-supreme-disc/21904,
"\bStevens\b.{0,20}\bVantage\b",Stevens Vantage,,"Modellijn uit de catalogus (merk + eerste woord van de modelnaam), alleen voor de herkenning; niet los nagezocht. Catalogus (reference_bike_catalog.csv): 2 uitvoeringen, modeljaren 2011-2014; framemateriaal daar: carbon 2. Familierij zonder nieuwprijs — de nieuwprijs verschilt per uitvoering en jaar, zie de catalogus.",,0,bike,Stevens,https://www.bikezona.com/bicicletas/stevens-vantage/16914,
"\bStevens\b.{0,20}\bVentoux\b",Stevens Ventoux,,"Modellijn uit de catalogus (merk + eerste woord van de modelnaam), alleen voor de herkenning; niet los nagezocht. Catalogus (reference_bike_catalog.csv): 10 uitvoeringen, modeljaren 2013-2018; framemateriaal daar: carbon 10. Familierij zonder nieuwprijs — de nieuwprijs verschilt per uitvoering en jaar, zie de catalogus.",,0,bike,Stevens,https://www.bikezona.com/bicicletas/stevens-ventoux/35218,
"\bStevens\b.{0,20}\bVin?cenza\b",Stevens Vicenza,,"Modellijn uit de catalogus (merk + eerste woord van de modelnaam), alleen voor de herkenning; niet los nagezocht. Catalogus (reference_bike_catalog.csv): 2 uitvoeringen, modeljaren 2011-2012; framemateriaal daar: aluminium 2. Familierij zonder nieuwprijs — de nieuwprijs verschilt per uitvoering en jaar, zie de catalogus.",,0,bike,Stevens,https://www.bikezona.com/bicicletas/stevens-vicenza/10824,
"\bStevens\b.{0,20}\bVuelta\b",Stevens Vuelta,,"Modellijn uit de catalogus (merk + eerste woord van de modelnaam), alleen voor de herkenning; niet los nagezocht. Catalogus (reference_bike_catalog.csv): 3 uitvoeringen, modeljaren 2013-2015; framemateriaal daar: aluminium 3. Familierij zonder nieuwprijs — de nieuwprijs verschilt per uitvoering en jaar, zie de catalogus.",,0,bike,Stevens,https://www.bikezona.com/bicicletas/stevens-vuelta/21902,
"\bTime\b.{0,20}\bRXRS\b",Time RXRS,,"Modellijn uit de catalogus (merk + eerste woord van de modelnaam), alleen voor de herkenning; niet los nagezocht. Catalogus (reference_bike_catalog.csv): 1 uitvoering, modeljaren 2012-2012; framemateriaal daar: onbekend 1. Familierij zonder nieuwprijs — de nieuwprijs verschilt per uitvoering en jaar, zie de catalogus.",,0,bike,Time,https://www.bikezona.com/bicicletas/time-rxrs-ulteam-blanc-silver/13686,
"\bTime\b.{0,20}\bVRS\b",Time VRS,,"Modellijn uit de catalogus (merk + eerste woord van de modelnaam), alleen voor de herkenning; niet los nagezocht. Catalogus (reference_bike_catalog.csv): 2 uitvoeringen, modeljaren 2012-2012; framemateriaal daar: onbekend 2. Familierij zonder nieuwprijs — de nieuwprijs verschilt per uitvoering en jaar, zie de catalogus.",,0,bike,Time,https://www.bikezona.com/bicicletas/time-vrs-fluidity-blanc/13684,
"\bTrek\b.{0,20}\b520\b",Trek 520,,"Modellijn uit de catalogus (merk + eerste woord van de modelnaam), alleen voor de herkenning; niet los nagezocht. Catalogus (reference_bike_catalog.csv): 1 uitvoering, modeljaren 2016-2016; framemateriaal daar: staal 1. Familierij zonder nieuwprijs — de nieuwprijs verschilt per uitvoering en jaar, zie de catalogus.",,0,bike,Trek,https://www.bikezona.com/bicicletas/trek-520-disc/23567,
"\bTrek\b.{0,20}\b720\b",Trek 720,,"Modellijn uit de catalogus (merk + eerste woord van de modelnaam), alleen voor de herkenning; niet los nagezocht. Catalogus (reference_bike_catalog.csv): 1 uitvoering, modeljaren 2016-2016; framemateriaal daar: aluminium 1. Familierij zonder nieuwprijs — de nieuwprijs verschilt per uitvoering en jaar, zie de catalogus.",,0,bike,Trek,https://www.bikezona.com/bicicletas/trek-720-disc/23566,
"\bTrek\b.{0,20}\b920\b",Trek 920,,"Modellijn uit de catalogus (merk + eerste woord van de modelnaam), alleen voor de herkenning; niet los nagezocht. Catalogus (reference_bike_catalog.csv): 8 uitvoeringen, modeljaren 2015-2021; framemateriaal daar: aluminium 8. Familierij zonder nieuwprijs — de nieuwprijs verschilt per uitvoering en jaar, zie de catalogus.",,0,bike,Trek,https://web.archive.org/web/20200930185256/https://www.trekbikes.com/nl/nl_NL/fietsen/racefietsen/c/B200/,
"\bTrek\b.{0,20}\bCheckmate\b",Trek Checkmate,,"Modellijn uit de catalogus (merk + eerste woord van de modelnaam), alleen voor de herkenning; niet los nagezocht. Catalogus (reference_bike_catalog.csv): 5 uitvoeringen, modeljaren 2025-2026; framemateriaal daar: onbekend 5. Familierij zonder nieuwprijs — de nieuwprijs verschilt per uitvoering en jaar, zie de catalogus.",,0,bike,Trek,https://web.archive.org/web/20250719024718/https://www.trekbikes.com/nl/nl_NL/fietsen/racefietsen/gravelbikes/c/B546/?utm_source=Social&utm_medium=Meta&utm_campaign=Cataloguegravel,
"\bTrek\b.{0,20}\bCrockett\b",Trek Crockett,,"Modellijn uit de catalogus (merk + eerste woord van de modelnaam), alleen voor de herkenning; niet los nagezocht. Catalogus (reference_bike_catalog.csv): 18 uitvoeringen, modeljaren 2014-2021; framemateriaal daar: aluminium 18. Familierij zonder nieuwprijs — de nieuwprijs verschilt per uitvoering en jaar, zie de catalogus.",,0,bike,Trek,https://web.archive.org/web/20200925090753/https://www.trekbikes.com/nl/nl_NL/fietsen/racefietsen/cyclocross-fietsen/c/B240/,
"\bTrek\b.{0,20}\bCronus\b",Trek Cronus,,"Modellijn uit de catalogus (merk + eerste woord van de modelnaam), alleen voor de herkenning; niet los nagezocht. Catalogus (reference_bike_catalog.csv): 4 uitvoeringen, modeljaren 2012-2013; framemateriaal daar: carbon 4. Familierij zonder nieuwprijs — de nieuwprijs verschilt per uitvoering en jaar, zie de catalogus.",,0,bike,Trek,https://www.trekbikes.com/nl/nl_NL/c/cronus-cx-pro/a/15429/,
"\bTrek\b.{0,20}\bCross[\s-]?Rip\b",Trek CrossRip,,"Modellijn uit de catalogus (merk + eerste woord van de modelnaam), alleen voor de herkenning; niet los nagezocht. Catalogus (reference_bike_catalog.csv): 4 uitvoeringen, modeljaren 2013-2014; framemateriaal daar: aluminium 4. Familierij zonder nieuwprijs — de nieuwprijs verschilt per uitvoering en jaar, zie de catalogus.",,0,bike,Trek,https://www.trekbikes.com/nl/nl_NL/c/crossrip-comp/a/15845/,
"\bTrek\b.{0,20}\bSilque\b",Trek Silque,,"Modellijn uit de catalogus (merk + eerste woord van de modelnaam), alleen voor de herkenning; niet los nagezocht. Catalogus (reference_bike_catalog.csv): 31 uitvoeringen, modeljaren 2015-2017; framemateriaal daar: carbon 31. Familierij zonder nieuwprijs — de nieuwprijs verschilt per uitvoering en jaar, zie de catalogus.",,0,bike,Trek,https://web.archive.org/web/20160812203849/http://www.trekbikes.com:80/nl/nl_NL/fietsen/racefietsen/endurance-racefietsen/silque-dames/silque-s-4-dames/p/1440303-2017,
"\bWilier\b.{0,20}\bCento\b",Wilier Cento,,"Modellijn uit de catalogus (merk + eerste woord van de modelnaam), alleen voor de herkenning; niet los nagezocht. Catalogus (reference_bike_catalog.csv): 3 uitvoeringen, modeljaren 2012-2012; framemateriaal daar: onbekend 3. Familierij zonder nieuwprijs — de nieuwprijs verschilt per uitvoering en jaar, zie de catalogus.",,0,bike,Wilier,https://www.bikezona.com/bicicletas/wilier-cento-1/12613,
"\bWilier\b.{0,20}\bGTS\b",Wilier GTS,,"Modellijn uit de catalogus (merk + eerste woord van de modelnaam), alleen voor de herkenning; niet los nagezocht. Catalogus (reference_bike_catalog.csv): 1 uitvoering, modeljaren 2014-2014; framemateriaal daar: carbon 1. Familierij zonder nieuwprijs — de nieuwprijs verschilt per uitvoering en jaar, zie de catalogus.",,0,bike,Wilier,https://www.bikezona.com/bicicletas/wilier-gts/17754,
"\bWilier\b.{0,20}\bImperiale\b",Wilier Imperiale,,"Modellijn uit de catalogus (merk + eerste woord van de modelnaam), alleen voor de herkenning; niet los nagezocht. Catalogus (reference_bike_catalog.csv): 1 uitvoering, modeljaren 2012-2012; framemateriaal daar: onbekend 1. Familierij zonder nieuwprijs — de nieuwprijs verschilt per uitvoering en jaar, zie de catalogus.",,0,bike,Wilier,https://www.bikezona.com/bicicletas/wilier-imperiale/12620,
"\bWilier\b.{0,20}\bIzoard?\b",Wilier Izoard,,"Modellijn uit de catalogus (merk + eerste woord van de modelnaam), alleen voor de herkenning; niet los nagezocht. Catalogus (reference_bike_catalog.csv): 2 uitvoeringen, modeljaren 2012-2013; framemateriaal daar: onbekend 1, carbon 1. Familierij zonder nieuwprijs — de nieuwprijs verschilt per uitvoering en jaar, zie de catalogus.",,0,bike,Wilier,https://www.bikezona.com/bicicletas/wilier-izoar-xp/14727,
"\bWilier\b.{0,20}\bLuna\b",Wilier Luna,,"Modellijn uit de catalogus (merk + eerste woord van de modelnaam), alleen voor de herkenning; niet los nagezocht. Catalogus (reference_bike_catalog.csv): 1 uitvoering, modeljaren 2016-2016; framemateriaal daar: aluminium 1. Familierij zonder nieuwprijs — de nieuwprijs verschilt per uitvoering en jaar, zie de catalogus.",,0,bike,Wilier,https://www.bikezona.com/bicicletas/wilier-luna/26227,
"\bWilier\b.{0,20}\bStrada\b",Wilier Strada,,"Modellijn uit de catalogus (merk + eerste woord van de modelnaam), alleen voor de herkenning; niet los nagezocht. Catalogus (reference_bike_catalog.csv): 2 uitvoeringen, modeljaren 2016-2016; framemateriaal daar: staal 2. Familierij zonder nieuwprijs — de nieuwprijs verschilt per uitvoering en jaar, zie de catalogus.",,0,bike,Wilier,https://www.bikezona.com/bicicletas/wilier-strada-claris/26233,
"\bWilier\b.{0,20}\bSuper[\s-]?leggera\b",Wilier Superleggera,,"Modellijn uit de catalogus (merk + eerste woord van de modelnaam), alleen voor de herkenning; niet los nagezocht. Catalogus (reference_bike_catalog.csv): 2 uitvoeringen, modeljaren 2016-2016; framemateriaal daar: staal 2. Familierij zonder nieuwprijs — de nieuwprijs verschilt per uitvoering en jaar, zie de catalogus.",,0,bike,Wilier,https://www.bikezona.com/bicicletas/wilier-superleggera-athena/26238,
"\bWilier\b.{0,20}\bTriestina\b",Wilier Triestina,,"Modellijn uit de catalogus (merk + eerste woord van de modelnaam), alleen voor de herkenning; niet los nagezocht. Catalogus (reference_bike_catalog.csv): 1 uitvoering, modeljaren 2012-2012; framemateriaal daar: onbekend 1. Familierij zonder nieuwprijs — de nieuwprijs verschilt per uitvoering en jaar, zie de catalogus.",,0,bike,Wilier,https://www.bikezona.com/bicicletas/wilier-triestina/12623,
"\bWilier\b.{0,20}\bVelodromo\b",Wilier Velodromo,,"Modellijn uit de catalogus (merk + eerste woord van de modelnaam), alleen voor de herkenning; niet los nagezocht. Catalogus (reference_bike_catalog.csv): 2 uitvoeringen, modeljaren 2012-2012; framemateriaal daar: onbekend 2. Familierij zonder nieuwprijs — de nieuwprijs verschilt per uitvoering en jaar, zie de catalogus.",,0,bike,Wilier,https://www.bikezona.com/bicicletas/wilier-velodromo-alu/12637,
"\bWilier\b.{0,20}\bZero[\s.]?7\b",Wilier Zero.7,,"Modellijn uit de catalogus (merk + eerste woord van de modelnaam), alleen voor de herkenning; niet los nagezocht. Catalogus (reference_bike_catalog.csv): 3 uitvoeringen, modeljaren 2012-2016; framemateriaal daar: carbon 2, onbekend 1. Familierij zonder nieuwprijs — de nieuwprijs verschilt per uitvoering en jaar, zie de catalogus.",,0,bike,Wilier,https://www.bikezona.com/bicicletas/wilier-zero7-campagnolo/26030,
"\bWilier\b.{0,20}\bZero[\s.]?6\b",Wilier Zero.6,,"Modellijn uit de catalogus (merk + eerste woord van de modelnaam), alleen voor de herkenning; niet los nagezocht. Catalogus (reference_bike_catalog.csv): 1 uitvoering, modeljaren 2016-2016; framemateriaal daar: carbon 1. Familierij zonder nieuwprijs — de nieuwprijs verschilt per uitvoering en jaar, zie de catalogus.",,0,bike,Wilier,https://www.bikezona.com/bicicletas/wilier-zero6/26028,
